{"level":"info","message":"⌛ Building environment","timeElapsed":131,"timestamp":"2024-05-23T01:11:41.516Z"}
{"level":"info","message":"onRequest - WORKSPACE_URI:file:///home/dodain/workspace/wollok-dev/wollok-workspace/migracion-proyectos/pacmanBasicGame","timestamp":"2024-05-23T01:11:41.518Z"}
{"level":"info","message":"onRequest - STRONG_FILES_CHANGED:/home/dodain/workspace/wollok-dev/wollok-workspace/migracion-proyectos/pacmanBasicGame/src/example.wlk,/home/dodain/workspace/wollok-dev/wollok-workspace/migracion-proyectos/pacmanBasicGame/src/program.wpgm","timestamp":"2024-05-23T01:11:45.066Z"}
{"level":"info","message":"Removing diagnostics from /home/dodain/workspace/wollok-dev/wollok-workspace/migracion-proyectos/pacmanBasicGame/src/example.wlk","timestamp":"2024-05-23T01:11:45.366Z"}
{"level":"info","message":"Removing diagnostics from /home/dodain/workspace/wollok-dev/wollok-workspace/migracion-proyectos/pacmanBasicGame/src/program.wpgm","timestamp":"2024-05-23T01:11:45.366Z"}
{"level":"info","message":"onRequest - WORKSPACE_URI:file:///home/dodain/workspace/wollok-dev/wollok-workspace/migracion-proyectos/pacmanBasicGame","timestamp":"2024-05-23T01:11:45.369Z"}
{"level":"info","message":"onRequest - STRONG_FILES_CHANGED:/home/dodain/workspace/wollok-dev/wollok-workspace/migracion-proyectos/pacmanBasicGame/src","timestamp":"2024-05-23T01:11:47.697Z"}
{"level":"info","message":"onRequest - WORKSPACE_URI:file:///home/dodain/workspace/wollok-dev/wollok-workspace/migracion-proyectos/pacmanBasicGame","timestamp":"2024-05-23T01:11:47.834Z"}
{"level":"info","message":"Removing diagnostics from /home/dodain/workspace/wollok-dev/wollok-workspace/migracion-proyectos/pacmanBasicGame/src","timestamp":"2024-05-23T01:11:47.952Z"}
{"level":"info","message":"onRequest - STRONG_FILES_CHANGED:/home/dodain/workspace/wollok-dev/wollok-workspace/migracion-proyectos/pacmanBasicGame/workflows","timestamp":"2024-05-23T01:14:12.114Z"}
{"level":"info","message":"onRequest - WORKSPACE_URI:file:///home/dodain/workspace/wollok-dev/wollok-workspace/migracion-proyectos/pacmanBasicGame","timestamp":"2024-05-23T01:14:12.338Z"}
{"level":"info","message":"Removing diagnostics from /home/dodain/workspace/wollok-dev/wollok-workspace/migracion-proyectos/pacmanBasicGame/workflows","timestamp":"2024-05-23T01:14:12.466Z"}
{"level":"info","message":"onRequest - STRONG_FILES_CHANGED:/home/dodain/workspace/wollok-dev/wollok-workspace/migracion-proyectos/pacmanBasicGame/program.wpgm","timestamp":"2024-05-23T01:14:27.808Z"}
{"level":"info","message":"Removing diagnostics from /home/dodain/workspace/wollok-dev/wollok-workspace/migracion-proyectos/pacmanBasicGame/program.wpgm","timestamp":"2024-05-23T01:14:28.186Z"}
{"level":"info","message":"onRequest - WORKSPACE_URI:file:///home/dodain/workspace/wollok-dev/wollok-workspace/migracion-proyectos/pacmanBasicGame","timestamp":"2024-05-23T01:14:28.186Z"}
{"exitCode":0,"level":"info","message":"👾 Game executed program.pacmanGame on /home/dodain/workspace/wollok-dev/wollok-workspace/migracion-proyectos/pacmanBasicGame","timeElapsed":180121,"timestamp":"2024-05-23T01:15:03.399Z"}
{"level":"error","message":"✘ Completions for node failed: Error: [If]{75a07d} at pgmProgram.wpgm:26 exhausted all cases without a match [If]{75a07d} at pgmProgram.wpgm:26 exhausted all cases without a match","stack":"Error: [If]{75a07d} at pgmProgram.wpgm:26 exhausted all cases without a match\n    at /home/dodain/.vscode/extensions/uqbar.wollok-lsp-ide-0.3.1/node_modules/wollok-ts/dist/extensions.js:85:11\n    at completionsForNode (/home/dodain/.vscode/extensions/uqbar.wollok-lsp-ide-0.3.1/server/out/functionalities/autocomplete/node-completion.js:10:44)\n    at completeForParent (/home/dodain/.vscode/extensions/uqbar.wollok-lsp-ide-0.3.1/server/out/functionalities/autocomplete/node-completion.js:50:43)\n    at completeBody (/home/dodain/.vscode/extensions/uqbar.wollok-lsp-ide-0.3.1/server/out/functionalities/autocomplete/node-completion.js:36:62)\n    at /home/dodain/.vscode/extensions/uqbar.wollok-lsp-ide-0.3.1/node_modules/wollok-ts/dist/extensions.js:84:20\n    at completionsForNode (/home/dodain/.vscode/extensions/uqbar.wollok-lsp-ide-0.3.1/server/out/functionalities/autocomplete/node-completion.js:10:44)\n    at completeForParent (/home/dodain/.vscode/extensions/uqbar.wollok-lsp-ide-0.3.1/server/out/functionalities/autocomplete/node-completion.js:50:43)\n    at completeReference (/home/dodain/.vscode/extensions/uqbar.wollok-lsp-ide-0.3.1/server/out/functionalities/autocomplete/node-completion.js:58:135)\n    at /home/dodain/.vscode/extensions/uqbar.wollok-lsp-ide-0.3.1/node_modules/wollok-ts/dist/extensions.js:84:20\n    at completionsForNode (/home/dodain/.vscode/extensions/uqbar.wollok-lsp-ide-0.3.1/server/out/functionalities/autocomplete/node-completion.js:10:44)","timestamp":"2024-05-23T01:15:47.388Z"}
{"level":"info","message":"onRequest - completionItem/resolve","timestamp":"2024-05-23T01:15:47.729Z"}
{"level":"info","message":"onRequest - completionItem/resolve","timestamp":"2024-05-23T01:15:47.868Z"}
{"level":"info","message":"onRequest - completionItem/resolve","timestamp":"2024-05-23T01:15:47.928Z"}
{"level":"info","message":"onRequest - completionItem/resolve","timestamp":"2024-05-23T01:15:48.077Z"}
{"level":"info","message":"onRequest - completionItem/resolve","timestamp":"2024-05-23T01:15:48.130Z"}
{"level":"info","message":"onRequest - completionItem/resolve","timestamp":"2024-05-23T01:15:48.638Z"}
{"level":"info","message":"onRequest - completionItem/resolve","timestamp":"2024-05-23T01:15:48.806Z"}
{"level":"info","message":"onRequest - completionItem/resolve","timestamp":"2024-05-23T01:15:50.083Z"}
{"level":"info","message":"onRequest - completionItem/resolve","timestamp":"2024-05-23T01:15:50.219Z"}
{"level":"info","message":"onRequest - completionItem/resolve","timestamp":"2024-05-23T01:15:50.280Z"}
{"level":"info","message":"onRequest - completionItem/resolve","timestamp":"2024-05-23T01:15:50.487Z"}
{"level":"info","message":"onRequest - completionItem/resolve","timestamp":"2024-05-23T01:15:50.583Z"}
{"level":"error","message":"✘ Completions for node failed: Error: [Send]{c6a794} at pgmProgram.wpgm:27 exhausted all cases without a match [Send]{c6a794} at pgmProgram.wpgm:27 exhausted all cases without a match","stack":"Error: [Send]{c6a794} at pgmProgram.wpgm:27 exhausted all cases without a match\n    at /home/dodain/.vscode/extensions/uqbar.wollok-lsp-ide-0.3.1/node_modules/wollok-ts/dist/extensions.js:85:11\n    at completionsForNode (/home/dodain/.vscode/extensions/uqbar.wollok-lsp-ide-0.3.1/server/out/functionalities/autocomplete/node-completion.js:10:44)\n    at /home/dodain/.vscode/extensions/uqbar.wollok-lsp-ide-0.3.1/server/out/functionalities/autocomplete/autocomplete.js:22:154\n    at /home/dodain/.vscode/extensions/uqbar.wollok-lsp-ide-0.3.1/server/out/server.js:198:20\n    at /home/dodain/.vscode/extensions/uqbar.wollok-lsp-ide-0.3.1/server/node_modules/vscode-languageserver/lib/common/server.js:593:20\n    at handleRequest (/home/dodain/.vscode/extensions/uqbar.wollok-lsp-ide-0.3.1/server/node_modules/vscode-jsonrpc/lib/common/connection.js:493:41)\n    at handleMessage (/home/dodain/.vscode/extensions/uqbar.wollok-lsp-ide-0.3.1/server/node_modules/vscode-jsonrpc/lib/common/connection.js:339:13)\n    at processMessageQueue (/home/dodain/.vscode/extensions/uqbar.wollok-lsp-ide-0.3.1/server/node_modules/vscode-jsonrpc/lib/common/connection.js:362:17)\n    at Immediate._onImmediate (/home/dodain/.vscode/extensions/uqbar.wollok-lsp-ide-0.3.1/server/node_modules/vscode-jsonrpc/lib/common/connection.js:334:13)\n    at process.processImmediate (node:internal/timers:476:21)","timestamp":"2024-05-23T01:16:04.656Z"}
{"level":"error","message":"✘ Completions for node failed: Error: [If]{e82b52} at pgmProgram.wpgm:26 exhausted all cases without a match [If]{e82b52} at pgmProgram.wpgm:26 exhausted all cases without a match","stack":"Error: [If]{e82b52} at pgmProgram.wpgm:26 exhausted all cases without a match\n    at /home/dodain/.vscode/extensions/uqbar.wollok-lsp-ide-0.3.1/node_modules/wollok-ts/dist/extensions.js:85:11\n    at completionsForNode (/home/dodain/.vscode/extensions/uqbar.wollok-lsp-ide-0.3.1/server/out/functionalities/autocomplete/node-completion.js:10:44)\n    at completeForParent (/home/dodain/.vscode/extensions/uqbar.wollok-lsp-ide-0.3.1/server/out/functionalities/autocomplete/node-completion.js:50:43)\n    at completeBody (/home/dodain/.vscode/extensions/uqbar.wollok-lsp-ide-0.3.1/server/out/functionalities/autocomplete/node-completion.js:36:62)\n    at /home/dodain/.vscode/extensions/uqbar.wollok-lsp-ide-0.3.1/node_modules/wollok-ts/dist/extensions.js:84:20\n    at completionsForNode (/home/dodain/.vscode/extensions/uqbar.wollok-lsp-ide-0.3.1/server/out/functionalities/autocomplete/node-completion.js:10:44)\n    at completeForParent (/home/dodain/.vscode/extensions/uqbar.wollok-lsp-ide-0.3.1/server/out/functionalities/autocomplete/node-completion.js:50:43)\n    at completionsForNode (/home/dodain/.vscode/extensions/uqbar.wollok-lsp-ide-0.3.1/server/out/functionalities/autocomplete/node-completion.js:14:46)\n    at /home/dodain/.vscode/extensions/uqbar.wollok-lsp-ide-0.3.1/server/out/functionalities/autocomplete/autocomplete.js:22:154\n    at /home/dodain/.vscode/extensions/uqbar.wollok-lsp-ide-0.3.1/server/out/server.js:198:20","timestamp":"2024-05-23T01:16:04.657Z"}
{"level":"info","message":"onRequest - completionItem/resolve","timestamp":"2024-05-23T01:16:04.733Z"}
{"level":"error","message":"✘ Completions for node failed: Error: [Send]{b79098} at pgmProgram.wpgm:27 exhausted all cases without a match [Send]{b79098} at pgmProgram.wpgm:27 exhausted all cases without a match","stack":"Error: [Send]{b79098} at pgmProgram.wpgm:27 exhausted all cases without a match\n    at /home/dodain/.vscode/extensions/uqbar.wollok-lsp-ide-0.3.1/node_modules/wollok-ts/dist/extensions.js:85:11\n    at completionsForNode (/home/dodain/.vscode/extensions/uqbar.wollok-lsp-ide-0.3.1/server/out/functionalities/autocomplete/node-completion.js:10:44)\n    at /home/dodain/.vscode/extensions/uqbar.wollok-lsp-ide-0.3.1/server/out/functionalities/autocomplete/autocomplete.js:22:154\n    at /home/dodain/.vscode/extensions/uqbar.wollok-lsp-ide-0.3.1/server/out/server.js:198:20\n    at /home/dodain/.vscode/extensions/uqbar.wollok-lsp-ide-0.3.1/server/node_modules/vscode-languageserver/lib/common/server.js:593:20\n    at handleRequest (/home/dodain/.vscode/extensions/uqbar.wollok-lsp-ide-0.3.1/server/node_modules/vscode-jsonrpc/lib/common/connection.js:493:41)\n    at handleMessage (/home/dodain/.vscode/extensions/uqbar.wollok-lsp-ide-0.3.1/server/node_modules/vscode-jsonrpc/lib/common/connection.js:339:13)\n    at processMessageQueue (/home/dodain/.vscode/extensions/uqbar.wollok-lsp-ide-0.3.1/server/node_modules/vscode-jsonrpc/lib/common/connection.js:362:17)\n    at Immediate._onImmediate (/home/dodain/.vscode/extensions/uqbar.wollok-lsp-ide-0.3.1/server/node_modules/vscode-jsonrpc/lib/common/connection.js:334:13)\n    at process.processImmediate (node:internal/timers:476:21)","timestamp":"2024-05-23T01:16:04.805Z"}
{"level":"error","message":"✘ Completions for node failed: Error: [If]{8d8913} at pgmProgram.wpgm:26 exhausted all cases without a match [If]{8d8913} at pgmProgram.wpgm:26 exhausted all cases without a match","stack":"Error: [If]{8d8913} at pgmProgram.wpgm:26 exhausted all cases without a match\n    at /home/dodain/.vscode/extensions/uqbar.wollok-lsp-ide-0.3.1/node_modules/wollok-ts/dist/extensions.js:85:11\n    at completionsForNode (/home/dodain/.vscode/extensions/uqbar.wollok-lsp-ide-0.3.1/server/out/functionalities/autocomplete/node-completion.js:10:44)\n    at completeForParent (/home/dodain/.vscode/extensions/uqbar.wollok-lsp-ide-0.3.1/server/out/functionalities/autocomplete/node-completion.js:50:43)\n    at completeBody (/home/dodain/.vscode/extensions/uqbar.wollok-lsp-ide-0.3.1/server/out/functionalities/autocomplete/node-completion.js:36:62)\n    at /home/dodain/.vscode/extensions/uqbar.wollok-lsp-ide-0.3.1/node_modules/wollok-ts/dist/extensions.js:84:20\n    at completionsForNode (/home/dodain/.vscode/extensions/uqbar.wollok-lsp-ide-0.3.1/server/out/functionalities/autocomplete/node-completion.js:10:44)\n    at completeForParent (/home/dodain/.vscode/extensions/uqbar.wollok-lsp-ide-0.3.1/server/out/functionalities/autocomplete/node-completion.js:50:43)\n    at completionsForNode (/home/dodain/.vscode/extensions/uqbar.wollok-lsp-ide-0.3.1/server/out/functionalities/autocomplete/node-completion.js:14:46)\n    at /home/dodain/.vscode/extensions/uqbar.wollok-lsp-ide-0.3.1/server/out/functionalities/autocomplete/autocomplete.js:22:154\n    at /home/dodain/.vscode/extensions/uqbar.wollok-lsp-ide-0.3.1/server/out/server.js:198:20","timestamp":"2024-05-23T01:16:04.805Z"}
{"level":"error","message":"✘ Completions for node failed: Error: [Send]{ee24a0} at pgmProgram.wpgm:27 exhausted all cases without a match [Send]{ee24a0} at pgmProgram.wpgm:27 exhausted all cases without a match","stack":"Error: [Send]{ee24a0} at pgmProgram.wpgm:27 exhausted all cases without a match\n    at /home/dodain/.vscode/extensions/uqbar.wollok-lsp-ide-0.3.1/node_modules/wollok-ts/dist/extensions.js:85:11\n    at completionsForNode (/home/dodain/.vscode/extensions/uqbar.wollok-lsp-ide-0.3.1/server/out/functionalities/autocomplete/node-completion.js:10:44)\n    at /home/dodain/.vscode/extensions/uqbar.wollok-lsp-ide-0.3.1/server/out/functionalities/autocomplete/autocomplete.js:22:154\n    at /home/dodain/.vscode/extensions/uqbar.wollok-lsp-ide-0.3.1/server/out/server.js:198:20\n    at /home/dodain/.vscode/extensions/uqbar.wollok-lsp-ide-0.3.1/server/node_modules/vscode-languageserver/lib/common/server.js:593:20\n    at handleRequest (/home/dodain/.vscode/extensions/uqbar.wollok-lsp-ide-0.3.1/server/node_modules/vscode-jsonrpc/lib/common/connection.js:493:41)\n    at handleMessage (/home/dodain/.vscode/extensions/uqbar.wollok-lsp-ide-0.3.1/server/node_modules/vscode-jsonrpc/lib/common/connection.js:339:13)\n    at processMessageQueue (/home/dodain/.vscode/extensions/uqbar.wollok-lsp-ide-0.3.1/server/node_modules/vscode-jsonrpc/lib/common/connection.js:362:17)\n    at Immediate._onImmediate (/home/dodain/.vscode/extensions/uqbar.wollok-lsp-ide-0.3.1/server/node_modules/vscode-jsonrpc/lib/common/connection.js:334:13)\n    at process.processImmediate (node:internal/timers:476:21)","timestamp":"2024-05-23T01:16:05.054Z"}
{"level":"error","message":"✘ Completions for node failed: Error: [If]{7bf30d} at pgmProgram.wpgm:26 exhausted all cases without a match [If]{7bf30d} at pgmProgram.wpgm:26 exhausted all cases without a match","stack":"Error: [If]{7bf30d} at pgmProgram.wpgm:26 exhausted all cases without a match\n    at /home/dodain/.vscode/extensions/uqbar.wollok-lsp-ide-0.3.1/node_modules/wollok-ts/dist/extensions.js:85:11\n    at completionsForNode (/home/dodain/.vscode/extensions/uqbar.wollok-lsp-ide-0.3.1/server/out/functionalities/autocomplete/node-completion.js:10:44)\n    at completeForParent (/home/dodain/.vscode/extensions/uqbar.wollok-lsp-ide-0.3.1/server/out/functionalities/autocomplete/node-completion.js:50:43)\n    at completeBody (/home/dodain/.vscode/extensions/uqbar.wollok-lsp-ide-0.3.1/server/out/functionalities/autocomplete/node-completion.js:36:62)\n    at /home/dodain/.vscode/extensions/uqbar.wollok-lsp-ide-0.3.1/node_modules/wollok-ts/dist/extensions.js:84:20\n    at completionsForNode (/home/dodain/.vscode/extensions/uqbar.wollok-lsp-ide-0.3.1/server/out/functionalities/autocomplete/node-completion.js:10:44)\n    at completeForParent (/home/dodain/.vscode/extensions/uqbar.wollok-lsp-ide-0.3.1/server/out/functionalities/autocomplete/node-completion.js:50:43)\n    at completionsForNode (/home/dodain/.vscode/extensions/uqbar.wollok-lsp-ide-0.3.1/server/out/functionalities/autocomplete/node-completion.js:14:46)\n    at /home/dodain/.vscode/extensions/uqbar.wollok-lsp-ide-0.3.1/server/out/functionalities/autocomplete/autocomplete.js:22:154\n    at /home/dodain/.vscode/extensions/uqbar.wollok-lsp-ide-0.3.1/server/out/server.js:198:20","timestamp":"2024-05-23T01:16:05.055Z"}
{"level":"error","message":"✘ Completions for node failed: Error: [Send]{c0660d} at pgmProgram.wpgm:27 exhausted all cases without a match [Send]{c0660d} at pgmProgram.wpgm:27 exhausted all cases without a match","stack":"Error: [Send]{c0660d} at pgmProgram.wpgm:27 exhausted all cases without a match\n    at /home/dodain/.vscode/extensions/uqbar.wollok-lsp-ide-0.3.1/node_modules/wollok-ts/dist/extensions.js:85:11\n    at completionsForNode (/home/dodain/.vscode/extensions/uqbar.wollok-lsp-ide-0.3.1/server/out/functionalities/autocomplete/node-completion.js:10:44)\n    at completeForParent (/home/dodain/.vscode/extensions/uqbar.wollok-lsp-ide-0.3.1/server/out/functionalities/autocomplete/node-completion.js:50:43)\n    at completeReference (/home/dodain/.vscode/extensions/uqbar.wollok-lsp-ide-0.3.1/server/out/functionalities/autocomplete/node-completion.js:58:135)\n    at /home/dodain/.vscode/extensions/uqbar.wollok-lsp-ide-0.3.1/node_modules/wollok-ts/dist/extensions.js:84:20\n    at completionsForNode (/home/dodain/.vscode/extensions/uqbar.wollok-lsp-ide-0.3.1/server/out/functionalities/autocomplete/node-completion.js:10:44)\n    at /home/dodain/.vscode/extensions/uqbar.wollok-lsp-ide-0.3.1/server/out/functionalities/autocomplete/autocomplete.js:22:154\n    at /home/dodain/.vscode/extensions/uqbar.wollok-lsp-ide-0.3.1/server/out/server.js:198:20\n    at /home/dodain/.vscode/extensions/uqbar.wollok-lsp-ide-0.3.1/server/node_modules/vscode-languageserver/lib/common/server.js:593:20\n    at handleRequest (/home/dodain/.vscode/extensions/uqbar.wollok-lsp-ide-0.3.1/server/node_modules/vscode-jsonrpc/lib/common/connection.js:493:41)","timestamp":"2024-05-23T01:16:08.067Z"}
{"level":"error","message":"✘ Completions for node failed: Error: [If]{47d252} at pgmProgram.wpgm:26 exhausted all cases without a match [If]{47d252} at pgmProgram.wpgm:26 exhausted all cases without a match","stack":"Error: [If]{47d252} at pgmProgram.wpgm:26 exhausted all cases without a match\n    at /home/dodain/.vscode/extensions/uqbar.wollok-lsp-ide-0.3.1/node_modules/wollok-ts/dist/extensions.js:85:11\n    at completionsForNode (/home/dodain/.vscode/extensions/uqbar.wollok-lsp-ide-0.3.1/server/out/functionalities/autocomplete/node-completion.js:10:44)\n    at completeForParent (/home/dodain/.vscode/extensions/uqbar.wollok-lsp-ide-0.3.1/server/out/functionalities/autocomplete/node-completion.js:50:43)\n    at completeBody (/home/dodain/.vscode/extensions/uqbar.wollok-lsp-ide-0.3.1/server/out/functionalities/autocomplete/node-completion.js:36:62)\n    at /home/dodain/.vscode/extensions/uqbar.wollok-lsp-ide-0.3.1/node_modules/wollok-ts/dist/extensions.js:84:20\n    at completionsForNode (/home/dodain/.vscode/extensions/uqbar.wollok-lsp-ide-0.3.1/server/out/functionalities/autocomplete/node-completion.js:10:44)\n    at completeForParent (/home/dodain/.vscode/extensions/uqbar.wollok-lsp-ide-0.3.1/server/out/functionalities/autocomplete/node-completion.js:50:43)\n    at completionsForNode (/home/dodain/.vscode/extensions/uqbar.wollok-lsp-ide-0.3.1/server/out/functionalities/autocomplete/node-completion.js:14:46)\n    at completeForParent (/home/dodain/.vscode/extensions/uqbar.wollok-lsp-ide-0.3.1/server/out/functionalities/autocomplete/node-completion.js:50:43)\n    at completeReference (/home/dodain/.vscode/extensions/uqbar.wollok-lsp-ide-0.3.1/server/out/functionalities/autocomplete/node-completion.js:58:135)","timestamp":"2024-05-23T01:16:08.068Z"}
{"level":"info","message":"onRequest - completionItem/resolve","timestamp":"2024-05-23T01:16:08.198Z"}
{"level":"info","message":"onRequest - completionItem/resolve","timestamp":"2024-05-23T01:16:08.295Z"}
{"level":"info","message":"onRequest - completionItem/resolve","timestamp":"2024-05-23T01:16:08.628Z"}
{"level":"error","message":"✘ Completions for node failed: Error: [If]{22ecfe} at pgmProgram.wpgm:26 exhausted all cases without a match [If]{22ecfe} at pgmProgram.wpgm:26 exhausted all cases without a match","stack":"Error: [If]{22ecfe} at pgmProgram.wpgm:26 exhausted all cases without a match\n    at /home/dodain/.vscode/extensions/uqbar.wollok-lsp-ide-0.3.1/node_modules/wollok-ts/dist/extensions.js:85:11\n    at completionsForNode (/home/dodain/.vscode/extensions/uqbar.wollok-lsp-ide-0.3.1/server/out/functionalities/autocomplete/node-completion.js:10:44)\n    at completeForParent (/home/dodain/.vscode/extensions/uqbar.wollok-lsp-ide-0.3.1/server/out/functionalities/autocomplete/node-completion.js:50:43)\n    at completeBody (/home/dodain/.vscode/extensions/uqbar.wollok-lsp-ide-0.3.1/server/out/functionalities/autocomplete/node-completion.js:36:62)\n    at /home/dodain/.vscode/extensions/uqbar.wollok-lsp-ide-0.3.1/node_modules/wollok-ts/dist/extensions.js:84:20\n    at completionsForNode (/home/dodain/.vscode/extensions/uqbar.wollok-lsp-ide-0.3.1/server/out/functionalities/autocomplete/node-completion.js:10:44)\n    at /home/dodain/.vscode/extensions/uqbar.wollok-lsp-ide-0.3.1/server/out/functionalities/autocomplete/autocomplete.js:22:154\n    at /home/dodain/.vscode/extensions/uqbar.wollok-lsp-ide-0.3.1/server/out/server.js:198:20\n    at /home/dodain/.vscode/extensions/uqbar.wollok-lsp-ide-0.3.1/server/node_modules/vscode-languageserver/lib/common/server.js:593:20\n    at handleRequest (/home/dodain/.vscode/extensions/uqbar.wollok-lsp-ide-0.3.1/server/node_modules/vscode-jsonrpc/lib/common/connection.js:493:41)","timestamp":"2024-05-23T01:16:09.802Z"}
{"level":"info","message":"onRequest - completionItem/resolve","timestamp":"2024-05-23T01:16:09.872Z"}
{"level":"info","message":"onRequest - completionItem/resolve","timestamp":"2024-05-23T01:16:09.923Z"}
{"level":"info","message":"onRequest - completionItem/resolve","timestamp":"2024-05-23T01:16:09.980Z"}
{"level":"info","message":"onRequest - completionItem/resolve","timestamp":"2024-05-23T01:16:10.276Z"}
{"level":"info","message":"onRequest - completionItem/resolve","timestamp":"2024-05-23T01:16:10.337Z"}
{"level":"info","message":"onRequest - completionItem/resolve","timestamp":"2024-05-23T01:16:10.390Z"}
{"exitCode":"SIGHUP","level":"info","message":"👾 Game executed pgmProgram.pacmanGame on /home/dodain/workspace/wollok-dev/wollok-workspace/migracion-proyectos/pacmanBasicGame","timeElapsed":63183,"timestamp":"2024-05-23T01:16:23.909Z"}
{"exitCode":0,"level":"info","message":"👾 Game executed pgmProgram.pacmanGame on /home/dodain/workspace/wollok-dev/wollok-workspace/migracion-proyectos/pacmanBasicGame","timeElapsed":9741,"timestamp":"2024-05-23T01:16:37.092Z"}
{"level":"error","message":"✘ Completions for node failed: Error: [If]{2c8726} at pgmProgram.wpgm:27 exhausted all cases without a match [If]{2c8726} at pgmProgram.wpgm:27 exhausted all cases without a match","stack":"Error: [If]{2c8726} at pgmProgram.wpgm:27 exhausted all cases without a match\n    at /home/dodain/.vscode/extensions/uqbar.wollok-lsp-ide-0.3.1/node_modules/wollok-ts/dist/extensions.js:85:11\n    at completionsForNode (/home/dodain/.vscode/extensions/uqbar.wollok-lsp-ide-0.3.1/server/out/functionalities/autocomplete/node-completion.js:10:44)\n    at completeForParent (/home/dodain/.vscode/extensions/uqbar.wollok-lsp-ide-0.3.1/server/out/functionalities/autocomplete/node-completion.js:50:43)\n    at completeBody (/home/dodain/.vscode/extensions/uqbar.wollok-lsp-ide-0.3.1/server/out/functionalities/autocomplete/node-completion.js:36:62)\n    at /home/dodain/.vscode/extensions/uqbar.wollok-lsp-ide-0.3.1/node_modules/wollok-ts/dist/extensions.js:84:20\n    at completionsForNode (/home/dodain/.vscode/extensions/uqbar.wollok-lsp-ide-0.3.1/server/out/functionalities/autocomplete/node-completion.js:10:44)\n    at completeForParent (/home/dodain/.vscode/extensions/uqbar.wollok-lsp-ide-0.3.1/server/out/functionalities/autocomplete/node-completion.js:50:43)\n    at completeReference (/home/dodain/.vscode/extensions/uqbar.wollok-lsp-ide-0.3.1/server/out/functionalities/autocomplete/node-completion.js:58:135)\n    at /home/dodain/.vscode/extensions/uqbar.wollok-lsp-ide-0.3.1/node_modules/wollok-ts/dist/extensions.js:84:20\n    at completionsForNode (/home/dodain/.vscode/extensions/uqbar.wollok-lsp-ide-0.3.1/server/out/functionalities/autocomplete/node-completion.js:10:44)","timestamp":"2024-05-23T01:16:55.021Z"}
{"level":"info","message":"onRequest - completionItem/resolve","timestamp":"2024-05-23T01:16:55.213Z"}
{"level":"info","message":"onRequest - completionItem/resolve","timestamp":"2024-05-23T01:16:55.299Z"}
{"level":"info","message":"onRequest - completionItem/resolve","timestamp":"2024-05-23T01:16:55.388Z"}
{"level":"info","message":"onRequest - completionItem/resolve","timestamp":"2024-05-23T01:16:55.442Z"}
{"level":"info","message":"onRequest - completionItem/resolve","timestamp":"2024-05-23T01:16:55.805Z"}
{"level":"info","message":"onRequest - completionItem/resolve","timestamp":"2024-05-23T01:16:56.393Z"}
{"level":"info","message":"onRequest - completionItem/resolve","timestamp":"2024-05-23T01:16:56.725Z"}
{"level":"info","message":"onRequest - completionItem/resolve","timestamp":"2024-05-23T01:16:56.865Z"}
{"level":"info","message":"onRequest - completionItem/resolve","timestamp":"2024-05-23T01:16:57.364Z"}
{"level":"info","message":"onRequest - completionItem/resolve","timestamp":"2024-05-23T01:16:57.394Z"}
{"level":"info","message":"onRequest - completionItem/resolve","timestamp":"2024-05-23T01:16:57.424Z"}
{"level":"info","message":"onRequest - completionItem/resolve","timestamp":"2024-05-23T01:16:57.456Z"}
{"level":"info","message":"onRequest - completionItem/resolve","timestamp":"2024-05-23T01:16:57.487Z"}
{"level":"info","message":"onRequest - completionItem/resolve","timestamp":"2024-05-23T01:16:57.518Z"}
{"level":"info","message":"onRequest - completionItem/resolve","timestamp":"2024-05-23T01:16:57.548Z"}
{"level":"info","message":"onRequest - completionItem/resolve","timestamp":"2024-05-23T01:16:57.579Z"}
{"level":"info","message":"onRequest - completionItem/resolve","timestamp":"2024-05-23T01:16:57.610Z"}
{"level":"info","message":"onRequest - completionItem/resolve","timestamp":"2024-05-23T01:16:57.641Z"}
{"level":"info","message":"onRequest - completionItem/resolve","timestamp":"2024-05-23T01:16:57.672Z"}
{"level":"info","message":"onRequest - completionItem/resolve","timestamp":"2024-05-23T01:16:57.701Z"}
{"level":"info","message":"onRequest - completionItem/resolve","timestamp":"2024-05-23T01:16:57.731Z"}
{"level":"info","message":"onRequest - completionItem/resolve","timestamp":"2024-05-23T01:16:57.910Z"}
{"level":"info","message":"onRequest - completionItem/resolve","timestamp":"2024-05-23T01:16:58.095Z"}
{"level":"info","message":"onRequest - completionItem/resolve","timestamp":"2024-05-23T01:16:58.246Z"}
{"level":"info","message":"onRequest - completionItem/resolve","timestamp":"2024-05-23T01:16:58.420Z"}
{"level":"info","message":"onRequest - completionItem/resolve","timestamp":"2024-05-23T01:16:59.561Z"}
{"level":"info","message":"onRequest - completionItem/resolve","timestamp":"2024-05-23T01:16:59.722Z"}
{"level":"info","message":"onRequest - completionItem/resolve","timestamp":"2024-05-23T01:16:59.890Z"}
{"level":"info","message":"onRequest - completionItem/resolve","timestamp":"2024-05-23T01:17:03.107Z"}
{"level":"info","message":"onRequest - completionItem/resolve","timestamp":"2024-05-23T01:17:03.278Z"}
{"level":"info","message":"onRequest - completionItem/resolve","timestamp":"2024-05-23T01:17:03.444Z"}
{"level":"info","message":"onRequest - completionItem/resolve","timestamp":"2024-05-23T01:17:03.613Z"}
{"level":"info","message":"onRequest - completionItem/resolve","timestamp":"2024-05-23T01:17:03.785Z"}
{"level":"info","message":"onRequest - completionItem/resolve","timestamp":"2024-05-23T01:17:03.956Z"}
{"level":"info","message":"onRequest - completionItem/resolve","timestamp":"2024-05-23T01:17:04.125Z"}
{"level":"info","message":"onRequest - completionItem/resolve","timestamp":"2024-05-23T01:17:04.298Z"}
{"level":"info","message":"onRequest - completionItem/resolve","timestamp":"2024-05-23T01:17:04.464Z"}
{"level":"info","message":"onRequest - completionItem/resolve","timestamp":"2024-05-23T01:17:04.645Z"}
{"level":"info","message":"onRequest - completionItem/resolve","timestamp":"2024-05-23T01:17:04.811Z"}
{"level":"info","message":"onRequest - completionItem/resolve","timestamp":"2024-05-23T01:17:05.007Z"}
{"level":"info","message":"onRequest - completionItem/resolve","timestamp":"2024-05-23T01:17:05.176Z"}
{"level":"info","message":"onRequest - completionItem/resolve","timestamp":"2024-05-23T01:17:05.338Z"}
{"level":"info","message":"onRequest - completionItem/resolve","timestamp":"2024-05-23T01:17:05.510Z"}
{"level":"info","message":"onRequest - completionItem/resolve","timestamp":"2024-05-23T01:17:05.686Z"}
{"level":"info","message":"onRequest - completionItem/resolve","timestamp":"2024-05-23T01:17:05.857Z"}
{"level":"info","message":"onRequest - completionItem/resolve","timestamp":"2024-05-23T01:17:06.029Z"}
{"level":"info","message":"onRequest - completionItem/resolve","timestamp":"2024-05-23T01:17:06.203Z"}
{"level":"info","message":"onRequest - completionItem/resolve","timestamp":"2024-05-23T01:17:06.387Z"}
{"level":"info","message":"onRequest - completionItem/resolve","timestamp":"2024-05-23T01:17:06.568Z"}
{"level":"info","message":"onRequest - completionItem/resolve","timestamp":"2024-05-23T01:17:06.755Z"}
{"level":"info","message":"onRequest - completionItem/resolve","timestamp":"2024-05-23T01:17:06.963Z"}
{"level":"info","message":"onRequest - completionItem/resolve","timestamp":"2024-05-23T01:17:07.168Z"}
{"level":"info","message":"onRequest - completionItem/resolve","timestamp":"2024-05-23T01:17:07.387Z"}
{"level":"info","message":"onRequest - completionItem/resolve","timestamp":"2024-05-23T01:17:07.542Z"}
{"level":"info","message":"onRequest - completionItem/resolve","timestamp":"2024-05-23T01:17:08.042Z"}
{"level":"info","message":"onRequest - completionItem/resolve","timestamp":"2024-05-23T01:17:08.073Z"}
{"level":"info","message":"onRequest - completionItem/resolve","timestamp":"2024-05-23T01:17:08.105Z"}
{"level":"info","message":"onRequest - completionItem/resolve","timestamp":"2024-05-23T01:17:08.136Z"}
{"level":"info","message":"onRequest - completionItem/resolve","timestamp":"2024-05-23T01:17:08.166Z"}
{"level":"info","message":"onRequest - completionItem/resolve","timestamp":"2024-05-23T01:17:08.195Z"}
{"level":"info","message":"onRequest - completionItem/resolve","timestamp":"2024-05-23T01:17:08.224Z"}
{"level":"info","message":"onRequest - completionItem/resolve","timestamp":"2024-05-23T01:17:08.266Z"}
{"level":"info","message":"onRequest - completionItem/resolve","timestamp":"2024-05-23T01:17:08.287Z"}
{"level":"info","message":"onRequest - completionItem/resolve","timestamp":"2024-05-23T01:17:08.316Z"}
{"level":"info","message":"onRequest - completionItem/resolve","timestamp":"2024-05-23T01:17:08.349Z"}
{"level":"info","message":"onRequest - completionItem/resolve","timestamp":"2024-05-23T01:17:08.376Z"}
{"level":"info","message":"onRequest - completionItem/resolve","timestamp":"2024-05-23T01:17:08.407Z"}
{"level":"info","message":"onRequest - completionItem/resolve","timestamp":"2024-05-23T01:17:08.440Z"}
{"level":"info","message":"onRequest - completionItem/resolve","timestamp":"2024-05-23T01:17:08.470Z"}
{"level":"info","message":"onRequest - completionItem/resolve","timestamp":"2024-05-23T01:17:08.501Z"}
{"level":"info","message":"onRequest - completionItem/resolve","timestamp":"2024-05-23T01:17:08.530Z"}
{"level":"info","message":"onRequest - completionItem/resolve","timestamp":"2024-05-23T01:17:08.560Z"}
{"level":"info","message":"onRequest - completionItem/resolve","timestamp":"2024-05-23T01:17:08.824Z"}
{"level":"info","message":"onRequest - completionItem/resolve","timestamp":"2024-05-23T01:17:09.696Z"}
{"level":"info","message":"onRequest - completionItem/resolve","timestamp":"2024-05-23T01:17:10.197Z"}
{"level":"info","message":"onRequest - completionItem/resolve","timestamp":"2024-05-23T01:17:10.226Z"}
{"level":"info","message":"onRequest - completionItem/resolve","timestamp":"2024-05-23T01:17:10.256Z"}
{"level":"info","message":"onRequest - completionItem/resolve","timestamp":"2024-05-23T01:17:10.285Z"}
{"level":"info","message":"onRequest - completionItem/resolve","timestamp":"2024-05-23T01:17:10.316Z"}
{"level":"info","message":"onRequest - completionItem/resolve","timestamp":"2024-05-23T01:17:10.347Z"}
{"level":"info","message":"onRequest - completionItem/resolve","timestamp":"2024-05-23T01:17:10.376Z"}
{"level":"info","message":"onRequest - completionItem/resolve","timestamp":"2024-05-23T01:17:10.740Z"}
{"level":"info","message":"onRequest - completionItem/resolve","timestamp":"2024-05-23T01:17:10.876Z"}
{"level":"info","message":"onRequest - completionItem/resolve","timestamp":"2024-05-23T01:17:11.396Z"}
{"level":"info","message":"onRequest - completionItem/resolve","timestamp":"2024-05-23T01:17:11.896Z"}
{"level":"info","message":"onRequest - completionItem/resolve","timestamp":"2024-05-23T01:17:11.927Z"}
{"level":"info","message":"onRequest - completionItem/resolve","timestamp":"2024-05-23T01:17:11.957Z"}
{"level":"info","message":"onRequest - completionItem/resolve","timestamp":"2024-05-23T01:17:11.988Z"}
{"level":"info","message":"onRequest - completionItem/resolve","timestamp":"2024-05-23T01:17:12.019Z"}
{"level":"info","message":"onRequest - completionItem/resolve","timestamp":"2024-05-23T01:17:12.055Z"}
{"level":"info","message":"onRequest - completionItem/resolve","timestamp":"2024-05-23T01:17:12.078Z"}
{"level":"info","message":"onRequest - completionItem/resolve","timestamp":"2024-05-23T01:17:12.109Z"}
{"level":"info","message":"onRequest - completionItem/resolve","timestamp":"2024-05-23T01:17:12.142Z"}
{"level":"info","message":"onRequest - completionItem/resolve","timestamp":"2024-05-23T01:17:12.172Z"}
{"level":"info","message":"onRequest - completionItem/resolve","timestamp":"2024-05-23T01:17:12.203Z"}
{"level":"info","message":"onRequest - completionItem/resolve","timestamp":"2024-05-23T01:17:12.234Z"}
{"level":"info","message":"onRequest - completionItem/resolve","timestamp":"2024-05-23T01:17:12.264Z"}
{"level":"info","message":"onRequest - completionItem/resolve","timestamp":"2024-05-23T01:17:12.294Z"}
{"level":"info","message":"onRequest - completionItem/resolve","timestamp":"2024-05-23T01:17:12.323Z"}
{"level":"info","message":"onRequest - completionItem/resolve","timestamp":"2024-05-23T01:17:12.373Z"}
{"level":"info","message":"onRequest - completionItem/resolve","timestamp":"2024-05-23T01:17:12.383Z"}
{"level":"info","message":"onRequest - completionItem/resolve","timestamp":"2024-05-23T01:17:12.414Z"}
{"level":"info","message":"onRequest - completionItem/resolve","timestamp":"2024-05-23T01:17:12.445Z"}
{"level":"info","message":"onRequest - completionItem/resolve","timestamp":"2024-05-23T01:17:12.476Z"}
{"level":"info","message":"onRequest - completionItem/resolve","timestamp":"2024-05-23T01:17:12.506Z"}
{"level":"info","message":"onRequest - completionItem/resolve","timestamp":"2024-05-23T01:17:12.537Z"}
{"level":"info","message":"onRequest - completionItem/resolve","timestamp":"2024-05-23T01:17:12.575Z"}
{"level":"info","message":"onRequest - completionItem/resolve","timestamp":"2024-05-23T01:17:12.596Z"}
{"level":"info","message":"onRequest - completionItem/resolve","timestamp":"2024-05-23T01:17:12.635Z"}
{"level":"info","message":"onRequest - completionItem/resolve","timestamp":"2024-05-23T01:17:12.672Z"}
{"level":"info","message":"onRequest - completionItem/resolve","timestamp":"2024-05-23T01:17:12.710Z"}
{"level":"info","message":"onRequest - completionItem/resolve","timestamp":"2024-05-23T01:17:12.719Z"}
{"level":"info","message":"onRequest - completionItem/resolve","timestamp":"2024-05-23T01:17:12.750Z"}
{"level":"info","message":"onRequest - completionItem/resolve","timestamp":"2024-05-23T01:17:12.787Z"}
{"level":"info","message":"onRequest - completionItem/resolve","timestamp":"2024-05-23T01:17:12.811Z"}
{"level":"info","message":"onRequest - completionItem/resolve","timestamp":"2024-05-23T01:17:12.997Z"}
{"level":"info","message":"onRequest - completionItem/resolve","timestamp":"2024-05-23T01:17:13.498Z"}
{"level":"info","message":"onRequest - completionItem/resolve","timestamp":"2024-05-23T01:17:13.527Z"}
{"level":"info","message":"onRequest - completionItem/resolve","timestamp":"2024-05-23T01:17:13.558Z"}
{"level":"info","message":"onRequest - completionItem/resolve","timestamp":"2024-05-23T01:17:13.588Z"}
{"level":"info","message":"onRequest - completionItem/resolve","timestamp":"2024-05-23T01:17:13.618Z"}
{"level":"info","message":"onRequest - completionItem/resolve","timestamp":"2024-05-23T01:17:13.650Z"}
{"level":"info","message":"onRequest - completionItem/resolve","timestamp":"2024-05-23T01:17:13.679Z"}
{"level":"info","message":"onRequest - completionItem/resolve","timestamp":"2024-05-23T01:17:13.708Z"}
{"level":"info","message":"onRequest - completionItem/resolve","timestamp":"2024-05-23T01:17:13.739Z"}
{"level":"info","message":"onRequest - completionItem/resolve","timestamp":"2024-05-23T01:17:13.770Z"}
{"level":"info","message":"onRequest - completionItem/resolve","timestamp":"2024-05-23T01:17:13.801Z"}
{"level":"info","message":"onRequest - completionItem/resolve","timestamp":"2024-05-23T01:17:13.832Z"}
{"level":"info","message":"onRequest - completionItem/resolve","timestamp":"2024-05-23T01:17:13.862Z"}
{"level":"info","message":"onRequest - completionItem/resolve","timestamp":"2024-05-23T01:17:13.892Z"}
{"level":"info","message":"onRequest - completionItem/resolve","timestamp":"2024-05-23T01:17:13.922Z"}
{"level":"info","message":"onRequest - completionItem/resolve","timestamp":"2024-05-23T01:17:13.951Z"}
{"level":"info","message":"onRequest - completionItem/resolve","timestamp":"2024-05-23T01:17:13.981Z"}
{"level":"info","message":"onRequest - completionItem/resolve","timestamp":"2024-05-23T01:17:14.012Z"}
{"level":"info","message":"onRequest - completionItem/resolve","timestamp":"2024-05-23T01:17:14.042Z"}
{"level":"info","message":"onRequest - completionItem/resolve","timestamp":"2024-05-23T01:17:14.072Z"}
{"level":"info","message":"onRequest - completionItem/resolve","timestamp":"2024-05-23T01:17:14.103Z"}
{"level":"info","message":"onRequest - completionItem/resolve","timestamp":"2024-05-23T01:17:14.134Z"}
{"level":"info","message":"onRequest - completionItem/resolve","timestamp":"2024-05-23T01:17:14.164Z"}
{"level":"info","message":"onRequest - completionItem/resolve","timestamp":"2024-05-23T01:17:14.193Z"}
{"level":"info","message":"onRequest - completionItem/resolve","timestamp":"2024-05-23T01:17:14.225Z"}
{"level":"info","message":"onRequest - completionItem/resolve","timestamp":"2024-05-23T01:17:14.256Z"}
{"level":"info","message":"onRequest - completionItem/resolve","timestamp":"2024-05-23T01:17:14.453Z"}
{"level":"info","message":"onRequest - completionItem/resolve","timestamp":"2024-05-23T01:17:14.951Z"}
{"level":"info","message":"onRequest - completionItem/resolve","timestamp":"2024-05-23T01:17:14.981Z"}
{"level":"info","message":"onRequest - completionItem/resolve","timestamp":"2024-05-23T01:17:15.012Z"}
{"level":"info","message":"onRequest - completionItem/resolve","timestamp":"2024-05-23T01:17:15.041Z"}
{"level":"info","message":"onRequest - completionItem/resolve","timestamp":"2024-05-23T01:17:15.071Z"}
{"level":"info","message":"onRequest - completionItem/resolve","timestamp":"2024-05-23T01:17:15.103Z"}
{"level":"info","message":"onRequest - completionItem/resolve","timestamp":"2024-05-23T01:17:15.134Z"}
{"level":"info","message":"onRequest - completionItem/resolve","timestamp":"2024-05-23T01:17:15.165Z"}
{"level":"info","message":"onRequest - completionItem/resolve","timestamp":"2024-05-23T01:17:15.196Z"}
{"level":"info","message":"onRequest - completionItem/resolve","timestamp":"2024-05-23T01:17:15.226Z"}
{"level":"info","message":"onRequest - completionItem/resolve","timestamp":"2024-05-23T01:17:15.255Z"}
{"level":"info","message":"onRequest - completionItem/resolve","timestamp":"2024-05-23T01:17:15.284Z"}
{"level":"info","message":"onRequest - completionItem/resolve","timestamp":"2024-05-23T01:17:15.315Z"}
{"level":"info","message":"onRequest - completionItem/resolve","timestamp":"2024-05-23T01:17:15.346Z"}
{"level":"info","message":"onRequest - completionItem/resolve","timestamp":"2024-05-23T01:17:15.374Z"}
{"level":"info","message":"onRequest - completionItem/resolve","timestamp":"2024-05-23T01:17:15.404Z"}
{"level":"info","message":"onRequest - completionItem/resolve","timestamp":"2024-05-23T01:17:15.436Z"}
{"level":"info","message":"onRequest - completionItem/resolve","timestamp":"2024-05-23T01:17:15.464Z"}
{"level":"info","message":"onRequest - completionItem/resolve","timestamp":"2024-05-23T01:17:15.497Z"}
{"level":"info","message":"onRequest - completionItem/resolve","timestamp":"2024-05-23T01:17:15.529Z"}
{"level":"info","message":"onRequest - completionItem/resolve","timestamp":"2024-05-23T01:17:15.558Z"}
{"level":"info","message":"onRequest - completionItem/resolve","timestamp":"2024-05-23T01:17:15.617Z"}
{"level":"info","message":"onRequest - completionItem/resolve","timestamp":"2024-05-23T01:17:15.622Z"}
{"level":"info","message":"onRequest - completionItem/resolve","timestamp":"2024-05-23T01:17:15.649Z"}
{"level":"info","message":"onRequest - completionItem/resolve","timestamp":"2024-05-23T01:17:15.679Z"}
{"level":"info","message":"onRequest - completionItem/resolve","timestamp":"2024-05-23T01:17:15.710Z"}
{"level":"info","message":"onRequest - completionItem/resolve","timestamp":"2024-05-23T01:17:15.740Z"}
{"level":"info","message":"onRequest - completionItem/resolve","timestamp":"2024-05-23T01:17:15.770Z"}
{"level":"info","message":"onRequest - completionItem/resolve","timestamp":"2024-05-23T01:17:15.800Z"}
{"level":"info","message":"onRequest - completionItem/resolve","timestamp":"2024-05-23T01:17:15.834Z"}
{"level":"info","message":"onRequest - completionItem/resolve","timestamp":"2024-05-23T01:17:15.863Z"}
{"level":"info","message":"onRequest - completionItem/resolve","timestamp":"2024-05-23T01:17:15.892Z"}
{"level":"info","message":"onRequest - completionItem/resolve","timestamp":"2024-05-23T01:17:15.923Z"}
{"level":"info","message":"onRequest - completionItem/resolve","timestamp":"2024-05-23T01:17:15.951Z"}
{"level":"info","message":"onRequest - completionItem/resolve","timestamp":"2024-05-23T01:17:15.983Z"}
{"level":"info","message":"onRequest - completionItem/resolve","timestamp":"2024-05-23T01:17:16.015Z"}
{"level":"info","message":"onRequest - completionItem/resolve","timestamp":"2024-05-23T01:17:16.045Z"}
{"level":"info","message":"onRequest - completionItem/resolve","timestamp":"2024-05-23T01:17:16.073Z"}
{"level":"info","message":"onRequest - completionItem/resolve","timestamp":"2024-05-23T01:17:16.103Z"}
{"level":"info","message":"onRequest - completionItem/resolve","timestamp":"2024-05-23T01:17:16.134Z"}
{"level":"info","message":"onRequest - completionItem/resolve","timestamp":"2024-05-23T01:17:16.164Z"}
{"level":"info","message":"onRequest - completionItem/resolve","timestamp":"2024-05-23T01:17:16.194Z"}
{"level":"info","message":"onRequest - completionItem/resolve","timestamp":"2024-05-23T01:17:16.224Z"}
{"level":"info","message":"onRequest - completionItem/resolve","timestamp":"2024-05-23T01:17:16.254Z"}
{"level":"info","message":"onRequest - completionItem/resolve","timestamp":"2024-05-23T01:17:16.285Z"}
{"level":"info","message":"onRequest - completionItem/resolve","timestamp":"2024-05-23T01:17:16.316Z"}
{"level":"info","message":"onRequest - completionItem/resolve","timestamp":"2024-05-23T01:17:16.347Z"}
{"level":"info","message":"onRequest - completionItem/resolve","timestamp":"2024-05-23T01:17:16.375Z"}
{"level":"info","message":"onRequest - completionItem/resolve","timestamp":"2024-05-23T01:17:16.405Z"}
{"level":"info","message":"onRequest - completionItem/resolve","timestamp":"2024-05-23T01:17:16.441Z"}
{"level":"info","message":"onRequest - completionItem/resolve","timestamp":"2024-05-23T01:17:16.468Z"}
{"level":"info","message":"onRequest - completionItem/resolve","timestamp":"2024-05-23T01:17:16.495Z"}
{"level":"info","message":"onRequest - completionItem/resolve","timestamp":"2024-05-23T01:17:16.526Z"}
{"level":"info","message":"onRequest - completionItem/resolve","timestamp":"2024-05-23T01:17:16.555Z"}
{"level":"info","message":"onRequest - completionItem/resolve","timestamp":"2024-05-23T01:17:16.585Z"}
{"level":"info","message":"onRequest - completionItem/resolve","timestamp":"2024-05-23T01:17:16.615Z"}
{"level":"info","message":"onRequest - completionItem/resolve","timestamp":"2024-05-23T01:17:16.645Z"}
{"level":"info","message":"onRequest - completionItem/resolve","timestamp":"2024-05-23T01:17:16.677Z"}
{"level":"info","message":"onRequest - completionItem/resolve","timestamp":"2024-05-23T01:17:16.708Z"}
{"level":"info","message":"onRequest - completionItem/resolve","timestamp":"2024-05-23T01:17:16.738Z"}
{"level":"info","message":"onRequest - completionItem/resolve","timestamp":"2024-05-23T01:17:16.768Z"}
{"level":"info","message":"onRequest - completionItem/resolve","timestamp":"2024-05-23T01:17:16.798Z"}
{"level":"info","message":"onRequest - completionItem/resolve","timestamp":"2024-05-23T01:17:16.828Z"}
{"level":"info","message":"onRequest - completionItem/resolve","timestamp":"2024-05-23T01:17:16.871Z"}
{"level":"info","message":"onRequest - completionItem/resolve","timestamp":"2024-05-23T01:17:16.891Z"}
{"level":"info","message":"onRequest - completionItem/resolve","timestamp":"2024-05-23T01:17:16.924Z"}
{"level":"info","message":"onRequest - completionItem/resolve","timestamp":"2024-05-23T01:17:16.952Z"}
{"level":"info","message":"onRequest - completionItem/resolve","timestamp":"2024-05-23T01:17:16.983Z"}
{"level":"info","message":"onRequest - completionItem/resolve","timestamp":"2024-05-23T01:17:17.013Z"}
{"level":"info","message":"onRequest - completionItem/resolve","timestamp":"2024-05-23T01:17:18.357Z"}
{"level":"info","message":"onRequest - completionItem/resolve","timestamp":"2024-05-23T01:17:18.555Z"}
{"level":"info","message":"onRequest - completionItem/resolve","timestamp":"2024-05-23T01:17:20.879Z"}
{"level":"info","message":"onRequest - completionItem/resolve","timestamp":"2024-05-23T01:17:21.070Z"}
{"level":"info","message":"onRequest - completionItem/resolve","timestamp":"2024-05-23T01:17:21.234Z"}
{"exitCode":0,"level":"info","message":"👾 Game executed pgmProgram.pacmanGame on /home/dodain/workspace/wollok-dev/wollok-workspace/migracion-proyectos/pacmanBasicGame","timeElapsed":14570,"timestamp":"2024-05-23T01:17:59.473Z"}
{"exitCode":0,"level":"info","message":"👾 Game executed pgmProgram.pacmanGame on /home/dodain/workspace/wollok-dev/wollok-workspace/migracion-proyectos/pacmanBasicGame","timeElapsed":14187,"timestamp":"2024-05-23T01:18:28.756Z"}
{"exitCode":0,"level":"info","message":"👾 Game executed pgmProgram.pacmanGame on /home/dodain/workspace/wollok-dev/wollok-workspace/migracion-proyectos/pacmanBasicGame","timeElapsed":17239,"timestamp":"2024-05-23T01:26:22.364Z"}
{"exitCode":0,"level":"info","message":"👾 Game executed pgmProgram.pacmanGame on /home/dodain/workspace/wollok-dev/wollok-workspace/migracion-proyectos/pacmanBasicGame","timeElapsed":12994,"timestamp":"2024-05-23T01:26:41.557Z"}
{"level":"info","message":"⌛ Building environment","timeElapsed":182,"timestamp":"2024-05-24T00:27:32.394Z"}
{"level":"info","message":"onRequest - WORKSPACE_URI:file:///home/dodain/workspace/wollok-dev/wollok-workspace/migracion-proyectos/pacmanBasicGame","timestamp":"2024-05-24T00:27:32.396Z"}
{"level":"info","message":"⌛ Building environment","timeElapsed":106,"timestamp":"2024-05-24T00:27:32.503Z"}
{"exitCode":0,"level":"info","message":"👾 Game executed pgmProgram.pacmanGame on /home/dodain/workspace/wollok-dev/wollok-workspace/migracion-proyectos/pacmanBasicGame","timeElapsed":209749,"timestamp":"2024-05-24T00:31:06.098Z"}
{"level":"info","message":"onRequest - STRONG_FILES_CHANGED:/home/dodain/workspace/wollok-dev/wollok-workspace/migracion-proyectos/pacmanBasicGame/videos/demo.gif","timestamp":"2024-05-24T00:31:26.245Z"}
{"level":"info","message":"onRequest - WORKSPACE_URI:file:///home/dodain/workspace/wollok-dev/wollok-workspace/migracion-proyectos/pacmanBasicGame","timestamp":"2024-05-24T00:31:26.421Z"}
{"level":"info","message":"Removing diagnostics from /home/dodain/workspace/wollok-dev/wollok-workspace/migracion-proyectos/pacmanBasicGame/videos/demo.gif","timestamp":"2024-05-24T00:31:26.557Z"}
{"level":"info","message":"⌛ Building environment","timeElapsed":151,"timestamp":"2025-09-13T13:28:06.030Z"}
{"level":"info","message":"⌛ Validating example.wlk","timeElapsed":108,"timestamp":"2025-09-13T13:31:42.454Z"}
{"level":"info","message":"⌛ Validating example.wlk","timeElapsed":108,"timestamp":"2025-09-13T13:35:20.961Z"}
{"level":"info","message":"⌛ Building environment","timeElapsed":173,"timestamp":"2025-09-13T13:35:21.260Z"}
{"level":"info","message":"⌛ Validating example.wlk","timeElapsed":124,"timestamp":"2025-09-13T13:35:28.806Z"}
{"level":"info","message":"⌛ Building environment","timeElapsed":172,"timestamp":"2025-09-13T13:38:14.585Z"}
{"level":"info","message":"⌛ Autocomplete - Reference","timeElapsed":108,"timestamp":"2025-09-13T13:38:14.708Z"}
{"level":"info","message":"⌛ Validating example.wlk","timeElapsed":214,"timestamp":"2025-09-13T13:38:14.923Z"}
{"level":"info","message":"⌛ Building environment","timeElapsed":175,"timestamp":"2025-09-13T13:38:15.100Z"}
{"level":"info","message":"⌛ Building environment","timeElapsed":145,"timestamp":"2025-09-13T13:38:15.246Z"}
{"level":"info","message":"⌛ Validating example.wlk","timeElapsed":245,"timestamp":"2025-09-13T13:38:15.767Z"}
{"level":"info","message":"⌛ Validating example.wlk","timeElapsed":107,"timestamp":"2025-09-13T13:38:20.658Z"}
{"level":"info","message":"⌛ Building environment","timeElapsed":101,"timestamp":"2025-09-13T13:38:21.380Z"}
{"level":"error","message":"✘ Completions for node Self ([15:19, 15:23] - example.wlk) failed: Error: [Self]{291d78} at example.wlk:15 exhausted all cases without a match [Self]{291d78} at example.wlk:15 exhausted all cases without a match","stack":"Error: [Self]{291d78} at example.wlk:15 exhausted all cases without a match\n    at c:\\Users\\maval\\Downloads\\Agus\\VSCode-win32-x64-1.103.2\\data\\extensions\\uqbar.wollok-lsp-ide-0.5.3\\out\\server\\src\\server.js:38:6142\n    at D2 (c:\\Users\\maval\\Downloads\\Agus\\VSCode-win32-x64-1.103.2\\data\\extensions\\uqbar.wollok-lsp-ide-0.5.3\\out\\server\\src\\server.js:2384:42)\n    at c:\\Users\\maval\\Downloads\\Agus\\VSCode-win32-x64-1.103.2\\data\\extensions\\uqbar.wollok-lsp-ide-0.5.3\\out\\server\\src\\server.js:2384:2988\n    at c:\\Users\\maval\\Downloads\\Agus\\VSCode-win32-x64-1.103.2\\data\\extensions\\uqbar.wollok-lsp-ide-0.5.3\\out\\server\\src\\server.js:2393:8440\n    at c:\\Users\\maval\\Downloads\\Agus\\VSCode-win32-x64-1.103.2\\data\\extensions\\uqbar.wollok-lsp-ide-0.5.3\\out\\server\\src\\server.js:37:74872\n    at Ye (c:\\Users\\maval\\Downloads\\Agus\\VSCode-win32-x64-1.103.2\\data\\extensions\\uqbar.wollok-lsp-ide-0.5.3\\out\\server\\src\\server.js:7:8527)\n    at qt (c:\\Users\\maval\\Downloads\\Agus\\VSCode-win32-x64-1.103.2\\data\\extensions\\uqbar.wollok-lsp-ide-0.5.3\\out\\server\\src\\server.js:7:6189)\n    at ot (c:\\Users\\maval\\Downloads\\Agus\\VSCode-win32-x64-1.103.2\\data\\extensions\\uqbar.wollok-lsp-ide-0.5.3\\out\\server\\src\\server.js:7:6378)\n    at Immediate._onImmediate (c:\\Users\\maval\\Downloads\\Agus\\VSCode-win32-x64-1.103.2\\data\\extensions\\uqbar.wollok-lsp-ide-0.5.3\\out\\server\\src\\server.js:7:6142)\n    at process.processImmediate (node:internal/timers:485:21)","timestamp":"2025-09-13T13:38:22.435Z"}
{"level":"error","message":"✘ Completions for node Send ([15:4, 15:20] - example.wlk) failed: Error: [Send]{567cab} at example.wlk:15 exhausted all cases without a match [Send]{567cab} at example.wlk:15 exhausted all cases without a match","stack":"Error: [Send]{567cab} at example.wlk:15 exhausted all cases without a match\n    at c:\\Users\\maval\\Downloads\\Agus\\VSCode-win32-x64-1.103.2\\data\\extensions\\uqbar.wollok-lsp-ide-0.5.3\\out\\server\\src\\server.js:38:6142\n    at D2 (c:\\Users\\maval\\Downloads\\Agus\\VSCode-win32-x64-1.103.2\\data\\extensions\\uqbar.wollok-lsp-ide-0.5.3\\out\\server\\src\\server.js:2384:42)\n    at Qh (c:\\Users\\maval\\Downloads\\Agus\\VSCode-win32-x64-1.103.2\\data\\extensions\\uqbar.wollok-lsp-ide-0.5.3\\out\\server\\src\\server.js:2384:1092)\n    at k6n (c:\\Users\\maval\\Downloads\\Agus\\VSCode-win32-x64-1.103.2\\data\\extensions\\uqbar.wollok-lsp-ide-0.5.3\\out\\server\\src\\server.js:2384:1248)\n    at c:\\Users\\maval\\Downloads\\Agus\\VSCode-win32-x64-1.103.2\\data\\extensions\\uqbar.wollok-lsp-ide-0.5.3\\out\\server\\src\\server.js:38:6131\n    at D2 (c:\\Users\\maval\\Downloads\\Agus\\VSCode-win32-x64-1.103.2\\data\\extensions\\uqbar.wollok-lsp-ide-0.5.3\\out\\server\\src\\server.js:2384:42)\n    at c:\\Users\\maval\\Downloads\\Agus\\VSCode-win32-x64-1.103.2\\data\\extensions\\uqbar.wollok-lsp-ide-0.5.3\\out\\server\\src\\server.js:2384:2988\n    at c:\\Users\\maval\\Downloads\\Agus\\VSCode-win32-x64-1.103.2\\data\\extensions\\uqbar.wollok-lsp-ide-0.5.3\\out\\server\\src\\server.js:2393:8440\n    at c:\\Users\\maval\\Downloads\\Agus\\VSCode-win32-x64-1.103.2\\data\\extensions\\uqbar.wollok-lsp-ide-0.5.3\\out\\server\\src\\server.js:37:74872\n    at Ye (c:\\Users\\maval\\Downloads\\Agus\\VSCode-win32-x64-1.103.2\\data\\extensions\\uqbar.wollok-lsp-ide-0.5.3\\out\\server\\src\\server.js:7:8527)","timestamp":"2025-09-13T13:38:24.055Z"}
{"level":"error","message":"✘ Completions for node Send ([15:4, 15:22] - example.wlk) failed: Error: [Send]{0b0ad5} at example.wlk:15 exhausted all cases without a match [Send]{0b0ad5} at example.wlk:15 exhausted all cases without a match","stack":"Error: [Send]{0b0ad5} at example.wlk:15 exhausted all cases without a match\n    at c:\\Users\\maval\\Downloads\\Agus\\VSCode-win32-x64-1.103.2\\data\\extensions\\uqbar.wollok-lsp-ide-0.5.3\\out\\server\\src\\server.js:38:6142\n    at D2 (c:\\Users\\maval\\Downloads\\Agus\\VSCode-win32-x64-1.103.2\\data\\extensions\\uqbar.wollok-lsp-ide-0.5.3\\out\\server\\src\\server.js:2384:42)\n    at Qh (c:\\Users\\maval\\Downloads\\Agus\\VSCode-win32-x64-1.103.2\\data\\extensions\\uqbar.wollok-lsp-ide-0.5.3\\out\\server\\src\\server.js:2384:1092)\n    at k6n (c:\\Users\\maval\\Downloads\\Agus\\VSCode-win32-x64-1.103.2\\data\\extensions\\uqbar.wollok-lsp-ide-0.5.3\\out\\server\\src\\server.js:2384:1248)\n    at c:\\Users\\maval\\Downloads\\Agus\\VSCode-win32-x64-1.103.2\\data\\extensions\\uqbar.wollok-lsp-ide-0.5.3\\out\\server\\src\\server.js:38:6131\n    at D2 (c:\\Users\\maval\\Downloads\\Agus\\VSCode-win32-x64-1.103.2\\data\\extensions\\uqbar.wollok-lsp-ide-0.5.3\\out\\server\\src\\server.js:2384:42)\n    at c:\\Users\\maval\\Downloads\\Agus\\VSCode-win32-x64-1.103.2\\data\\extensions\\uqbar.wollok-lsp-ide-0.5.3\\out\\server\\src\\server.js:2384:2988\n    at c:\\Users\\maval\\Downloads\\Agus\\VSCode-win32-x64-1.103.2\\data\\extensions\\uqbar.wollok-lsp-ide-0.5.3\\out\\server\\src\\server.js:2393:8440\n    at c:\\Users\\maval\\Downloads\\Agus\\VSCode-win32-x64-1.103.2\\data\\extensions\\uqbar.wollok-lsp-ide-0.5.3\\out\\server\\src\\server.js:37:74872\n    at Ye (c:\\Users\\maval\\Downloads\\Agus\\VSCode-win32-x64-1.103.2\\data\\extensions\\uqbar.wollok-lsp-ide-0.5.3\\out\\server\\src\\server.js:7:8527)","timestamp":"2025-09-13T13:38:24.304Z"}
{"level":"info","message":"⌛ Building environment","timeElapsed":129,"timestamp":"2025-09-13T13:38:24.518Z"}
{"level":"error","message":"✘ Completions for node Send ([15:4, 15:23] - example.wlk) failed: Error: [Send]{6759f8} at example.wlk:15 exhausted all cases without a match [Send]{6759f8} at example.wlk:15 exhausted all cases without a match","stack":"Error: [Send]{6759f8} at example.wlk:15 exhausted all cases without a match\n    at c:\\Users\\maval\\Downloads\\Agus\\VSCode-win32-x64-1.103.2\\data\\extensions\\uqbar.wollok-lsp-ide-0.5.3\\out\\server\\src\\server.js:38:6142\n    at D2 (c:\\Users\\maval\\Downloads\\Agus\\VSCode-win32-x64-1.103.2\\data\\extensions\\uqbar.wollok-lsp-ide-0.5.3\\out\\server\\src\\server.js:2384:42)\n    at Qh (c:\\Users\\maval\\Downloads\\Agus\\VSCode-win32-x64-1.103.2\\data\\extensions\\uqbar.wollok-lsp-ide-0.5.3\\out\\server\\src\\server.js:2384:1092)\n    at k6n (c:\\Users\\maval\\Downloads\\Agus\\VSCode-win32-x64-1.103.2\\data\\extensions\\uqbar.wollok-lsp-ide-0.5.3\\out\\server\\src\\server.js:2384:1248)\n    at c:\\Users\\maval\\Downloads\\Agus\\VSCode-win32-x64-1.103.2\\data\\extensions\\uqbar.wollok-lsp-ide-0.5.3\\out\\server\\src\\server.js:38:6131\n    at D2 (c:\\Users\\maval\\Downloads\\Agus\\VSCode-win32-x64-1.103.2\\data\\extensions\\uqbar.wollok-lsp-ide-0.5.3\\out\\server\\src\\server.js:2384:42)\n    at c:\\Users\\maval\\Downloads\\Agus\\VSCode-win32-x64-1.103.2\\data\\extensions\\uqbar.wollok-lsp-ide-0.5.3\\out\\server\\src\\server.js:2384:2988\n    at c:\\Users\\maval\\Downloads\\Agus\\VSCode-win32-x64-1.103.2\\data\\extensions\\uqbar.wollok-lsp-ide-0.5.3\\out\\server\\src\\server.js:2393:8440\n    at c:\\Users\\maval\\Downloads\\Agus\\VSCode-win32-x64-1.103.2\\data\\extensions\\uqbar.wollok-lsp-ide-0.5.3\\out\\server\\src\\server.js:37:74872\n    at Ye (c:\\Users\\maval\\Downloads\\Agus\\VSCode-win32-x64-1.103.2\\data\\extensions\\uqbar.wollok-lsp-ide-0.5.3\\out\\server\\src\\server.js:7:8527)","timestamp":"2025-09-13T13:38:24.534Z"}
{"level":"error","message":"✘ Completions for node Send ([15:4, 15:22] - example.wlk) failed: Error: [Send]{8ce7a9} at example.wlk:15 exhausted all cases without a match [Send]{8ce7a9} at example.wlk:15 exhausted all cases without a match","stack":"Error: [Send]{8ce7a9} at example.wlk:15 exhausted all cases without a match\n    at c:\\Users\\maval\\Downloads\\Agus\\VSCode-win32-x64-1.103.2\\data\\extensions\\uqbar.wollok-lsp-ide-0.5.3\\out\\server\\src\\server.js:38:6142\n    at D2 (c:\\Users\\maval\\Downloads\\Agus\\VSCode-win32-x64-1.103.2\\data\\extensions\\uqbar.wollok-lsp-ide-0.5.3\\out\\server\\src\\server.js:2384:42)\n    at Qh (c:\\Users\\maval\\Downloads\\Agus\\VSCode-win32-x64-1.103.2\\data\\extensions\\uqbar.wollok-lsp-ide-0.5.3\\out\\server\\src\\server.js:2384:1092)\n    at k6n (c:\\Users\\maval\\Downloads\\Agus\\VSCode-win32-x64-1.103.2\\data\\extensions\\uqbar.wollok-lsp-ide-0.5.3\\out\\server\\src\\server.js:2384:1248)\n    at c:\\Users\\maval\\Downloads\\Agus\\VSCode-win32-x64-1.103.2\\data\\extensions\\uqbar.wollok-lsp-ide-0.5.3\\out\\server\\src\\server.js:38:6131\n    at D2 (c:\\Users\\maval\\Downloads\\Agus\\VSCode-win32-x64-1.103.2\\data\\extensions\\uqbar.wollok-lsp-ide-0.5.3\\out\\server\\src\\server.js:2384:42)\n    at c:\\Users\\maval\\Downloads\\Agus\\VSCode-win32-x64-1.103.2\\data\\extensions\\uqbar.wollok-lsp-ide-0.5.3\\out\\server\\src\\server.js:2384:2988\n    at c:\\Users\\maval\\Downloads\\Agus\\VSCode-win32-x64-1.103.2\\data\\extensions\\uqbar.wollok-lsp-ide-0.5.3\\out\\server\\src\\server.js:2393:8440\n    at c:\\Users\\maval\\Downloads\\Agus\\VSCode-win32-x64-1.103.2\\data\\extensions\\uqbar.wollok-lsp-ide-0.5.3\\out\\server\\src\\server.js:37:74872\n    at Ye (c:\\Users\\maval\\Downloads\\Agus\\VSCode-win32-x64-1.103.2\\data\\extensions\\uqbar.wollok-lsp-ide-0.5.3\\out\\server\\src\\server.js:7:8527)","timestamp":"2025-09-13T13:38:25.868Z"}
{"level":"info","message":"⌛ Building environment","timeElapsed":173,"timestamp":"2025-09-13T13:41:12.121Z"}
{"level":"error","message":"✘ Completions for node Send ([15:2, 16:24] - pgmProgram.wpgm) failed: Error: [Send]{09900a} at pgmProgram.wpgm:15 exhausted all cases without a match [Send]{09900a} at pgmProgram.wpgm:15 exhausted all cases without a match","stack":"Error: [Send]{09900a} at pgmProgram.wpgm:15 exhausted all cases without a match\n    at c:\\Users\\maval\\Downloads\\Agus\\VSCode-win32-x64-1.103.2\\data\\extensions\\uqbar.wollok-lsp-ide-0.5.3\\out\\server\\src\\server.js:38:6142\n    at D2 (c:\\Users\\maval\\Downloads\\Agus\\VSCode-win32-x64-1.103.2\\data\\extensions\\uqbar.wollok-lsp-ide-0.5.3\\out\\server\\src\\server.js:2384:42)\n    at c:\\Users\\maval\\Downloads\\Agus\\VSCode-win32-x64-1.103.2\\data\\extensions\\uqbar.wollok-lsp-ide-0.5.3\\out\\server\\src\\server.js:2384:2988\n    at c:\\Users\\maval\\Downloads\\Agus\\VSCode-win32-x64-1.103.2\\data\\extensions\\uqbar.wollok-lsp-ide-0.5.3\\out\\server\\src\\server.js:2393:8440\n    at c:\\Users\\maval\\Downloads\\Agus\\VSCode-win32-x64-1.103.2\\data\\extensions\\uqbar.wollok-lsp-ide-0.5.3\\out\\server\\src\\server.js:37:74872\n    at Ye (c:\\Users\\maval\\Downloads\\Agus\\VSCode-win32-x64-1.103.2\\data\\extensions\\uqbar.wollok-lsp-ide-0.5.3\\out\\server\\src\\server.js:7:8527)\n    at qt (c:\\Users\\maval\\Downloads\\Agus\\VSCode-win32-x64-1.103.2\\data\\extensions\\uqbar.wollok-lsp-ide-0.5.3\\out\\server\\src\\server.js:7:6189)\n    at ot (c:\\Users\\maval\\Downloads\\Agus\\VSCode-win32-x64-1.103.2\\data\\extensions\\uqbar.wollok-lsp-ide-0.5.3\\out\\server\\src\\server.js:7:6378)\n    at Immediate._onImmediate (c:\\Users\\maval\\Downloads\\Agus\\VSCode-win32-x64-1.103.2\\data\\extensions\\uqbar.wollok-lsp-ide-0.5.3\\out\\server\\src\\server.js:7:6142)\n    at process.processImmediate (node:internal/timers:485:21)","timestamp":"2025-09-13T13:41:12.227Z"}
{"level":"info","message":"⌛ Autocomplete - Send","timeElapsed":103,"timestamp":"2025-09-13T13:41:12.227Z"}
{"level":"info","message":"⌛ Validating pgmProgram.wpgm","timeElapsed":194,"timestamp":"2025-09-13T13:41:12.421Z"}
{"level":"info","message":"⌛ Building environment","timeElapsed":183,"timestamp":"2025-09-13T13:41:13.334Z"}
{"level":"info","message":"⌛ Building environment","timeElapsed":158,"timestamp":"2025-09-13T13:41:13.494Z"}
{"level":"info","message":"⌛ Validating pgmProgram.wpgm","timeElapsed":209,"timestamp":"2025-09-13T13:41:13.725Z"}
{"level":"info","message":"⌛ Building environment","timeElapsed":101,"timestamp":"2025-09-13T13:41:29.025Z"}
{"level":"error","message":"✘ Completions for node Return (undefined - pgmProgram.wpgm) failed: Error: [Return]{a1d790} at pgmProgram.wpgm:-- exhausted all cases without a match [Return]{a1d790} at pgmProgram.wpgm:-- exhausted all cases without a match","stack":"Error: [Return]{a1d790} at pgmProgram.wpgm:-- exhausted all cases without a match\n    at c:\\Users\\maval\\Downloads\\Agus\\VSCode-win32-x64-1.103.2\\data\\extensions\\uqbar.wollok-lsp-ide-0.5.3\\out\\server\\src\\server.js:38:6142\n    at D2 (c:\\Users\\maval\\Downloads\\Agus\\VSCode-win32-x64-1.103.2\\data\\extensions\\uqbar.wollok-lsp-ide-0.5.3\\out\\server\\src\\server.js:2384:42)\n    at Qh (c:\\Users\\maval\\Downloads\\Agus\\VSCode-win32-x64-1.103.2\\data\\extensions\\uqbar.wollok-lsp-ide-0.5.3\\out\\server\\src\\server.js:2384:1092)\n    at k6n (c:\\Users\\maval\\Downloads\\Agus\\VSCode-win32-x64-1.103.2\\data\\extensions\\uqbar.wollok-lsp-ide-0.5.3\\out\\server\\src\\server.js:2384:1248)\n    at c:\\Users\\maval\\Downloads\\Agus\\VSCode-win32-x64-1.103.2\\data\\extensions\\uqbar.wollok-lsp-ide-0.5.3\\out\\server\\src\\server.js:38:6131\n    at D2 (c:\\Users\\maval\\Downloads\\Agus\\VSCode-win32-x64-1.103.2\\data\\extensions\\uqbar.wollok-lsp-ide-0.5.3\\out\\server\\src\\server.js:2384:42)\n    at c:\\Users\\maval\\Downloads\\Agus\\VSCode-win32-x64-1.103.2\\data\\extensions\\uqbar.wollok-lsp-ide-0.5.3\\out\\server\\src\\server.js:2384:2988\n    at c:\\Users\\maval\\Downloads\\Agus\\VSCode-win32-x64-1.103.2\\data\\extensions\\uqbar.wollok-lsp-ide-0.5.3\\out\\server\\src\\server.js:2393:8440\n    at c:\\Users\\maval\\Downloads\\Agus\\VSCode-win32-x64-1.103.2\\data\\extensions\\uqbar.wollok-lsp-ide-0.5.3\\out\\server\\src\\server.js:37:74872\n    at Ye (c:\\Users\\maval\\Downloads\\Agus\\VSCode-win32-x64-1.103.2\\data\\extensions\\uqbar.wollok-lsp-ide-0.5.3\\out\\server\\src\\server.js:7:8527)","timestamp":"2025-09-13T13:41:35.993Z"}
{"level":"error","message":"✘ Completions for node Send ([19:26, 19:46] - pgmProgram.wpgm) failed: Error: [Send]{1ef26e} at pgmProgram.wpgm:19 exhausted all cases without a match [Send]{1ef26e} at pgmProgram.wpgm:19 exhausted all cases without a match","stack":"Error: [Send]{1ef26e} at pgmProgram.wpgm:19 exhausted all cases without a match\n    at c:\\Users\\maval\\Downloads\\Agus\\VSCode-win32-x64-1.103.2\\data\\extensions\\uqbar.wollok-lsp-ide-0.5.3\\out\\server\\src\\server.js:38:6142\n    at D2 (c:\\Users\\maval\\Downloads\\Agus\\VSCode-win32-x64-1.103.2\\data\\extensions\\uqbar.wollok-lsp-ide-0.5.3\\out\\server\\src\\server.js:2384:42)\n    at c:\\Users\\maval\\Downloads\\Agus\\VSCode-win32-x64-1.103.2\\data\\extensions\\uqbar.wollok-lsp-ide-0.5.3\\out\\server\\src\\server.js:2384:2988\n    at c:\\Users\\maval\\Downloads\\Agus\\VSCode-win32-x64-1.103.2\\data\\extensions\\uqbar.wollok-lsp-ide-0.5.3\\out\\server\\src\\server.js:2393:8440\n    at c:\\Users\\maval\\Downloads\\Agus\\VSCode-win32-x64-1.103.2\\data\\extensions\\uqbar.wollok-lsp-ide-0.5.3\\out\\server\\src\\server.js:37:74872\n    at Ye (c:\\Users\\maval\\Downloads\\Agus\\VSCode-win32-x64-1.103.2\\data\\extensions\\uqbar.wollok-lsp-ide-0.5.3\\out\\server\\src\\server.js:7:8527)\n    at qt (c:\\Users\\maval\\Downloads\\Agus\\VSCode-win32-x64-1.103.2\\data\\extensions\\uqbar.wollok-lsp-ide-0.5.3\\out\\server\\src\\server.js:7:6189)\n    at ot (c:\\Users\\maval\\Downloads\\Agus\\VSCode-win32-x64-1.103.2\\data\\extensions\\uqbar.wollok-lsp-ide-0.5.3\\out\\server\\src\\server.js:7:6378)\n    at Immediate._onImmediate (c:\\Users\\maval\\Downloads\\Agus\\VSCode-win32-x64-1.103.2\\data\\extensions\\uqbar.wollok-lsp-ide-0.5.3\\out\\server\\src\\server.js:7:6142)\n    at process.processImmediate (node:internal/timers:485:21)","timestamp":"2025-09-13T13:41:52.567Z"}
{"level":"error","message":"✘ Completions for node Return (undefined - pgmProgram.wpgm) failed: Error: [Return]{ff0781} at pgmProgram.wpgm:-- exhausted all cases without a match [Return]{ff0781} at pgmProgram.wpgm:-- exhausted all cases without a match","stack":"Error: [Return]{ff0781} at pgmProgram.wpgm:-- exhausted all cases without a match\n    at c:\\Users\\maval\\Downloads\\Agus\\VSCode-win32-x64-1.103.2\\data\\extensions\\uqbar.wollok-lsp-ide-0.5.3\\out\\server\\src\\server.js:38:6142\n    at D2 (c:\\Users\\maval\\Downloads\\Agus\\VSCode-win32-x64-1.103.2\\data\\extensions\\uqbar.wollok-lsp-ide-0.5.3\\out\\server\\src\\server.js:2384:42)\n    at Qh (c:\\Users\\maval\\Downloads\\Agus\\VSCode-win32-x64-1.103.2\\data\\extensions\\uqbar.wollok-lsp-ide-0.5.3\\out\\server\\src\\server.js:2384:1092)\n    at D2 (c:\\Users\\maval\\Downloads\\Agus\\VSCode-win32-x64-1.103.2\\data\\extensions\\uqbar.wollok-lsp-ide-0.5.3\\out\\server\\src\\server.js:2384:544)\n    at c:\\Users\\maval\\Downloads\\Agus\\VSCode-win32-x64-1.103.2\\data\\extensions\\uqbar.wollok-lsp-ide-0.5.3\\out\\server\\src\\server.js:2384:2988\n    at c:\\Users\\maval\\Downloads\\Agus\\VSCode-win32-x64-1.103.2\\data\\extensions\\uqbar.wollok-lsp-ide-0.5.3\\out\\server\\src\\server.js:2393:8440\n    at c:\\Users\\maval\\Downloads\\Agus\\VSCode-win32-x64-1.103.2\\data\\extensions\\uqbar.wollok-lsp-ide-0.5.3\\out\\server\\src\\server.js:37:74872\n    at Ye (c:\\Users\\maval\\Downloads\\Agus\\VSCode-win32-x64-1.103.2\\data\\extensions\\uqbar.wollok-lsp-ide-0.5.3\\out\\server\\src\\server.js:7:8527)\n    at qt (c:\\Users\\maval\\Downloads\\Agus\\VSCode-win32-x64-1.103.2\\data\\extensions\\uqbar.wollok-lsp-ide-0.5.3\\out\\server\\src\\server.js:7:6189)\n    at ot (c:\\Users\\maval\\Downloads\\Agus\\VSCode-win32-x64-1.103.2\\data\\extensions\\uqbar.wollok-lsp-ide-0.5.3\\out\\server\\src\\server.js:7:6378)","timestamp":"2025-09-13T13:41:52.568Z"}
{"level":"error","message":"✘ Completions for node Send ([19:26, 19:47] - pgmProgram.wpgm) failed: Error: [Send]{f5124f} at pgmProgram.wpgm:19 exhausted all cases without a match [Send]{f5124f} at pgmProgram.wpgm:19 exhausted all cases without a match","stack":"Error: [Send]{f5124f} at pgmProgram.wpgm:19 exhausted all cases without a match\n    at c:\\Users\\maval\\Downloads\\Agus\\VSCode-win32-x64-1.103.2\\data\\extensions\\uqbar.wollok-lsp-ide-0.5.3\\out\\server\\src\\server.js:38:6142\n    at D2 (c:\\Users\\maval\\Downloads\\Agus\\VSCode-win32-x64-1.103.2\\data\\extensions\\uqbar.wollok-lsp-ide-0.5.3\\out\\server\\src\\server.js:2384:42)\n    at c:\\Users\\maval\\Downloads\\Agus\\VSCode-win32-x64-1.103.2\\data\\extensions\\uqbar.wollok-lsp-ide-0.5.3\\out\\server\\src\\server.js:2384:2988\n    at c:\\Users\\maval\\Downloads\\Agus\\VSCode-win32-x64-1.103.2\\data\\extensions\\uqbar.wollok-lsp-ide-0.5.3\\out\\server\\src\\server.js:2393:8440\n    at c:\\Users\\maval\\Downloads\\Agus\\VSCode-win32-x64-1.103.2\\data\\extensions\\uqbar.wollok-lsp-ide-0.5.3\\out\\server\\src\\server.js:37:74872\n    at Ye (c:\\Users\\maval\\Downloads\\Agus\\VSCode-win32-x64-1.103.2\\data\\extensions\\uqbar.wollok-lsp-ide-0.5.3\\out\\server\\src\\server.js:7:8527)\n    at qt (c:\\Users\\maval\\Downloads\\Agus\\VSCode-win32-x64-1.103.2\\data\\extensions\\uqbar.wollok-lsp-ide-0.5.3\\out\\server\\src\\server.js:7:6189)\n    at ot (c:\\Users\\maval\\Downloads\\Agus\\VSCode-win32-x64-1.103.2\\data\\extensions\\uqbar.wollok-lsp-ide-0.5.3\\out\\server\\src\\server.js:7:6378)\n    at Immediate._onImmediate (c:\\Users\\maval\\Downloads\\Agus\\VSCode-win32-x64-1.103.2\\data\\extensions\\uqbar.wollok-lsp-ide-0.5.3\\out\\server\\src\\server.js:7:6142)\n    at process.processImmediate (node:internal/timers:485:21)","timestamp":"2025-09-13T13:41:52.865Z"}
{"level":"error","message":"✘ Completions for node Return (undefined - pgmProgram.wpgm) failed: Error: [Return]{75d7b2} at pgmProgram.wpgm:-- exhausted all cases without a match [Return]{75d7b2} at pgmProgram.wpgm:-- exhausted all cases without a match","stack":"Error: [Return]{75d7b2} at pgmProgram.wpgm:-- exhausted all cases without a match\n    at c:\\Users\\maval\\Downloads\\Agus\\VSCode-win32-x64-1.103.2\\data\\extensions\\uqbar.wollok-lsp-ide-0.5.3\\out\\server\\src\\server.js:38:6142\n    at D2 (c:\\Users\\maval\\Downloads\\Agus\\VSCode-win32-x64-1.103.2\\data\\extensions\\uqbar.wollok-lsp-ide-0.5.3\\out\\server\\src\\server.js:2384:42)\n    at Qh (c:\\Users\\maval\\Downloads\\Agus\\VSCode-win32-x64-1.103.2\\data\\extensions\\uqbar.wollok-lsp-ide-0.5.3\\out\\server\\src\\server.js:2384:1092)\n    at D2 (c:\\Users\\maval\\Downloads\\Agus\\VSCode-win32-x64-1.103.2\\data\\extensions\\uqbar.wollok-lsp-ide-0.5.3\\out\\server\\src\\server.js:2384:544)\n    at c:\\Users\\maval\\Downloads\\Agus\\VSCode-win32-x64-1.103.2\\data\\extensions\\uqbar.wollok-lsp-ide-0.5.3\\out\\server\\src\\server.js:2384:2988\n    at c:\\Users\\maval\\Downloads\\Agus\\VSCode-win32-x64-1.103.2\\data\\extensions\\uqbar.wollok-lsp-ide-0.5.3\\out\\server\\src\\server.js:2393:8440\n    at c:\\Users\\maval\\Downloads\\Agus\\VSCode-win32-x64-1.103.2\\data\\extensions\\uqbar.wollok-lsp-ide-0.5.3\\out\\server\\src\\server.js:37:74872\n    at Ye (c:\\Users\\maval\\Downloads\\Agus\\VSCode-win32-x64-1.103.2\\data\\extensions\\uqbar.wollok-lsp-ide-0.5.3\\out\\server\\src\\server.js:7:8527)\n    at qt (c:\\Users\\maval\\Downloads\\Agus\\VSCode-win32-x64-1.103.2\\data\\extensions\\uqbar.wollok-lsp-ide-0.5.3\\out\\server\\src\\server.js:7:6189)\n    at ot (c:\\Users\\maval\\Downloads\\Agus\\VSCode-win32-x64-1.103.2\\data\\extensions\\uqbar.wollok-lsp-ide-0.5.3\\out\\server\\src\\server.js:7:6378)","timestamp":"2025-09-13T13:41:52.865Z"}
{"level":"error","message":"✘ Completions for node Send ([19:26, 19:48] - pgmProgram.wpgm) failed: Error: [Send]{ce6958} at pgmProgram.wpgm:19 exhausted all cases without a match [Send]{ce6958} at pgmProgram.wpgm:19 exhausted all cases without a match","stack":"Error: [Send]{ce6958} at pgmProgram.wpgm:19 exhausted all cases without a match\n    at c:\\Users\\maval\\Downloads\\Agus\\VSCode-win32-x64-1.103.2\\data\\extensions\\uqbar.wollok-lsp-ide-0.5.3\\out\\server\\src\\server.js:38:6142\n    at D2 (c:\\Users\\maval\\Downloads\\Agus\\VSCode-win32-x64-1.103.2\\data\\extensions\\uqbar.wollok-lsp-ide-0.5.3\\out\\server\\src\\server.js:2384:42)\n    at c:\\Users\\maval\\Downloads\\Agus\\VSCode-win32-x64-1.103.2\\data\\extensions\\uqbar.wollok-lsp-ide-0.5.3\\out\\server\\src\\server.js:2384:2988\n    at c:\\Users\\maval\\Downloads\\Agus\\VSCode-win32-x64-1.103.2\\data\\extensions\\uqbar.wollok-lsp-ide-0.5.3\\out\\server\\src\\server.js:2393:8440\n    at c:\\Users\\maval\\Downloads\\Agus\\VSCode-win32-x64-1.103.2\\data\\extensions\\uqbar.wollok-lsp-ide-0.5.3\\out\\server\\src\\server.js:37:74872\n    at Ye (c:\\Users\\maval\\Downloads\\Agus\\VSCode-win32-x64-1.103.2\\data\\extensions\\uqbar.wollok-lsp-ide-0.5.3\\out\\server\\src\\server.js:7:8527)\n    at qt (c:\\Users\\maval\\Downloads\\Agus\\VSCode-win32-x64-1.103.2\\data\\extensions\\uqbar.wollok-lsp-ide-0.5.3\\out\\server\\src\\server.js:7:6189)\n    at ot (c:\\Users\\maval\\Downloads\\Agus\\VSCode-win32-x64-1.103.2\\data\\extensions\\uqbar.wollok-lsp-ide-0.5.3\\out\\server\\src\\server.js:7:6378)\n    at Immediate._onImmediate (c:\\Users\\maval\\Downloads\\Agus\\VSCode-win32-x64-1.103.2\\data\\extensions\\uqbar.wollok-lsp-ide-0.5.3\\out\\server\\src\\server.js:7:6142)\n    at process.processImmediate (node:internal/timers:485:21)","timestamp":"2025-09-13T13:41:53.182Z"}
{"level":"error","message":"✘ Completions for node Return (undefined - pgmProgram.wpgm) failed: Error: [Return]{aa569f} at pgmProgram.wpgm:-- exhausted all cases without a match [Return]{aa569f} at pgmProgram.wpgm:-- exhausted all cases without a match","stack":"Error: [Return]{aa569f} at pgmProgram.wpgm:-- exhausted all cases without a match\n    at c:\\Users\\maval\\Downloads\\Agus\\VSCode-win32-x64-1.103.2\\data\\extensions\\uqbar.wollok-lsp-ide-0.5.3\\out\\server\\src\\server.js:38:6142\n    at D2 (c:\\Users\\maval\\Downloads\\Agus\\VSCode-win32-x64-1.103.2\\data\\extensions\\uqbar.wollok-lsp-ide-0.5.3\\out\\server\\src\\server.js:2384:42)\n    at Qh (c:\\Users\\maval\\Downloads\\Agus\\VSCode-win32-x64-1.103.2\\data\\extensions\\uqbar.wollok-lsp-ide-0.5.3\\out\\server\\src\\server.js:2384:1092)\n    at D2 (c:\\Users\\maval\\Downloads\\Agus\\VSCode-win32-x64-1.103.2\\data\\extensions\\uqbar.wollok-lsp-ide-0.5.3\\out\\server\\src\\server.js:2384:544)\n    at c:\\Users\\maval\\Downloads\\Agus\\VSCode-win32-x64-1.103.2\\data\\extensions\\uqbar.wollok-lsp-ide-0.5.3\\out\\server\\src\\server.js:2384:2988\n    at c:\\Users\\maval\\Downloads\\Agus\\VSCode-win32-x64-1.103.2\\data\\extensions\\uqbar.wollok-lsp-ide-0.5.3\\out\\server\\src\\server.js:2393:8440\n    at c:\\Users\\maval\\Downloads\\Agus\\VSCode-win32-x64-1.103.2\\data\\extensions\\uqbar.wollok-lsp-ide-0.5.3\\out\\server\\src\\server.js:37:74872\n    at Ye (c:\\Users\\maval\\Downloads\\Agus\\VSCode-win32-x64-1.103.2\\data\\extensions\\uqbar.wollok-lsp-ide-0.5.3\\out\\server\\src\\server.js:7:8527)\n    at qt (c:\\Users\\maval\\Downloads\\Agus\\VSCode-win32-x64-1.103.2\\data\\extensions\\uqbar.wollok-lsp-ide-0.5.3\\out\\server\\src\\server.js:7:6189)\n    at ot (c:\\Users\\maval\\Downloads\\Agus\\VSCode-win32-x64-1.103.2\\data\\extensions\\uqbar.wollok-lsp-ide-0.5.3\\out\\server\\src\\server.js:7:6378)","timestamp":"2025-09-13T13:41:53.182Z"}
{"level":"error","message":"✘ Completions for node Send ([19:26, 19:49] - pgmProgram.wpgm) failed: Error: [Send]{0449c4} at pgmProgram.wpgm:19 exhausted all cases without a match [Send]{0449c4} at pgmProgram.wpgm:19 exhausted all cases without a match","stack":"Error: [Send]{0449c4} at pgmProgram.wpgm:19 exhausted all cases without a match\n    at c:\\Users\\maval\\Downloads\\Agus\\VSCode-win32-x64-1.103.2\\data\\extensions\\uqbar.wollok-lsp-ide-0.5.3\\out\\server\\src\\server.js:38:6142\n    at D2 (c:\\Users\\maval\\Downloads\\Agus\\VSCode-win32-x64-1.103.2\\data\\extensions\\uqbar.wollok-lsp-ide-0.5.3\\out\\server\\src\\server.js:2384:42)\n    at c:\\Users\\maval\\Downloads\\Agus\\VSCode-win32-x64-1.103.2\\data\\extensions\\uqbar.wollok-lsp-ide-0.5.3\\out\\server\\src\\server.js:2384:2988\n    at c:\\Users\\maval\\Downloads\\Agus\\VSCode-win32-x64-1.103.2\\data\\extensions\\uqbar.wollok-lsp-ide-0.5.3\\out\\server\\src\\server.js:2393:8440\n    at c:\\Users\\maval\\Downloads\\Agus\\VSCode-win32-x64-1.103.2\\data\\extensions\\uqbar.wollok-lsp-ide-0.5.3\\out\\server\\src\\server.js:37:74872\n    at Ye (c:\\Users\\maval\\Downloads\\Agus\\VSCode-win32-x64-1.103.2\\data\\extensions\\uqbar.wollok-lsp-ide-0.5.3\\out\\server\\src\\server.js:7:8527)\n    at qt (c:\\Users\\maval\\Downloads\\Agus\\VSCode-win32-x64-1.103.2\\data\\extensions\\uqbar.wollok-lsp-ide-0.5.3\\out\\server\\src\\server.js:7:6189)\n    at ot (c:\\Users\\maval\\Downloads\\Agus\\VSCode-win32-x64-1.103.2\\data\\extensions\\uqbar.wollok-lsp-ide-0.5.3\\out\\server\\src\\server.js:7:6378)\n    at Immediate._onImmediate (c:\\Users\\maval\\Downloads\\Agus\\VSCode-win32-x64-1.103.2\\data\\extensions\\uqbar.wollok-lsp-ide-0.5.3\\out\\server\\src\\server.js:7:6142)\n    at process.processImmediate (node:internal/timers:485:21)","timestamp":"2025-09-13T13:41:53.405Z"}
{"level":"error","message":"✘ Completions for node Return (undefined - pgmProgram.wpgm) failed: Error: [Return]{f439a5} at pgmProgram.wpgm:-- exhausted all cases without a match [Return]{f439a5} at pgmProgram.wpgm:-- exhausted all cases without a match","stack":"Error: [Return]{f439a5} at pgmProgram.wpgm:-- exhausted all cases without a match\n    at c:\\Users\\maval\\Downloads\\Agus\\VSCode-win32-x64-1.103.2\\data\\extensions\\uqbar.wollok-lsp-ide-0.5.3\\out\\server\\src\\server.js:38:6142\n    at D2 (c:\\Users\\maval\\Downloads\\Agus\\VSCode-win32-x64-1.103.2\\data\\extensions\\uqbar.wollok-lsp-ide-0.5.3\\out\\server\\src\\server.js:2384:42)\n    at Qh (c:\\Users\\maval\\Downloads\\Agus\\VSCode-win32-x64-1.103.2\\data\\extensions\\uqbar.wollok-lsp-ide-0.5.3\\out\\server\\src\\server.js:2384:1092)\n    at D2 (c:\\Users\\maval\\Downloads\\Agus\\VSCode-win32-x64-1.103.2\\data\\extensions\\uqbar.wollok-lsp-ide-0.5.3\\out\\server\\src\\server.js:2384:544)\n    at c:\\Users\\maval\\Downloads\\Agus\\VSCode-win32-x64-1.103.2\\data\\extensions\\uqbar.wollok-lsp-ide-0.5.3\\out\\server\\src\\server.js:2384:2988\n    at c:\\Users\\maval\\Downloads\\Agus\\VSCode-win32-x64-1.103.2\\data\\extensions\\uqbar.wollok-lsp-ide-0.5.3\\out\\server\\src\\server.js:2393:8440\n    at c:\\Users\\maval\\Downloads\\Agus\\VSCode-win32-x64-1.103.2\\data\\extensions\\uqbar.wollok-lsp-ide-0.5.3\\out\\server\\src\\server.js:37:74872\n    at Ye (c:\\Users\\maval\\Downloads\\Agus\\VSCode-win32-x64-1.103.2\\data\\extensions\\uqbar.wollok-lsp-ide-0.5.3\\out\\server\\src\\server.js:7:8527)\n    at qt (c:\\Users\\maval\\Downloads\\Agus\\VSCode-win32-x64-1.103.2\\data\\extensions\\uqbar.wollok-lsp-ide-0.5.3\\out\\server\\src\\server.js:7:6189)\n    at ot (c:\\Users\\maval\\Downloads\\Agus\\VSCode-win32-x64-1.103.2\\data\\extensions\\uqbar.wollok-lsp-ide-0.5.3\\out\\server\\src\\server.js:7:6378)","timestamp":"2025-09-13T13:41:53.405Z"}
{"level":"error","message":"✘ Completions for node Send ([19:26, 19:50] - pgmProgram.wpgm) failed: Error: [Send]{3eebcd} at pgmProgram.wpgm:19 exhausted all cases without a match [Send]{3eebcd} at pgmProgram.wpgm:19 exhausted all cases without a match","stack":"Error: [Send]{3eebcd} at pgmProgram.wpgm:19 exhausted all cases without a match\n    at c:\\Users\\maval\\Downloads\\Agus\\VSCode-win32-x64-1.103.2\\data\\extensions\\uqbar.wollok-lsp-ide-0.5.3\\out\\server\\src\\server.js:38:6142\n    at D2 (c:\\Users\\maval\\Downloads\\Agus\\VSCode-win32-x64-1.103.2\\data\\extensions\\uqbar.wollok-lsp-ide-0.5.3\\out\\server\\src\\server.js:2384:42)\n    at c:\\Users\\maval\\Downloads\\Agus\\VSCode-win32-x64-1.103.2\\data\\extensions\\uqbar.wollok-lsp-ide-0.5.3\\out\\server\\src\\server.js:2384:2988\n    at c:\\Users\\maval\\Downloads\\Agus\\VSCode-win32-x64-1.103.2\\data\\extensions\\uqbar.wollok-lsp-ide-0.5.3\\out\\server\\src\\server.js:2393:8440\n    at c:\\Users\\maval\\Downloads\\Agus\\VSCode-win32-x64-1.103.2\\data\\extensions\\uqbar.wollok-lsp-ide-0.5.3\\out\\server\\src\\server.js:37:74872\n    at Ye (c:\\Users\\maval\\Downloads\\Agus\\VSCode-win32-x64-1.103.2\\data\\extensions\\uqbar.wollok-lsp-ide-0.5.3\\out\\server\\src\\server.js:7:8527)\n    at qt (c:\\Users\\maval\\Downloads\\Agus\\VSCode-win32-x64-1.103.2\\data\\extensions\\uqbar.wollok-lsp-ide-0.5.3\\out\\server\\src\\server.js:7:6189)\n    at ot (c:\\Users\\maval\\Downloads\\Agus\\VSCode-win32-x64-1.103.2\\data\\extensions\\uqbar.wollok-lsp-ide-0.5.3\\out\\server\\src\\server.js:7:6378)\n    at Immediate._onImmediate (c:\\Users\\maval\\Downloads\\Agus\\VSCode-win32-x64-1.103.2\\data\\extensions\\uqbar.wollok-lsp-ide-0.5.3\\out\\server\\src\\server.js:7:6142)\n    at process.processImmediate (node:internal/timers:485:21)","timestamp":"2025-09-13T13:41:54.062Z"}
{"level":"error","message":"✘ Completions for node Return (undefined - pgmProgram.wpgm) failed: Error: [Return]{87ea8a} at pgmProgram.wpgm:-- exhausted all cases without a match [Return]{87ea8a} at pgmProgram.wpgm:-- exhausted all cases without a match","stack":"Error: [Return]{87ea8a} at pgmProgram.wpgm:-- exhausted all cases without a match\n    at c:\\Users\\maval\\Downloads\\Agus\\VSCode-win32-x64-1.103.2\\data\\extensions\\uqbar.wollok-lsp-ide-0.5.3\\out\\server\\src\\server.js:38:6142\n    at D2 (c:\\Users\\maval\\Downloads\\Agus\\VSCode-win32-x64-1.103.2\\data\\extensions\\uqbar.wollok-lsp-ide-0.5.3\\out\\server\\src\\server.js:2384:42)\n    at Qh (c:\\Users\\maval\\Downloads\\Agus\\VSCode-win32-x64-1.103.2\\data\\extensions\\uqbar.wollok-lsp-ide-0.5.3\\out\\server\\src\\server.js:2384:1092)\n    at D2 (c:\\Users\\maval\\Downloads\\Agus\\VSCode-win32-x64-1.103.2\\data\\extensions\\uqbar.wollok-lsp-ide-0.5.3\\out\\server\\src\\server.js:2384:544)\n    at c:\\Users\\maval\\Downloads\\Agus\\VSCode-win32-x64-1.103.2\\data\\extensions\\uqbar.wollok-lsp-ide-0.5.3\\out\\server\\src\\server.js:2384:2988\n    at c:\\Users\\maval\\Downloads\\Agus\\VSCode-win32-x64-1.103.2\\data\\extensions\\uqbar.wollok-lsp-ide-0.5.3\\out\\server\\src\\server.js:2393:8440\n    at c:\\Users\\maval\\Downloads\\Agus\\VSCode-win32-x64-1.103.2\\data\\extensions\\uqbar.wollok-lsp-ide-0.5.3\\out\\server\\src\\server.js:37:74872\n    at Ye (c:\\Users\\maval\\Downloads\\Agus\\VSCode-win32-x64-1.103.2\\data\\extensions\\uqbar.wollok-lsp-ide-0.5.3\\out\\server\\src\\server.js:7:8527)\n    at qt (c:\\Users\\maval\\Downloads\\Agus\\VSCode-win32-x64-1.103.2\\data\\extensions\\uqbar.wollok-lsp-ide-0.5.3\\out\\server\\src\\server.js:7:6189)\n    at ot (c:\\Users\\maval\\Downloads\\Agus\\VSCode-win32-x64-1.103.2\\data\\extensions\\uqbar.wollok-lsp-ide-0.5.3\\out\\server\\src\\server.js:7:6378)","timestamp":"2025-09-13T13:41:54.063Z"}
{"level":"error","message":"✘ Completions for node Send ([20:26, 20:46] - pgmProgram.wpgm) failed: Error: [Send]{0afe92} at pgmProgram.wpgm:20 exhausted all cases without a match [Send]{0afe92} at pgmProgram.wpgm:20 exhausted all cases without a match","stack":"Error: [Send]{0afe92} at pgmProgram.wpgm:20 exhausted all cases without a match\n    at c:\\Users\\maval\\Downloads\\Agus\\VSCode-win32-x64-1.103.2\\data\\extensions\\uqbar.wollok-lsp-ide-0.5.3\\out\\server\\src\\server.js:38:6142\n    at D2 (c:\\Users\\maval\\Downloads\\Agus\\VSCode-win32-x64-1.103.2\\data\\extensions\\uqbar.wollok-lsp-ide-0.5.3\\out\\server\\src\\server.js:2384:42)\n    at c:\\Users\\maval\\Downloads\\Agus\\VSCode-win32-x64-1.103.2\\data\\extensions\\uqbar.wollok-lsp-ide-0.5.3\\out\\server\\src\\server.js:2384:2988\n    at c:\\Users\\maval\\Downloads\\Agus\\VSCode-win32-x64-1.103.2\\data\\extensions\\uqbar.wollok-lsp-ide-0.5.3\\out\\server\\src\\server.js:2393:8440\n    at c:\\Users\\maval\\Downloads\\Agus\\VSCode-win32-x64-1.103.2\\data\\extensions\\uqbar.wollok-lsp-ide-0.5.3\\out\\server\\src\\server.js:37:74872\n    at Ye (c:\\Users\\maval\\Downloads\\Agus\\VSCode-win32-x64-1.103.2\\data\\extensions\\uqbar.wollok-lsp-ide-0.5.3\\out\\server\\src\\server.js:7:8527)\n    at qt (c:\\Users\\maval\\Downloads\\Agus\\VSCode-win32-x64-1.103.2\\data\\extensions\\uqbar.wollok-lsp-ide-0.5.3\\out\\server\\src\\server.js:7:6189)\n    at ot (c:\\Users\\maval\\Downloads\\Agus\\VSCode-win32-x64-1.103.2\\data\\extensions\\uqbar.wollok-lsp-ide-0.5.3\\out\\server\\src\\server.js:7:6378)\n    at Immediate._onImmediate (c:\\Users\\maval\\Downloads\\Agus\\VSCode-win32-x64-1.103.2\\data\\extensions\\uqbar.wollok-lsp-ide-0.5.3\\out\\server\\src\\server.js:7:6142)\n    at process.processImmediate (node:internal/timers:485:21)","timestamp":"2025-09-13T13:41:56.587Z"}
{"level":"error","message":"✘ Completions for node Return (undefined - pgmProgram.wpgm) failed: Error: [Return]{69da68} at pgmProgram.wpgm:-- exhausted all cases without a match [Return]{69da68} at pgmProgram.wpgm:-- exhausted all cases without a match","stack":"Error: [Return]{69da68} at pgmProgram.wpgm:-- exhausted all cases without a match\n    at c:\\Users\\maval\\Downloads\\Agus\\VSCode-win32-x64-1.103.2\\data\\extensions\\uqbar.wollok-lsp-ide-0.5.3\\out\\server\\src\\server.js:38:6142\n    at D2 (c:\\Users\\maval\\Downloads\\Agus\\VSCode-win32-x64-1.103.2\\data\\extensions\\uqbar.wollok-lsp-ide-0.5.3\\out\\server\\src\\server.js:2384:42)\n    at Qh (c:\\Users\\maval\\Downloads\\Agus\\VSCode-win32-x64-1.103.2\\data\\extensions\\uqbar.wollok-lsp-ide-0.5.3\\out\\server\\src\\server.js:2384:1092)\n    at D2 (c:\\Users\\maval\\Downloads\\Agus\\VSCode-win32-x64-1.103.2\\data\\extensions\\uqbar.wollok-lsp-ide-0.5.3\\out\\server\\src\\server.js:2384:544)\n    at c:\\Users\\maval\\Downloads\\Agus\\VSCode-win32-x64-1.103.2\\data\\extensions\\uqbar.wollok-lsp-ide-0.5.3\\out\\server\\src\\server.js:2384:2988\n    at c:\\Users\\maval\\Downloads\\Agus\\VSCode-win32-x64-1.103.2\\data\\extensions\\uqbar.wollok-lsp-ide-0.5.3\\out\\server\\src\\server.js:2393:8440\n    at c:\\Users\\maval\\Downloads\\Agus\\VSCode-win32-x64-1.103.2\\data\\extensions\\uqbar.wollok-lsp-ide-0.5.3\\out\\server\\src\\server.js:37:74872\n    at Ye (c:\\Users\\maval\\Downloads\\Agus\\VSCode-win32-x64-1.103.2\\data\\extensions\\uqbar.wollok-lsp-ide-0.5.3\\out\\server\\src\\server.js:7:8527)\n    at qt (c:\\Users\\maval\\Downloads\\Agus\\VSCode-win32-x64-1.103.2\\data\\extensions\\uqbar.wollok-lsp-ide-0.5.3\\out\\server\\src\\server.js:7:6189)\n    at ot (c:\\Users\\maval\\Downloads\\Agus\\VSCode-win32-x64-1.103.2\\data\\extensions\\uqbar.wollok-lsp-ide-0.5.3\\out\\server\\src\\server.js:7:6378)","timestamp":"2025-09-13T13:41:56.588Z"}
{"level":"error","message":"✘ Completions for node Send ([20:26, 20:47] - pgmProgram.wpgm) failed: Error: [Send]{a9491e} at pgmProgram.wpgm:20 exhausted all cases without a match [Send]{a9491e} at pgmProgram.wpgm:20 exhausted all cases without a match","stack":"Error: [Send]{a9491e} at pgmProgram.wpgm:20 exhausted all cases without a match\n    at c:\\Users\\maval\\Downloads\\Agus\\VSCode-win32-x64-1.103.2\\data\\extensions\\uqbar.wollok-lsp-ide-0.5.3\\out\\server\\src\\server.js:38:6142\n    at D2 (c:\\Users\\maval\\Downloads\\Agus\\VSCode-win32-x64-1.103.2\\data\\extensions\\uqbar.wollok-lsp-ide-0.5.3\\out\\server\\src\\server.js:2384:42)\n    at c:\\Users\\maval\\Downloads\\Agus\\VSCode-win32-x64-1.103.2\\data\\extensions\\uqbar.wollok-lsp-ide-0.5.3\\out\\server\\src\\server.js:2384:2988\n    at c:\\Users\\maval\\Downloads\\Agus\\VSCode-win32-x64-1.103.2\\data\\extensions\\uqbar.wollok-lsp-ide-0.5.3\\out\\server\\src\\server.js:2393:8440\n    at c:\\Users\\maval\\Downloads\\Agus\\VSCode-win32-x64-1.103.2\\data\\extensions\\uqbar.wollok-lsp-ide-0.5.3\\out\\server\\src\\server.js:37:74872\n    at Ye (c:\\Users\\maval\\Downloads\\Agus\\VSCode-win32-x64-1.103.2\\data\\extensions\\uqbar.wollok-lsp-ide-0.5.3\\out\\server\\src\\server.js:7:8527)\n    at qt (c:\\Users\\maval\\Downloads\\Agus\\VSCode-win32-x64-1.103.2\\data\\extensions\\uqbar.wollok-lsp-ide-0.5.3\\out\\server\\src\\server.js:7:6189)\n    at ot (c:\\Users\\maval\\Downloads\\Agus\\VSCode-win32-x64-1.103.2\\data\\extensions\\uqbar.wollok-lsp-ide-0.5.3\\out\\server\\src\\server.js:7:6378)\n    at Immediate._onImmediate (c:\\Users\\maval\\Downloads\\Agus\\VSCode-win32-x64-1.103.2\\data\\extensions\\uqbar.wollok-lsp-ide-0.5.3\\out\\server\\src\\server.js:7:6142)\n    at process.processImmediate (node:internal/timers:485:21)","timestamp":"2025-09-13T13:41:56.875Z"}
{"level":"error","message":"✘ Completions for node Return (undefined - pgmProgram.wpgm) failed: Error: [Return]{49a997} at pgmProgram.wpgm:-- exhausted all cases without a match [Return]{49a997} at pgmProgram.wpgm:-- exhausted all cases without a match","stack":"Error: [Return]{49a997} at pgmProgram.wpgm:-- exhausted all cases without a match\n    at c:\\Users\\maval\\Downloads\\Agus\\VSCode-win32-x64-1.103.2\\data\\extensions\\uqbar.wollok-lsp-ide-0.5.3\\out\\server\\src\\server.js:38:6142\n    at D2 (c:\\Users\\maval\\Downloads\\Agus\\VSCode-win32-x64-1.103.2\\data\\extensions\\uqbar.wollok-lsp-ide-0.5.3\\out\\server\\src\\server.js:2384:42)\n    at Qh (c:\\Users\\maval\\Downloads\\Agus\\VSCode-win32-x64-1.103.2\\data\\extensions\\uqbar.wollok-lsp-ide-0.5.3\\out\\server\\src\\server.js:2384:1092)\n    at D2 (c:\\Users\\maval\\Downloads\\Agus\\VSCode-win32-x64-1.103.2\\data\\extensions\\uqbar.wollok-lsp-ide-0.5.3\\out\\server\\src\\server.js:2384:544)\n    at c:\\Users\\maval\\Downloads\\Agus\\VSCode-win32-x64-1.103.2\\data\\extensions\\uqbar.wollok-lsp-ide-0.5.3\\out\\server\\src\\server.js:2384:2988\n    at c:\\Users\\maval\\Downloads\\Agus\\VSCode-win32-x64-1.103.2\\data\\extensions\\uqbar.wollok-lsp-ide-0.5.3\\out\\server\\src\\server.js:2393:8440\n    at c:\\Users\\maval\\Downloads\\Agus\\VSCode-win32-x64-1.103.2\\data\\extensions\\uqbar.wollok-lsp-ide-0.5.3\\out\\server\\src\\server.js:37:74872\n    at Ye (c:\\Users\\maval\\Downloads\\Agus\\VSCode-win32-x64-1.103.2\\data\\extensions\\uqbar.wollok-lsp-ide-0.5.3\\out\\server\\src\\server.js:7:8527)\n    at qt (c:\\Users\\maval\\Downloads\\Agus\\VSCode-win32-x64-1.103.2\\data\\extensions\\uqbar.wollok-lsp-ide-0.5.3\\out\\server\\src\\server.js:7:6189)\n    at ot (c:\\Users\\maval\\Downloads\\Agus\\VSCode-win32-x64-1.103.2\\data\\extensions\\uqbar.wollok-lsp-ide-0.5.3\\out\\server\\src\\server.js:7:6378)","timestamp":"2025-09-13T13:41:56.875Z"}
{"level":"error","message":"✘ Completions for node Send ([20:26, 20:48] - pgmProgram.wpgm) failed: Error: [Send]{32d221} at pgmProgram.wpgm:20 exhausted all cases without a match [Send]{32d221} at pgmProgram.wpgm:20 exhausted all cases without a match","stack":"Error: [Send]{32d221} at pgmProgram.wpgm:20 exhausted all cases without a match\n    at c:\\Users\\maval\\Downloads\\Agus\\VSCode-win32-x64-1.103.2\\data\\extensions\\uqbar.wollok-lsp-ide-0.5.3\\out\\server\\src\\server.js:38:6142\n    at D2 (c:\\Users\\maval\\Downloads\\Agus\\VSCode-win32-x64-1.103.2\\data\\extensions\\uqbar.wollok-lsp-ide-0.5.3\\out\\server\\src\\server.js:2384:42)\n    at c:\\Users\\maval\\Downloads\\Agus\\VSCode-win32-x64-1.103.2\\data\\extensions\\uqbar.wollok-lsp-ide-0.5.3\\out\\server\\src\\server.js:2384:2988\n    at c:\\Users\\maval\\Downloads\\Agus\\VSCode-win32-x64-1.103.2\\data\\extensions\\uqbar.wollok-lsp-ide-0.5.3\\out\\server\\src\\server.js:2393:8440\n    at c:\\Users\\maval\\Downloads\\Agus\\VSCode-win32-x64-1.103.2\\data\\extensions\\uqbar.wollok-lsp-ide-0.5.3\\out\\server\\src\\server.js:37:74872\n    at Ye (c:\\Users\\maval\\Downloads\\Agus\\VSCode-win32-x64-1.103.2\\data\\extensions\\uqbar.wollok-lsp-ide-0.5.3\\out\\server\\src\\server.js:7:8527)\n    at qt (c:\\Users\\maval\\Downloads\\Agus\\VSCode-win32-x64-1.103.2\\data\\extensions\\uqbar.wollok-lsp-ide-0.5.3\\out\\server\\src\\server.js:7:6189)\n    at ot (c:\\Users\\maval\\Downloads\\Agus\\VSCode-win32-x64-1.103.2\\data\\extensions\\uqbar.wollok-lsp-ide-0.5.3\\out\\server\\src\\server.js:7:6378)\n    at Immediate._onImmediate (c:\\Users\\maval\\Downloads\\Agus\\VSCode-win32-x64-1.103.2\\data\\extensions\\uqbar.wollok-lsp-ide-0.5.3\\out\\server\\src\\server.js:7:6142)\n    at process.processImmediate (node:internal/timers:485:21)","timestamp":"2025-09-13T13:41:57.162Z"}
{"level":"error","message":"✘ Completions for node Return (undefined - pgmProgram.wpgm) failed: Error: [Return]{96cd4b} at pgmProgram.wpgm:-- exhausted all cases without a match [Return]{96cd4b} at pgmProgram.wpgm:-- exhausted all cases without a match","stack":"Error: [Return]{96cd4b} at pgmProgram.wpgm:-- exhausted all cases without a match\n    at c:\\Users\\maval\\Downloads\\Agus\\VSCode-win32-x64-1.103.2\\data\\extensions\\uqbar.wollok-lsp-ide-0.5.3\\out\\server\\src\\server.js:38:6142\n    at D2 (c:\\Users\\maval\\Downloads\\Agus\\VSCode-win32-x64-1.103.2\\data\\extensions\\uqbar.wollok-lsp-ide-0.5.3\\out\\server\\src\\server.js:2384:42)\n    at Qh (c:\\Users\\maval\\Downloads\\Agus\\VSCode-win32-x64-1.103.2\\data\\extensions\\uqbar.wollok-lsp-ide-0.5.3\\out\\server\\src\\server.js:2384:1092)\n    at D2 (c:\\Users\\maval\\Downloads\\Agus\\VSCode-win32-x64-1.103.2\\data\\extensions\\uqbar.wollok-lsp-ide-0.5.3\\out\\server\\src\\server.js:2384:544)\n    at c:\\Users\\maval\\Downloads\\Agus\\VSCode-win32-x64-1.103.2\\data\\extensions\\uqbar.wollok-lsp-ide-0.5.3\\out\\server\\src\\server.js:2384:2988\n    at c:\\Users\\maval\\Downloads\\Agus\\VSCode-win32-x64-1.103.2\\data\\extensions\\uqbar.wollok-lsp-ide-0.5.3\\out\\server\\src\\server.js:2393:8440\n    at c:\\Users\\maval\\Downloads\\Agus\\VSCode-win32-x64-1.103.2\\data\\extensions\\uqbar.wollok-lsp-ide-0.5.3\\out\\server\\src\\server.js:37:74872\n    at Ye (c:\\Users\\maval\\Downloads\\Agus\\VSCode-win32-x64-1.103.2\\data\\extensions\\uqbar.wollok-lsp-ide-0.5.3\\out\\server\\src\\server.js:7:8527)\n    at qt (c:\\Users\\maval\\Downloads\\Agus\\VSCode-win32-x64-1.103.2\\data\\extensions\\uqbar.wollok-lsp-ide-0.5.3\\out\\server\\src\\server.js:7:6189)\n    at ot (c:\\Users\\maval\\Downloads\\Agus\\VSCode-win32-x64-1.103.2\\data\\extensions\\uqbar.wollok-lsp-ide-0.5.3\\out\\server\\src\\server.js:7:6378)","timestamp":"2025-09-13T13:41:57.163Z"}
{"level":"error","message":"✘ Completions for node Send ([20:26, 20:50] - pgmProgram.wpgm) failed: Error: [Send]{7dbdb3} at pgmProgram.wpgm:20 exhausted all cases without a match [Send]{7dbdb3} at pgmProgram.wpgm:20 exhausted all cases without a match","stack":"Error: [Send]{7dbdb3} at pgmProgram.wpgm:20 exhausted all cases without a match\n    at c:\\Users\\maval\\Downloads\\Agus\\VSCode-win32-x64-1.103.2\\data\\extensions\\uqbar.wollok-lsp-ide-0.5.3\\out\\server\\src\\server.js:38:6142\n    at D2 (c:\\Users\\maval\\Downloads\\Agus\\VSCode-win32-x64-1.103.2\\data\\extensions\\uqbar.wollok-lsp-ide-0.5.3\\out\\server\\src\\server.js:2384:42)\n    at c:\\Users\\maval\\Downloads\\Agus\\VSCode-win32-x64-1.103.2\\data\\extensions\\uqbar.wollok-lsp-ide-0.5.3\\out\\server\\src\\server.js:2384:2988\n    at c:\\Users\\maval\\Downloads\\Agus\\VSCode-win32-x64-1.103.2\\data\\extensions\\uqbar.wollok-lsp-ide-0.5.3\\out\\server\\src\\server.js:2393:8440\n    at c:\\Users\\maval\\Downloads\\Agus\\VSCode-win32-x64-1.103.2\\data\\extensions\\uqbar.wollok-lsp-ide-0.5.3\\out\\server\\src\\server.js:37:74872\n    at Ye (c:\\Users\\maval\\Downloads\\Agus\\VSCode-win32-x64-1.103.2\\data\\extensions\\uqbar.wollok-lsp-ide-0.5.3\\out\\server\\src\\server.js:7:8527)\n    at qt (c:\\Users\\maval\\Downloads\\Agus\\VSCode-win32-x64-1.103.2\\data\\extensions\\uqbar.wollok-lsp-ide-0.5.3\\out\\server\\src\\server.js:7:6189)\n    at ot (c:\\Users\\maval\\Downloads\\Agus\\VSCode-win32-x64-1.103.2\\data\\extensions\\uqbar.wollok-lsp-ide-0.5.3\\out\\server\\src\\server.js:7:6378)\n    at Immediate._onImmediate (c:\\Users\\maval\\Downloads\\Agus\\VSCode-win32-x64-1.103.2\\data\\extensions\\uqbar.wollok-lsp-ide-0.5.3\\out\\server\\src\\server.js:7:6142)\n    at process.processImmediate (node:internal/timers:485:21)","timestamp":"2025-09-13T13:41:57.383Z"}
{"level":"error","message":"✘ Completions for node Return (undefined - pgmProgram.wpgm) failed: Error: [Return]{5de5e8} at pgmProgram.wpgm:-- exhausted all cases without a match [Return]{5de5e8} at pgmProgram.wpgm:-- exhausted all cases without a match","stack":"Error: [Return]{5de5e8} at pgmProgram.wpgm:-- exhausted all cases without a match\n    at c:\\Users\\maval\\Downloads\\Agus\\VSCode-win32-x64-1.103.2\\data\\extensions\\uqbar.wollok-lsp-ide-0.5.3\\out\\server\\src\\server.js:38:6142\n    at D2 (c:\\Users\\maval\\Downloads\\Agus\\VSCode-win32-x64-1.103.2\\data\\extensions\\uqbar.wollok-lsp-ide-0.5.3\\out\\server\\src\\server.js:2384:42)\n    at Qh (c:\\Users\\maval\\Downloads\\Agus\\VSCode-win32-x64-1.103.2\\data\\extensions\\uqbar.wollok-lsp-ide-0.5.3\\out\\server\\src\\server.js:2384:1092)\n    at D2 (c:\\Users\\maval\\Downloads\\Agus\\VSCode-win32-x64-1.103.2\\data\\extensions\\uqbar.wollok-lsp-ide-0.5.3\\out\\server\\src\\server.js:2384:544)\n    at c:\\Users\\maval\\Downloads\\Agus\\VSCode-win32-x64-1.103.2\\data\\extensions\\uqbar.wollok-lsp-ide-0.5.3\\out\\server\\src\\server.js:2384:2988\n    at c:\\Users\\maval\\Downloads\\Agus\\VSCode-win32-x64-1.103.2\\data\\extensions\\uqbar.wollok-lsp-ide-0.5.3\\out\\server\\src\\server.js:2393:8440\n    at c:\\Users\\maval\\Downloads\\Agus\\VSCode-win32-x64-1.103.2\\data\\extensions\\uqbar.wollok-lsp-ide-0.5.3\\out\\server\\src\\server.js:37:74872\n    at Ye (c:\\Users\\maval\\Downloads\\Agus\\VSCode-win32-x64-1.103.2\\data\\extensions\\uqbar.wollok-lsp-ide-0.5.3\\out\\server\\src\\server.js:7:8527)\n    at qt (c:\\Users\\maval\\Downloads\\Agus\\VSCode-win32-x64-1.103.2\\data\\extensions\\uqbar.wollok-lsp-ide-0.5.3\\out\\server\\src\\server.js:7:6189)\n    at ot (c:\\Users\\maval\\Downloads\\Agus\\VSCode-win32-x64-1.103.2\\data\\extensions\\uqbar.wollok-lsp-ide-0.5.3\\out\\server\\src\\server.js:7:6378)","timestamp":"2025-09-13T13:41:57.384Z"}
{"level":"error","message":"✘ Completions for node Send ([20:26, 20:52] - pgmProgram.wpgm) failed: Error: [Send]{01a8c9} at pgmProgram.wpgm:20 exhausted all cases without a match [Send]{01a8c9} at pgmProgram.wpgm:20 exhausted all cases without a match","stack":"Error: [Send]{01a8c9} at pgmProgram.wpgm:20 exhausted all cases without a match\n    at c:\\Users\\maval\\Downloads\\Agus\\VSCode-win32-x64-1.103.2\\data\\extensions\\uqbar.wollok-lsp-ide-0.5.3\\out\\server\\src\\server.js:38:6142\n    at D2 (c:\\Users\\maval\\Downloads\\Agus\\VSCode-win32-x64-1.103.2\\data\\extensions\\uqbar.wollok-lsp-ide-0.5.3\\out\\server\\src\\server.js:2384:42)\n    at c:\\Users\\maval\\Downloads\\Agus\\VSCode-win32-x64-1.103.2\\data\\extensions\\uqbar.wollok-lsp-ide-0.5.3\\out\\server\\src\\server.js:2384:2988\n    at c:\\Users\\maval\\Downloads\\Agus\\VSCode-win32-x64-1.103.2\\data\\extensions\\uqbar.wollok-lsp-ide-0.5.3\\out\\server\\src\\server.js:2393:8440\n    at c:\\Users\\maval\\Downloads\\Agus\\VSCode-win32-x64-1.103.2\\data\\extensions\\uqbar.wollok-lsp-ide-0.5.3\\out\\server\\src\\server.js:37:74872\n    at Ye (c:\\Users\\maval\\Downloads\\Agus\\VSCode-win32-x64-1.103.2\\data\\extensions\\uqbar.wollok-lsp-ide-0.5.3\\out\\server\\src\\server.js:7:8527)\n    at qt (c:\\Users\\maval\\Downloads\\Agus\\VSCode-win32-x64-1.103.2\\data\\extensions\\uqbar.wollok-lsp-ide-0.5.3\\out\\server\\src\\server.js:7:6189)\n    at ot (c:\\Users\\maval\\Downloads\\Agus\\VSCode-win32-x64-1.103.2\\data\\extensions\\uqbar.wollok-lsp-ide-0.5.3\\out\\server\\src\\server.js:7:6378)\n    at Immediate._onImmediate (c:\\Users\\maval\\Downloads\\Agus\\VSCode-win32-x64-1.103.2\\data\\extensions\\uqbar.wollok-lsp-ide-0.5.3\\out\\server\\src\\server.js:7:6142)\n    at process.processImmediate (node:internal/timers:485:21)","timestamp":"2025-09-13T13:41:57.681Z"}
{"level":"error","message":"✘ Completions for node Return (undefined - pgmProgram.wpgm) failed: Error: [Return]{722c8f} at pgmProgram.wpgm:-- exhausted all cases without a match [Return]{722c8f} at pgmProgram.wpgm:-- exhausted all cases without a match","stack":"Error: [Return]{722c8f} at pgmProgram.wpgm:-- exhausted all cases without a match\n    at c:\\Users\\maval\\Downloads\\Agus\\VSCode-win32-x64-1.103.2\\data\\extensions\\uqbar.wollok-lsp-ide-0.5.3\\out\\server\\src\\server.js:38:6142\n    at D2 (c:\\Users\\maval\\Downloads\\Agus\\VSCode-win32-x64-1.103.2\\data\\extensions\\uqbar.wollok-lsp-ide-0.5.3\\out\\server\\src\\server.js:2384:42)\n    at Qh (c:\\Users\\maval\\Downloads\\Agus\\VSCode-win32-x64-1.103.2\\data\\extensions\\uqbar.wollok-lsp-ide-0.5.3\\out\\server\\src\\server.js:2384:1092)\n    at D2 (c:\\Users\\maval\\Downloads\\Agus\\VSCode-win32-x64-1.103.2\\data\\extensions\\uqbar.wollok-lsp-ide-0.5.3\\out\\server\\src\\server.js:2384:544)\n    at c:\\Users\\maval\\Downloads\\Agus\\VSCode-win32-x64-1.103.2\\data\\extensions\\uqbar.wollok-lsp-ide-0.5.3\\out\\server\\src\\server.js:2384:2988\n    at c:\\Users\\maval\\Downloads\\Agus\\VSCode-win32-x64-1.103.2\\data\\extensions\\uqbar.wollok-lsp-ide-0.5.3\\out\\server\\src\\server.js:2393:8440\n    at c:\\Users\\maval\\Downloads\\Agus\\VSCode-win32-x64-1.103.2\\data\\extensions\\uqbar.wollok-lsp-ide-0.5.3\\out\\server\\src\\server.js:37:74872\n    at Ye (c:\\Users\\maval\\Downloads\\Agus\\VSCode-win32-x64-1.103.2\\data\\extensions\\uqbar.wollok-lsp-ide-0.5.3\\out\\server\\src\\server.js:7:8527)\n    at qt (c:\\Users\\maval\\Downloads\\Agus\\VSCode-win32-x64-1.103.2\\data\\extensions\\uqbar.wollok-lsp-ide-0.5.3\\out\\server\\src\\server.js:7:6189)\n    at ot (c:\\Users\\maval\\Downloads\\Agus\\VSCode-win32-x64-1.103.2\\data\\extensions\\uqbar.wollok-lsp-ide-0.5.3\\out\\server\\src\\server.js:7:6378)","timestamp":"2025-09-13T13:41:57.681Z"}
{"level":"error","message":"✘ Completions for node Send ([20:26, 20:54] - pgmProgram.wpgm) failed: Error: [Send]{fe14e8} at pgmProgram.wpgm:20 exhausted all cases without a match [Send]{fe14e8} at pgmProgram.wpgm:20 exhausted all cases without a match","stack":"Error: [Send]{fe14e8} at pgmProgram.wpgm:20 exhausted all cases without a match\n    at c:\\Users\\maval\\Downloads\\Agus\\VSCode-win32-x64-1.103.2\\data\\extensions\\uqbar.wollok-lsp-ide-0.5.3\\out\\server\\src\\server.js:38:6142\n    at D2 (c:\\Users\\maval\\Downloads\\Agus\\VSCode-win32-x64-1.103.2\\data\\extensions\\uqbar.wollok-lsp-ide-0.5.3\\out\\server\\src\\server.js:2384:42)\n    at c:\\Users\\maval\\Downloads\\Agus\\VSCode-win32-x64-1.103.2\\data\\extensions\\uqbar.wollok-lsp-ide-0.5.3\\out\\server\\src\\server.js:2384:2988\n    at c:\\Users\\maval\\Downloads\\Agus\\VSCode-win32-x64-1.103.2\\data\\extensions\\uqbar.wollok-lsp-ide-0.5.3\\out\\server\\src\\server.js:2393:8440\n    at c:\\Users\\maval\\Downloads\\Agus\\VSCode-win32-x64-1.103.2\\data\\extensions\\uqbar.wollok-lsp-ide-0.5.3\\out\\server\\src\\server.js:37:74872\n    at Ye (c:\\Users\\maval\\Downloads\\Agus\\VSCode-win32-x64-1.103.2\\data\\extensions\\uqbar.wollok-lsp-ide-0.5.3\\out\\server\\src\\server.js:7:8527)\n    at qt (c:\\Users\\maval\\Downloads\\Agus\\VSCode-win32-x64-1.103.2\\data\\extensions\\uqbar.wollok-lsp-ide-0.5.3\\out\\server\\src\\server.js:7:6189)\n    at ot (c:\\Users\\maval\\Downloads\\Agus\\VSCode-win32-x64-1.103.2\\data\\extensions\\uqbar.wollok-lsp-ide-0.5.3\\out\\server\\src\\server.js:7:6378)\n    at Immediate._onImmediate (c:\\Users\\maval\\Downloads\\Agus\\VSCode-win32-x64-1.103.2\\data\\extensions\\uqbar.wollok-lsp-ide-0.5.3\\out\\server\\src\\server.js:7:6142)\n    at process.processImmediate (node:internal/timers:485:21)","timestamp":"2025-09-13T13:41:57.965Z"}
{"level":"error","message":"✘ Completions for node Return (undefined - pgmProgram.wpgm) failed: Error: [Return]{a74d69} at pgmProgram.wpgm:-- exhausted all cases without a match [Return]{a74d69} at pgmProgram.wpgm:-- exhausted all cases without a match","stack":"Error: [Return]{a74d69} at pgmProgram.wpgm:-- exhausted all cases without a match\n    at c:\\Users\\maval\\Downloads\\Agus\\VSCode-win32-x64-1.103.2\\data\\extensions\\uqbar.wollok-lsp-ide-0.5.3\\out\\server\\src\\server.js:38:6142\n    at D2 (c:\\Users\\maval\\Downloads\\Agus\\VSCode-win32-x64-1.103.2\\data\\extensions\\uqbar.wollok-lsp-ide-0.5.3\\out\\server\\src\\server.js:2384:42)\n    at Qh (c:\\Users\\maval\\Downloads\\Agus\\VSCode-win32-x64-1.103.2\\data\\extensions\\uqbar.wollok-lsp-ide-0.5.3\\out\\server\\src\\server.js:2384:1092)\n    at D2 (c:\\Users\\maval\\Downloads\\Agus\\VSCode-win32-x64-1.103.2\\data\\extensions\\uqbar.wollok-lsp-ide-0.5.3\\out\\server\\src\\server.js:2384:544)\n    at c:\\Users\\maval\\Downloads\\Agus\\VSCode-win32-x64-1.103.2\\data\\extensions\\uqbar.wollok-lsp-ide-0.5.3\\out\\server\\src\\server.js:2384:2988\n    at c:\\Users\\maval\\Downloads\\Agus\\VSCode-win32-x64-1.103.2\\data\\extensions\\uqbar.wollok-lsp-ide-0.5.3\\out\\server\\src\\server.js:2393:8440\n    at c:\\Users\\maval\\Downloads\\Agus\\VSCode-win32-x64-1.103.2\\data\\extensions\\uqbar.wollok-lsp-ide-0.5.3\\out\\server\\src\\server.js:37:74872\n    at Ye (c:\\Users\\maval\\Downloads\\Agus\\VSCode-win32-x64-1.103.2\\data\\extensions\\uqbar.wollok-lsp-ide-0.5.3\\out\\server\\src\\server.js:7:8527)\n    at qt (c:\\Users\\maval\\Downloads\\Agus\\VSCode-win32-x64-1.103.2\\data\\extensions\\uqbar.wollok-lsp-ide-0.5.3\\out\\server\\src\\server.js:7:6189)\n    at ot (c:\\Users\\maval\\Downloads\\Agus\\VSCode-win32-x64-1.103.2\\data\\extensions\\uqbar.wollok-lsp-ide-0.5.3\\out\\server\\src\\server.js:7:6378)","timestamp":"2025-09-13T13:41:57.965Z"}
{"level":"error","message":"✘ Completions for node Send ([21:26, 21:46] - pgmProgram.wpgm) failed: Error: [Send]{ecbdb7} at pgmProgram.wpgm:21 exhausted all cases without a match [Send]{ecbdb7} at pgmProgram.wpgm:21 exhausted all cases without a match","stack":"Error: [Send]{ecbdb7} at pgmProgram.wpgm:21 exhausted all cases without a match\n    at c:\\Users\\maval\\Downloads\\Agus\\VSCode-win32-x64-1.103.2\\data\\extensions\\uqbar.wollok-lsp-ide-0.5.3\\out\\server\\src\\server.js:38:6142\n    at D2 (c:\\Users\\maval\\Downloads\\Agus\\VSCode-win32-x64-1.103.2\\data\\extensions\\uqbar.wollok-lsp-ide-0.5.3\\out\\server\\src\\server.js:2384:42)\n    at c:\\Users\\maval\\Downloads\\Agus\\VSCode-win32-x64-1.103.2\\data\\extensions\\uqbar.wollok-lsp-ide-0.5.3\\out\\server\\src\\server.js:2384:2988\n    at c:\\Users\\maval\\Downloads\\Agus\\VSCode-win32-x64-1.103.2\\data\\extensions\\uqbar.wollok-lsp-ide-0.5.3\\out\\server\\src\\server.js:2393:8440\n    at c:\\Users\\maval\\Downloads\\Agus\\VSCode-win32-x64-1.103.2\\data\\extensions\\uqbar.wollok-lsp-ide-0.5.3\\out\\server\\src\\server.js:37:74872\n    at Ye (c:\\Users\\maval\\Downloads\\Agus\\VSCode-win32-x64-1.103.2\\data\\extensions\\uqbar.wollok-lsp-ide-0.5.3\\out\\server\\src\\server.js:7:8527)\n    at qt (c:\\Users\\maval\\Downloads\\Agus\\VSCode-win32-x64-1.103.2\\data\\extensions\\uqbar.wollok-lsp-ide-0.5.3\\out\\server\\src\\server.js:7:6189)\n    at ot (c:\\Users\\maval\\Downloads\\Agus\\VSCode-win32-x64-1.103.2\\data\\extensions\\uqbar.wollok-lsp-ide-0.5.3\\out\\server\\src\\server.js:7:6378)\n    at Immediate._onImmediate (c:\\Users\\maval\\Downloads\\Agus\\VSCode-win32-x64-1.103.2\\data\\extensions\\uqbar.wollok-lsp-ide-0.5.3\\out\\server\\src\\server.js:7:6142)\n    at process.processImmediate (node:internal/timers:485:21)","timestamp":"2025-09-13T13:42:01.755Z"}
{"level":"error","message":"✘ Completions for node Return (undefined - pgmProgram.wpgm) failed: Error: [Return]{e5f4d0} at pgmProgram.wpgm:-- exhausted all cases without a match [Return]{e5f4d0} at pgmProgram.wpgm:-- exhausted all cases without a match","stack":"Error: [Return]{e5f4d0} at pgmProgram.wpgm:-- exhausted all cases without a match\n    at c:\\Users\\maval\\Downloads\\Agus\\VSCode-win32-x64-1.103.2\\data\\extensions\\uqbar.wollok-lsp-ide-0.5.3\\out\\server\\src\\server.js:38:6142\n    at D2 (c:\\Users\\maval\\Downloads\\Agus\\VSCode-win32-x64-1.103.2\\data\\extensions\\uqbar.wollok-lsp-ide-0.5.3\\out\\server\\src\\server.js:2384:42)\n    at Qh (c:\\Users\\maval\\Downloads\\Agus\\VSCode-win32-x64-1.103.2\\data\\extensions\\uqbar.wollok-lsp-ide-0.5.3\\out\\server\\src\\server.js:2384:1092)\n    at D2 (c:\\Users\\maval\\Downloads\\Agus\\VSCode-win32-x64-1.103.2\\data\\extensions\\uqbar.wollok-lsp-ide-0.5.3\\out\\server\\src\\server.js:2384:544)\n    at c:\\Users\\maval\\Downloads\\Agus\\VSCode-win32-x64-1.103.2\\data\\extensions\\uqbar.wollok-lsp-ide-0.5.3\\out\\server\\src\\server.js:2384:2988\n    at c:\\Users\\maval\\Downloads\\Agus\\VSCode-win32-x64-1.103.2\\data\\extensions\\uqbar.wollok-lsp-ide-0.5.3\\out\\server\\src\\server.js:2393:8440\n    at c:\\Users\\maval\\Downloads\\Agus\\VSCode-win32-x64-1.103.2\\data\\extensions\\uqbar.wollok-lsp-ide-0.5.3\\out\\server\\src\\server.js:37:74872\n    at Ye (c:\\Users\\maval\\Downloads\\Agus\\VSCode-win32-x64-1.103.2\\data\\extensions\\uqbar.wollok-lsp-ide-0.5.3\\out\\server\\src\\server.js:7:8527)\n    at qt (c:\\Users\\maval\\Downloads\\Agus\\VSCode-win32-x64-1.103.2\\data\\extensions\\uqbar.wollok-lsp-ide-0.5.3\\out\\server\\src\\server.js:7:6189)\n    at ot (c:\\Users\\maval\\Downloads\\Agus\\VSCode-win32-x64-1.103.2\\data\\extensions\\uqbar.wollok-lsp-ide-0.5.3\\out\\server\\src\\server.js:7:6378)","timestamp":"2025-09-13T13:42:01.755Z"}
{"level":"error","message":"✘ Completions for node Send ([21:26, 21:47] - pgmProgram.wpgm) failed: Error: [Send]{8d7be8} at pgmProgram.wpgm:21 exhausted all cases without a match [Send]{8d7be8} at pgmProgram.wpgm:21 exhausted all cases without a match","stack":"Error: [Send]{8d7be8} at pgmProgram.wpgm:21 exhausted all cases without a match\n    at c:\\Users\\maval\\Downloads\\Agus\\VSCode-win32-x64-1.103.2\\data\\extensions\\uqbar.wollok-lsp-ide-0.5.3\\out\\server\\src\\server.js:38:6142\n    at D2 (c:\\Users\\maval\\Downloads\\Agus\\VSCode-win32-x64-1.103.2\\data\\extensions\\uqbar.wollok-lsp-ide-0.5.3\\out\\server\\src\\server.js:2384:42)\n    at c:\\Users\\maval\\Downloads\\Agus\\VSCode-win32-x64-1.103.2\\data\\extensions\\uqbar.wollok-lsp-ide-0.5.3\\out\\server\\src\\server.js:2384:2988\n    at c:\\Users\\maval\\Downloads\\Agus\\VSCode-win32-x64-1.103.2\\data\\extensions\\uqbar.wollok-lsp-ide-0.5.3\\out\\server\\src\\server.js:2393:8440\n    at c:\\Users\\maval\\Downloads\\Agus\\VSCode-win32-x64-1.103.2\\data\\extensions\\uqbar.wollok-lsp-ide-0.5.3\\out\\server\\src\\server.js:37:74872\n    at Ye (c:\\Users\\maval\\Downloads\\Agus\\VSCode-win32-x64-1.103.2\\data\\extensions\\uqbar.wollok-lsp-ide-0.5.3\\out\\server\\src\\server.js:7:8527)\n    at qt (c:\\Users\\maval\\Downloads\\Agus\\VSCode-win32-x64-1.103.2\\data\\extensions\\uqbar.wollok-lsp-ide-0.5.3\\out\\server\\src\\server.js:7:6189)\n    at ot (c:\\Users\\maval\\Downloads\\Agus\\VSCode-win32-x64-1.103.2\\data\\extensions\\uqbar.wollok-lsp-ide-0.5.3\\out\\server\\src\\server.js:7:6378)\n    at Immediate._onImmediate (c:\\Users\\maval\\Downloads\\Agus\\VSCode-win32-x64-1.103.2\\data\\extensions\\uqbar.wollok-lsp-ide-0.5.3\\out\\server\\src\\server.js:7:6142)\n    at process.processImmediate (node:internal/timers:485:21)","timestamp":"2025-09-13T13:42:01.965Z"}
{"level":"error","message":"✘ Completions for node Return (undefined - pgmProgram.wpgm) failed: Error: [Return]{80d470} at pgmProgram.wpgm:-- exhausted all cases without a match [Return]{80d470} at pgmProgram.wpgm:-- exhausted all cases without a match","stack":"Error: [Return]{80d470} at pgmProgram.wpgm:-- exhausted all cases without a match\n    at c:\\Users\\maval\\Downloads\\Agus\\VSCode-win32-x64-1.103.2\\data\\extensions\\uqbar.wollok-lsp-ide-0.5.3\\out\\server\\src\\server.js:38:6142\n    at D2 (c:\\Users\\maval\\Downloads\\Agus\\VSCode-win32-x64-1.103.2\\data\\extensions\\uqbar.wollok-lsp-ide-0.5.3\\out\\server\\src\\server.js:2384:42)\n    at Qh (c:\\Users\\maval\\Downloads\\Agus\\VSCode-win32-x64-1.103.2\\data\\extensions\\uqbar.wollok-lsp-ide-0.5.3\\out\\server\\src\\server.js:2384:1092)\n    at D2 (c:\\Users\\maval\\Downloads\\Agus\\VSCode-win32-x64-1.103.2\\data\\extensions\\uqbar.wollok-lsp-ide-0.5.3\\out\\server\\src\\server.js:2384:544)\n    at c:\\Users\\maval\\Downloads\\Agus\\VSCode-win32-x64-1.103.2\\data\\extensions\\uqbar.wollok-lsp-ide-0.5.3\\out\\server\\src\\server.js:2384:2988\n    at c:\\Users\\maval\\Downloads\\Agus\\VSCode-win32-x64-1.103.2\\data\\extensions\\uqbar.wollok-lsp-ide-0.5.3\\out\\server\\src\\server.js:2393:8440\n    at c:\\Users\\maval\\Downloads\\Agus\\VSCode-win32-x64-1.103.2\\data\\extensions\\uqbar.wollok-lsp-ide-0.5.3\\out\\server\\src\\server.js:37:74872\n    at Ye (c:\\Users\\maval\\Downloads\\Agus\\VSCode-win32-x64-1.103.2\\data\\extensions\\uqbar.wollok-lsp-ide-0.5.3\\out\\server\\src\\server.js:7:8527)\n    at qt (c:\\Users\\maval\\Downloads\\Agus\\VSCode-win32-x64-1.103.2\\data\\extensions\\uqbar.wollok-lsp-ide-0.5.3\\out\\server\\src\\server.js:7:6189)\n    at ot (c:\\Users\\maval\\Downloads\\Agus\\VSCode-win32-x64-1.103.2\\data\\extensions\\uqbar.wollok-lsp-ide-0.5.3\\out\\server\\src\\server.js:7:6378)","timestamp":"2025-09-13T13:42:01.965Z"}
{"level":"error","message":"✘ Completions for node Send ([21:26, 21:48] - pgmProgram.wpgm) failed: Error: [Send]{afbca3} at pgmProgram.wpgm:21 exhausted all cases without a match [Send]{afbca3} at pgmProgram.wpgm:21 exhausted all cases without a match","stack":"Error: [Send]{afbca3} at pgmProgram.wpgm:21 exhausted all cases without a match\n    at c:\\Users\\maval\\Downloads\\Agus\\VSCode-win32-x64-1.103.2\\data\\extensions\\uqbar.wollok-lsp-ide-0.5.3\\out\\server\\src\\server.js:38:6142\n    at D2 (c:\\Users\\maval\\Downloads\\Agus\\VSCode-win32-x64-1.103.2\\data\\extensions\\uqbar.wollok-lsp-ide-0.5.3\\out\\server\\src\\server.js:2384:42)\n    at c:\\Users\\maval\\Downloads\\Agus\\VSCode-win32-x64-1.103.2\\data\\extensions\\uqbar.wollok-lsp-ide-0.5.3\\out\\server\\src\\server.js:2384:2988\n    at c:\\Users\\maval\\Downloads\\Agus\\VSCode-win32-x64-1.103.2\\data\\extensions\\uqbar.wollok-lsp-ide-0.5.3\\out\\server\\src\\server.js:2393:8440\n    at c:\\Users\\maval\\Downloads\\Agus\\VSCode-win32-x64-1.103.2\\data\\extensions\\uqbar.wollok-lsp-ide-0.5.3\\out\\server\\src\\server.js:37:74872\n    at Ye (c:\\Users\\maval\\Downloads\\Agus\\VSCode-win32-x64-1.103.2\\data\\extensions\\uqbar.wollok-lsp-ide-0.5.3\\out\\server\\src\\server.js:7:8527)\n    at qt (c:\\Users\\maval\\Downloads\\Agus\\VSCode-win32-x64-1.103.2\\data\\extensions\\uqbar.wollok-lsp-ide-0.5.3\\out\\server\\src\\server.js:7:6189)\n    at ot (c:\\Users\\maval\\Downloads\\Agus\\VSCode-win32-x64-1.103.2\\data\\extensions\\uqbar.wollok-lsp-ide-0.5.3\\out\\server\\src\\server.js:7:6378)\n    at Immediate._onImmediate (c:\\Users\\maval\\Downloads\\Agus\\VSCode-win32-x64-1.103.2\\data\\extensions\\uqbar.wollok-lsp-ide-0.5.3\\out\\server\\src\\server.js:7:6142)\n    at process.processImmediate (node:internal/timers:485:21)","timestamp":"2025-09-13T13:42:02.132Z"}
{"level":"error","message":"✘ Completions for node Return (undefined - pgmProgram.wpgm) failed: Error: [Return]{6c0179} at pgmProgram.wpgm:-- exhausted all cases without a match [Return]{6c0179} at pgmProgram.wpgm:-- exhausted all cases without a match","stack":"Error: [Return]{6c0179} at pgmProgram.wpgm:-- exhausted all cases without a match\n    at c:\\Users\\maval\\Downloads\\Agus\\VSCode-win32-x64-1.103.2\\data\\extensions\\uqbar.wollok-lsp-ide-0.5.3\\out\\server\\src\\server.js:38:6142\n    at D2 (c:\\Users\\maval\\Downloads\\Agus\\VSCode-win32-x64-1.103.2\\data\\extensions\\uqbar.wollok-lsp-ide-0.5.3\\out\\server\\src\\server.js:2384:42)\n    at Qh (c:\\Users\\maval\\Downloads\\Agus\\VSCode-win32-x64-1.103.2\\data\\extensions\\uqbar.wollok-lsp-ide-0.5.3\\out\\server\\src\\server.js:2384:1092)\n    at D2 (c:\\Users\\maval\\Downloads\\Agus\\VSCode-win32-x64-1.103.2\\data\\extensions\\uqbar.wollok-lsp-ide-0.5.3\\out\\server\\src\\server.js:2384:544)\n    at c:\\Users\\maval\\Downloads\\Agus\\VSCode-win32-x64-1.103.2\\data\\extensions\\uqbar.wollok-lsp-ide-0.5.3\\out\\server\\src\\server.js:2384:2988\n    at c:\\Users\\maval\\Downloads\\Agus\\VSCode-win32-x64-1.103.2\\data\\extensions\\uqbar.wollok-lsp-ide-0.5.3\\out\\server\\src\\server.js:2393:8440\n    at c:\\Users\\maval\\Downloads\\Agus\\VSCode-win32-x64-1.103.2\\data\\extensions\\uqbar.wollok-lsp-ide-0.5.3\\out\\server\\src\\server.js:37:74872\n    at Ye (c:\\Users\\maval\\Downloads\\Agus\\VSCode-win32-x64-1.103.2\\data\\extensions\\uqbar.wollok-lsp-ide-0.5.3\\out\\server\\src\\server.js:7:8527)\n    at qt (c:\\Users\\maval\\Downloads\\Agus\\VSCode-win32-x64-1.103.2\\data\\extensions\\uqbar.wollok-lsp-ide-0.5.3\\out\\server\\src\\server.js:7:6189)\n    at ot (c:\\Users\\maval\\Downloads\\Agus\\VSCode-win32-x64-1.103.2\\data\\extensions\\uqbar.wollok-lsp-ide-0.5.3\\out\\server\\src\\server.js:7:6378)","timestamp":"2025-09-13T13:42:02.132Z"}
{"level":"error","message":"✘ Completions for node Send ([21:26, 21:49] - pgmProgram.wpgm) failed: Error: [Send]{3f3a69} at pgmProgram.wpgm:21 exhausted all cases without a match [Send]{3f3a69} at pgmProgram.wpgm:21 exhausted all cases without a match","stack":"Error: [Send]{3f3a69} at pgmProgram.wpgm:21 exhausted all cases without a match\n    at c:\\Users\\maval\\Downloads\\Agus\\VSCode-win32-x64-1.103.2\\data\\extensions\\uqbar.wollok-lsp-ide-0.5.3\\out\\server\\src\\server.js:38:6142\n    at D2 (c:\\Users\\maval\\Downloads\\Agus\\VSCode-win32-x64-1.103.2\\data\\extensions\\uqbar.wollok-lsp-ide-0.5.3\\out\\server\\src\\server.js:2384:42)\n    at c:\\Users\\maval\\Downloads\\Agus\\VSCode-win32-x64-1.103.2\\data\\extensions\\uqbar.wollok-lsp-ide-0.5.3\\out\\server\\src\\server.js:2384:2988\n    at c:\\Users\\maval\\Downloads\\Agus\\VSCode-win32-x64-1.103.2\\data\\extensions\\uqbar.wollok-lsp-ide-0.5.3\\out\\server\\src\\server.js:2393:8440\n    at c:\\Users\\maval\\Downloads\\Agus\\VSCode-win32-x64-1.103.2\\data\\extensions\\uqbar.wollok-lsp-ide-0.5.3\\out\\server\\src\\server.js:37:74872\n    at Ye (c:\\Users\\maval\\Downloads\\Agus\\VSCode-win32-x64-1.103.2\\data\\extensions\\uqbar.wollok-lsp-ide-0.5.3\\out\\server\\src\\server.js:7:8527)\n    at qt (c:\\Users\\maval\\Downloads\\Agus\\VSCode-win32-x64-1.103.2\\data\\extensions\\uqbar.wollok-lsp-ide-0.5.3\\out\\server\\src\\server.js:7:6189)\n    at ot (c:\\Users\\maval\\Downloads\\Agus\\VSCode-win32-x64-1.103.2\\data\\extensions\\uqbar.wollok-lsp-ide-0.5.3\\out\\server\\src\\server.js:7:6378)\n    at Immediate._onImmediate (c:\\Users\\maval\\Downloads\\Agus\\VSCode-win32-x64-1.103.2\\data\\extensions\\uqbar.wollok-lsp-ide-0.5.3\\out\\server\\src\\server.js:7:6142)\n    at process.processImmediate (node:internal/timers:485:21)","timestamp":"2025-09-13T13:42:02.307Z"}
{"level":"error","message":"✘ Completions for node Return (undefined - pgmProgram.wpgm) failed: Error: [Return]{812aff} at pgmProgram.wpgm:-- exhausted all cases without a match [Return]{812aff} at pgmProgram.wpgm:-- exhausted all cases without a match","stack":"Error: [Return]{812aff} at pgmProgram.wpgm:-- exhausted all cases without a match\n    at c:\\Users\\maval\\Downloads\\Agus\\VSCode-win32-x64-1.103.2\\data\\extensions\\uqbar.wollok-lsp-ide-0.5.3\\out\\server\\src\\server.js:38:6142\n    at D2 (c:\\Users\\maval\\Downloads\\Agus\\VSCode-win32-x64-1.103.2\\data\\extensions\\uqbar.wollok-lsp-ide-0.5.3\\out\\server\\src\\server.js:2384:42)\n    at Qh (c:\\Users\\maval\\Downloads\\Agus\\VSCode-win32-x64-1.103.2\\data\\extensions\\uqbar.wollok-lsp-ide-0.5.3\\out\\server\\src\\server.js:2384:1092)\n    at D2 (c:\\Users\\maval\\Downloads\\Agus\\VSCode-win32-x64-1.103.2\\data\\extensions\\uqbar.wollok-lsp-ide-0.5.3\\out\\server\\src\\server.js:2384:544)\n    at c:\\Users\\maval\\Downloads\\Agus\\VSCode-win32-x64-1.103.2\\data\\extensions\\uqbar.wollok-lsp-ide-0.5.3\\out\\server\\src\\server.js:2384:2988\n    at c:\\Users\\maval\\Downloads\\Agus\\VSCode-win32-x64-1.103.2\\data\\extensions\\uqbar.wollok-lsp-ide-0.5.3\\out\\server\\src\\server.js:2393:8440\n    at c:\\Users\\maval\\Downloads\\Agus\\VSCode-win32-x64-1.103.2\\data\\extensions\\uqbar.wollok-lsp-ide-0.5.3\\out\\server\\src\\server.js:37:74872\n    at Ye (c:\\Users\\maval\\Downloads\\Agus\\VSCode-win32-x64-1.103.2\\data\\extensions\\uqbar.wollok-lsp-ide-0.5.3\\out\\server\\src\\server.js:7:8527)\n    at qt (c:\\Users\\maval\\Downloads\\Agus\\VSCode-win32-x64-1.103.2\\data\\extensions\\uqbar.wollok-lsp-ide-0.5.3\\out\\server\\src\\server.js:7:6189)\n    at ot (c:\\Users\\maval\\Downloads\\Agus\\VSCode-win32-x64-1.103.2\\data\\extensions\\uqbar.wollok-lsp-ide-0.5.3\\out\\server\\src\\server.js:7:6378)","timestamp":"2025-09-13T13:42:02.307Z"}
{"level":"error","message":"✘ Completions for node Send ([21:26, 21:50] - pgmProgram.wpgm) failed: Error: [Send]{771fbf} at pgmProgram.wpgm:21 exhausted all cases without a match [Send]{771fbf} at pgmProgram.wpgm:21 exhausted all cases without a match","stack":"Error: [Send]{771fbf} at pgmProgram.wpgm:21 exhausted all cases without a match\n    at c:\\Users\\maval\\Downloads\\Agus\\VSCode-win32-x64-1.103.2\\data\\extensions\\uqbar.wollok-lsp-ide-0.5.3\\out\\server\\src\\server.js:38:6142\n    at D2 (c:\\Users\\maval\\Downloads\\Agus\\VSCode-win32-x64-1.103.2\\data\\extensions\\uqbar.wollok-lsp-ide-0.5.3\\out\\server\\src\\server.js:2384:42)\n    at c:\\Users\\maval\\Downloads\\Agus\\VSCode-win32-x64-1.103.2\\data\\extensions\\uqbar.wollok-lsp-ide-0.5.3\\out\\server\\src\\server.js:2384:2988\n    at c:\\Users\\maval\\Downloads\\Agus\\VSCode-win32-x64-1.103.2\\data\\extensions\\uqbar.wollok-lsp-ide-0.5.3\\out\\server\\src\\server.js:2393:8440\n    at c:\\Users\\maval\\Downloads\\Agus\\VSCode-win32-x64-1.103.2\\data\\extensions\\uqbar.wollok-lsp-ide-0.5.3\\out\\server\\src\\server.js:37:74872\n    at Ye (c:\\Users\\maval\\Downloads\\Agus\\VSCode-win32-x64-1.103.2\\data\\extensions\\uqbar.wollok-lsp-ide-0.5.3\\out\\server\\src\\server.js:7:8527)\n    at qt (c:\\Users\\maval\\Downloads\\Agus\\VSCode-win32-x64-1.103.2\\data\\extensions\\uqbar.wollok-lsp-ide-0.5.3\\out\\server\\src\\server.js:7:6189)\n    at ot (c:\\Users\\maval\\Downloads\\Agus\\VSCode-win32-x64-1.103.2\\data\\extensions\\uqbar.wollok-lsp-ide-0.5.3\\out\\server\\src\\server.js:7:6378)\n    at Immediate._onImmediate (c:\\Users\\maval\\Downloads\\Agus\\VSCode-win32-x64-1.103.2\\data\\extensions\\uqbar.wollok-lsp-ide-0.5.3\\out\\server\\src\\server.js:7:6142)\n    at process.processImmediate (node:internal/timers:485:21)","timestamp":"2025-09-13T13:42:02.466Z"}
{"level":"error","message":"✘ Completions for node Return (undefined - pgmProgram.wpgm) failed: Error: [Return]{622659} at pgmProgram.wpgm:-- exhausted all cases without a match [Return]{622659} at pgmProgram.wpgm:-- exhausted all cases without a match","stack":"Error: [Return]{622659} at pgmProgram.wpgm:-- exhausted all cases without a match\n    at c:\\Users\\maval\\Downloads\\Agus\\VSCode-win32-x64-1.103.2\\data\\extensions\\uqbar.wollok-lsp-ide-0.5.3\\out\\server\\src\\server.js:38:6142\n    at D2 (c:\\Users\\maval\\Downloads\\Agus\\VSCode-win32-x64-1.103.2\\data\\extensions\\uqbar.wollok-lsp-ide-0.5.3\\out\\server\\src\\server.js:2384:42)\n    at Qh (c:\\Users\\maval\\Downloads\\Agus\\VSCode-win32-x64-1.103.2\\data\\extensions\\uqbar.wollok-lsp-ide-0.5.3\\out\\server\\src\\server.js:2384:1092)\n    at D2 (c:\\Users\\maval\\Downloads\\Agus\\VSCode-win32-x64-1.103.2\\data\\extensions\\uqbar.wollok-lsp-ide-0.5.3\\out\\server\\src\\server.js:2384:544)\n    at c:\\Users\\maval\\Downloads\\Agus\\VSCode-win32-x64-1.103.2\\data\\extensions\\uqbar.wollok-lsp-ide-0.5.3\\out\\server\\src\\server.js:2384:2988\n    at c:\\Users\\maval\\Downloads\\Agus\\VSCode-win32-x64-1.103.2\\data\\extensions\\uqbar.wollok-lsp-ide-0.5.3\\out\\server\\src\\server.js:2393:8440\n    at c:\\Users\\maval\\Downloads\\Agus\\VSCode-win32-x64-1.103.2\\data\\extensions\\uqbar.wollok-lsp-ide-0.5.3\\out\\server\\src\\server.js:37:74872\n    at Ye (c:\\Users\\maval\\Downloads\\Agus\\VSCode-win32-x64-1.103.2\\data\\extensions\\uqbar.wollok-lsp-ide-0.5.3\\out\\server\\src\\server.js:7:8527)\n    at qt (c:\\Users\\maval\\Downloads\\Agus\\VSCode-win32-x64-1.103.2\\data\\extensions\\uqbar.wollok-lsp-ide-0.5.3\\out\\server\\src\\server.js:7:6189)\n    at ot (c:\\Users\\maval\\Downloads\\Agus\\VSCode-win32-x64-1.103.2\\data\\extensions\\uqbar.wollok-lsp-ide-0.5.3\\out\\server\\src\\server.js:7:6378)","timestamp":"2025-09-13T13:42:02.466Z"}
{"level":"error","message":"✘ Completions for node Send ([21:26, 21:52] - pgmProgram.wpgm) failed: Error: [Send]{7468ab} at pgmProgram.wpgm:21 exhausted all cases without a match [Send]{7468ab} at pgmProgram.wpgm:21 exhausted all cases without a match","stack":"Error: [Send]{7468ab} at pgmProgram.wpgm:21 exhausted all cases without a match\n    at c:\\Users\\maval\\Downloads\\Agus\\VSCode-win32-x64-1.103.2\\data\\extensions\\uqbar.wollok-lsp-ide-0.5.3\\out\\server\\src\\server.js:38:6142\n    at D2 (c:\\Users\\maval\\Downloads\\Agus\\VSCode-win32-x64-1.103.2\\data\\extensions\\uqbar.wollok-lsp-ide-0.5.3\\out\\server\\src\\server.js:2384:42)\n    at c:\\Users\\maval\\Downloads\\Agus\\VSCode-win32-x64-1.103.2\\data\\extensions\\uqbar.wollok-lsp-ide-0.5.3\\out\\server\\src\\server.js:2384:2988\n    at c:\\Users\\maval\\Downloads\\Agus\\VSCode-win32-x64-1.103.2\\data\\extensions\\uqbar.wollok-lsp-ide-0.5.3\\out\\server\\src\\server.js:2393:8440\n    at c:\\Users\\maval\\Downloads\\Agus\\VSCode-win32-x64-1.103.2\\data\\extensions\\uqbar.wollok-lsp-ide-0.5.3\\out\\server\\src\\server.js:37:74872\n    at Ye (c:\\Users\\maval\\Downloads\\Agus\\VSCode-win32-x64-1.103.2\\data\\extensions\\uqbar.wollok-lsp-ide-0.5.3\\out\\server\\src\\server.js:7:8527)\n    at qt (c:\\Users\\maval\\Downloads\\Agus\\VSCode-win32-x64-1.103.2\\data\\extensions\\uqbar.wollok-lsp-ide-0.5.3\\out\\server\\src\\server.js:7:6189)\n    at ot (c:\\Users\\maval\\Downloads\\Agus\\VSCode-win32-x64-1.103.2\\data\\extensions\\uqbar.wollok-lsp-ide-0.5.3\\out\\server\\src\\server.js:7:6378)\n    at Immediate._onImmediate (c:\\Users\\maval\\Downloads\\Agus\\VSCode-win32-x64-1.103.2\\data\\extensions\\uqbar.wollok-lsp-ide-0.5.3\\out\\server\\src\\server.js:7:6142)\n    at process.processImmediate (node:internal/timers:485:21)","timestamp":"2025-09-13T13:42:02.685Z"}
{"level":"error","message":"✘ Completions for node Return (undefined - pgmProgram.wpgm) failed: Error: [Return]{3679dc} at pgmProgram.wpgm:-- exhausted all cases without a match [Return]{3679dc} at pgmProgram.wpgm:-- exhausted all cases without a match","stack":"Error: [Return]{3679dc} at pgmProgram.wpgm:-- exhausted all cases without a match\n    at c:\\Users\\maval\\Downloads\\Agus\\VSCode-win32-x64-1.103.2\\data\\extensions\\uqbar.wollok-lsp-ide-0.5.3\\out\\server\\src\\server.js:38:6142\n    at D2 (c:\\Users\\maval\\Downloads\\Agus\\VSCode-win32-x64-1.103.2\\data\\extensions\\uqbar.wollok-lsp-ide-0.5.3\\out\\server\\src\\server.js:2384:42)\n    at Qh (c:\\Users\\maval\\Downloads\\Agus\\VSCode-win32-x64-1.103.2\\data\\extensions\\uqbar.wollok-lsp-ide-0.5.3\\out\\server\\src\\server.js:2384:1092)\n    at D2 (c:\\Users\\maval\\Downloads\\Agus\\VSCode-win32-x64-1.103.2\\data\\extensions\\uqbar.wollok-lsp-ide-0.5.3\\out\\server\\src\\server.js:2384:544)\n    at c:\\Users\\maval\\Downloads\\Agus\\VSCode-win32-x64-1.103.2\\data\\extensions\\uqbar.wollok-lsp-ide-0.5.3\\out\\server\\src\\server.js:2384:2988\n    at c:\\Users\\maval\\Downloads\\Agus\\VSCode-win32-x64-1.103.2\\data\\extensions\\uqbar.wollok-lsp-ide-0.5.3\\out\\server\\src\\server.js:2393:8440\n    at c:\\Users\\maval\\Downloads\\Agus\\VSCode-win32-x64-1.103.2\\data\\extensions\\uqbar.wollok-lsp-ide-0.5.3\\out\\server\\src\\server.js:37:74872\n    at Ye (c:\\Users\\maval\\Downloads\\Agus\\VSCode-win32-x64-1.103.2\\data\\extensions\\uqbar.wollok-lsp-ide-0.5.3\\out\\server\\src\\server.js:7:8527)\n    at qt (c:\\Users\\maval\\Downloads\\Agus\\VSCode-win32-x64-1.103.2\\data\\extensions\\uqbar.wollok-lsp-ide-0.5.3\\out\\server\\src\\server.js:7:6189)\n    at ot (c:\\Users\\maval\\Downloads\\Agus\\VSCode-win32-x64-1.103.2\\data\\extensions\\uqbar.wollok-lsp-ide-0.5.3\\out\\server\\src\\server.js:7:6378)","timestamp":"2025-09-13T13:42:02.685Z"}
{"level":"error","message":"✘ Completions for node Send ([19:1, 19:14] - pgmProgram.wpgm) failed: Error: [Send]{1bda35} at pgmProgram.wpgm:19 exhausted all cases without a match [Send]{1bda35} at pgmProgram.wpgm:19 exhausted all cases without a match","stack":"Error: [Send]{1bda35} at pgmProgram.wpgm:19 exhausted all cases without a match\n    at c:\\Users\\maval\\Downloads\\Agus\\VSCode-win32-x64-1.103.2\\data\\extensions\\uqbar.wollok-lsp-ide-0.5.3\\out\\server\\src\\server.js:38:6142\n    at D2 (c:\\Users\\maval\\Downloads\\Agus\\VSCode-win32-x64-1.103.2\\data\\extensions\\uqbar.wollok-lsp-ide-0.5.3\\out\\server\\src\\server.js:2384:42)\n    at c:\\Users\\maval\\Downloads\\Agus\\VSCode-win32-x64-1.103.2\\data\\extensions\\uqbar.wollok-lsp-ide-0.5.3\\out\\server\\src\\server.js:2384:2988\n    at c:\\Users\\maval\\Downloads\\Agus\\VSCode-win32-x64-1.103.2\\data\\extensions\\uqbar.wollok-lsp-ide-0.5.3\\out\\server\\src\\server.js:2393:8440\n    at c:\\Users\\maval\\Downloads\\Agus\\VSCode-win32-x64-1.103.2\\data\\extensions\\uqbar.wollok-lsp-ide-0.5.3\\out\\server\\src\\server.js:37:74872\n    at Ye (c:\\Users\\maval\\Downloads\\Agus\\VSCode-win32-x64-1.103.2\\data\\extensions\\uqbar.wollok-lsp-ide-0.5.3\\out\\server\\src\\server.js:7:8527)\n    at qt (c:\\Users\\maval\\Downloads\\Agus\\VSCode-win32-x64-1.103.2\\data\\extensions\\uqbar.wollok-lsp-ide-0.5.3\\out\\server\\src\\server.js:7:6189)\n    at ot (c:\\Users\\maval\\Downloads\\Agus\\VSCode-win32-x64-1.103.2\\data\\extensions\\uqbar.wollok-lsp-ide-0.5.3\\out\\server\\src\\server.js:7:6378)\n    at Immediate._onImmediate (c:\\Users\\maval\\Downloads\\Agus\\VSCode-win32-x64-1.103.2\\data\\extensions\\uqbar.wollok-lsp-ide-0.5.3\\out\\server\\src\\server.js:7:6142)\n    at process.processImmediate (node:internal/timers:485:21)","timestamp":"2025-09-13T13:42:05.817Z"}
{"level":"error","message":"✘ Completions for node Send ([19:1, 19:52] - pgmProgram.wpgm) failed: Error: [Send]{f132f9} at pgmProgram.wpgm:19 exhausted all cases without a match [Send]{f132f9} at pgmProgram.wpgm:19 exhausted all cases without a match","stack":"Error: [Send]{f132f9} at pgmProgram.wpgm:19 exhausted all cases without a match\n    at c:\\Users\\maval\\Downloads\\Agus\\VSCode-win32-x64-1.103.2\\data\\extensions\\uqbar.wollok-lsp-ide-0.5.3\\out\\server\\src\\server.js:38:6142\n    at D2 (c:\\Users\\maval\\Downloads\\Agus\\VSCode-win32-x64-1.103.2\\data\\extensions\\uqbar.wollok-lsp-ide-0.5.3\\out\\server\\src\\server.js:2384:42)\n    at Qh (c:\\Users\\maval\\Downloads\\Agus\\VSCode-win32-x64-1.103.2\\data\\extensions\\uqbar.wollok-lsp-ide-0.5.3\\out\\server\\src\\server.js:2384:1092)\n    at D2 (c:\\Users\\maval\\Downloads\\Agus\\VSCode-win32-x64-1.103.2\\data\\extensions\\uqbar.wollok-lsp-ide-0.5.3\\out\\server\\src\\server.js:2384:544)\n    at c:\\Users\\maval\\Downloads\\Agus\\VSCode-win32-x64-1.103.2\\data\\extensions\\uqbar.wollok-lsp-ide-0.5.3\\out\\server\\src\\server.js:2384:2988\n    at c:\\Users\\maval\\Downloads\\Agus\\VSCode-win32-x64-1.103.2\\data\\extensions\\uqbar.wollok-lsp-ide-0.5.3\\out\\server\\src\\server.js:2393:8440\n    at c:\\Users\\maval\\Downloads\\Agus\\VSCode-win32-x64-1.103.2\\data\\extensions\\uqbar.wollok-lsp-ide-0.5.3\\out\\server\\src\\server.js:37:74872\n    at Ye (c:\\Users\\maval\\Downloads\\Agus\\VSCode-win32-x64-1.103.2\\data\\extensions\\uqbar.wollok-lsp-ide-0.5.3\\out\\server\\src\\server.js:7:8527)\n    at qt (c:\\Users\\maval\\Downloads\\Agus\\VSCode-win32-x64-1.103.2\\data\\extensions\\uqbar.wollok-lsp-ide-0.5.3\\out\\server\\src\\server.js:7:6189)\n    at ot (c:\\Users\\maval\\Downloads\\Agus\\VSCode-win32-x64-1.103.2\\data\\extensions\\uqbar.wollok-lsp-ide-0.5.3\\out\\server\\src\\server.js:7:6378)","timestamp":"2025-09-13T13:42:05.817Z"}
{"level":"error","message":"✘ Completions for node Send ([20:1, 20:14] - pgmProgram.wpgm) failed: Error: [Send]{7396cb} at pgmProgram.wpgm:20 exhausted all cases without a match [Send]{7396cb} at pgmProgram.wpgm:20 exhausted all cases without a match","stack":"Error: [Send]{7396cb} at pgmProgram.wpgm:20 exhausted all cases without a match\n    at c:\\Users\\maval\\Downloads\\Agus\\VSCode-win32-x64-1.103.2\\data\\extensions\\uqbar.wollok-lsp-ide-0.5.3\\out\\server\\src\\server.js:38:6142\n    at D2 (c:\\Users\\maval\\Downloads\\Agus\\VSCode-win32-x64-1.103.2\\data\\extensions\\uqbar.wollok-lsp-ide-0.5.3\\out\\server\\src\\server.js:2384:42)\n    at c:\\Users\\maval\\Downloads\\Agus\\VSCode-win32-x64-1.103.2\\data\\extensions\\uqbar.wollok-lsp-ide-0.5.3\\out\\server\\src\\server.js:2384:2988\n    at c:\\Users\\maval\\Downloads\\Agus\\VSCode-win32-x64-1.103.2\\data\\extensions\\uqbar.wollok-lsp-ide-0.5.3\\out\\server\\src\\server.js:2393:8440\n    at c:\\Users\\maval\\Downloads\\Agus\\VSCode-win32-x64-1.103.2\\data\\extensions\\uqbar.wollok-lsp-ide-0.5.3\\out\\server\\src\\server.js:37:74872\n    at Ye (c:\\Users\\maval\\Downloads\\Agus\\VSCode-win32-x64-1.103.2\\data\\extensions\\uqbar.wollok-lsp-ide-0.5.3\\out\\server\\src\\server.js:7:8527)\n    at qt (c:\\Users\\maval\\Downloads\\Agus\\VSCode-win32-x64-1.103.2\\data\\extensions\\uqbar.wollok-lsp-ide-0.5.3\\out\\server\\src\\server.js:7:6189)\n    at ot (c:\\Users\\maval\\Downloads\\Agus\\VSCode-win32-x64-1.103.2\\data\\extensions\\uqbar.wollok-lsp-ide-0.5.3\\out\\server\\src\\server.js:7:6378)\n    at Immediate._onImmediate (c:\\Users\\maval\\Downloads\\Agus\\VSCode-win32-x64-1.103.2\\data\\extensions\\uqbar.wollok-lsp-ide-0.5.3\\out\\server\\src\\server.js:7:6142)\n    at process.processImmediate (node:internal/timers:485:21)","timestamp":"2025-09-13T13:42:07.295Z"}
{"level":"error","message":"✘ Completions for node Send ([20:1, 20:56] - pgmProgram.wpgm) failed: Error: [Send]{5f2ef3} at pgmProgram.wpgm:20 exhausted all cases without a match [Send]{5f2ef3} at pgmProgram.wpgm:20 exhausted all cases without a match","stack":"Error: [Send]{5f2ef3} at pgmProgram.wpgm:20 exhausted all cases without a match\n    at c:\\Users\\maval\\Downloads\\Agus\\VSCode-win32-x64-1.103.2\\data\\extensions\\uqbar.wollok-lsp-ide-0.5.3\\out\\server\\src\\server.js:38:6142\n    at D2 (c:\\Users\\maval\\Downloads\\Agus\\VSCode-win32-x64-1.103.2\\data\\extensions\\uqbar.wollok-lsp-ide-0.5.3\\out\\server\\src\\server.js:2384:42)\n    at Qh (c:\\Users\\maval\\Downloads\\Agus\\VSCode-win32-x64-1.103.2\\data\\extensions\\uqbar.wollok-lsp-ide-0.5.3\\out\\server\\src\\server.js:2384:1092)\n    at D2 (c:\\Users\\maval\\Downloads\\Agus\\VSCode-win32-x64-1.103.2\\data\\extensions\\uqbar.wollok-lsp-ide-0.5.3\\out\\server\\src\\server.js:2384:544)\n    at c:\\Users\\maval\\Downloads\\Agus\\VSCode-win32-x64-1.103.2\\data\\extensions\\uqbar.wollok-lsp-ide-0.5.3\\out\\server\\src\\server.js:2384:2988\n    at c:\\Users\\maval\\Downloads\\Agus\\VSCode-win32-x64-1.103.2\\data\\extensions\\uqbar.wollok-lsp-ide-0.5.3\\out\\server\\src\\server.js:2393:8440\n    at c:\\Users\\maval\\Downloads\\Agus\\VSCode-win32-x64-1.103.2\\data\\extensions\\uqbar.wollok-lsp-ide-0.5.3\\out\\server\\src\\server.js:37:74872\n    at Ye (c:\\Users\\maval\\Downloads\\Agus\\VSCode-win32-x64-1.103.2\\data\\extensions\\uqbar.wollok-lsp-ide-0.5.3\\out\\server\\src\\server.js:7:8527)\n    at qt (c:\\Users\\maval\\Downloads\\Agus\\VSCode-win32-x64-1.103.2\\data\\extensions\\uqbar.wollok-lsp-ide-0.5.3\\out\\server\\src\\server.js:7:6189)\n    at ot (c:\\Users\\maval\\Downloads\\Agus\\VSCode-win32-x64-1.103.2\\data\\extensions\\uqbar.wollok-lsp-ide-0.5.3\\out\\server\\src\\server.js:7:6378)","timestamp":"2025-09-13T13:42:07.295Z"}
{"level":"error","message":"✘ Completions for node Send ([21:1, 21:14] - pgmProgram.wpgm) failed: Error: [Send]{2eea34} at pgmProgram.wpgm:21 exhausted all cases without a match [Send]{2eea34} at pgmProgram.wpgm:21 exhausted all cases without a match","stack":"Error: [Send]{2eea34} at pgmProgram.wpgm:21 exhausted all cases without a match\n    at c:\\Users\\maval\\Downloads\\Agus\\VSCode-win32-x64-1.103.2\\data\\extensions\\uqbar.wollok-lsp-ide-0.5.3\\out\\server\\src\\server.js:38:6142\n    at D2 (c:\\Users\\maval\\Downloads\\Agus\\VSCode-win32-x64-1.103.2\\data\\extensions\\uqbar.wollok-lsp-ide-0.5.3\\out\\server\\src\\server.js:2384:42)\n    at c:\\Users\\maval\\Downloads\\Agus\\VSCode-win32-x64-1.103.2\\data\\extensions\\uqbar.wollok-lsp-ide-0.5.3\\out\\server\\src\\server.js:2384:2988\n    at c:\\Users\\maval\\Downloads\\Agus\\VSCode-win32-x64-1.103.2\\data\\extensions\\uqbar.wollok-lsp-ide-0.5.3\\out\\server\\src\\server.js:2393:8440\n    at c:\\Users\\maval\\Downloads\\Agus\\VSCode-win32-x64-1.103.2\\data\\extensions\\uqbar.wollok-lsp-ide-0.5.3\\out\\server\\src\\server.js:37:74872\n    at Ye (c:\\Users\\maval\\Downloads\\Agus\\VSCode-win32-x64-1.103.2\\data\\extensions\\uqbar.wollok-lsp-ide-0.5.3\\out\\server\\src\\server.js:7:8527)\n    at qt (c:\\Users\\maval\\Downloads\\Agus\\VSCode-win32-x64-1.103.2\\data\\extensions\\uqbar.wollok-lsp-ide-0.5.3\\out\\server\\src\\server.js:7:6189)\n    at ot (c:\\Users\\maval\\Downloads\\Agus\\VSCode-win32-x64-1.103.2\\data\\extensions\\uqbar.wollok-lsp-ide-0.5.3\\out\\server\\src\\server.js:7:6378)\n    at Immediate._onImmediate (c:\\Users\\maval\\Downloads\\Agus\\VSCode-win32-x64-1.103.2\\data\\extensions\\uqbar.wollok-lsp-ide-0.5.3\\out\\server\\src\\server.js:7:6142)\n    at process.processImmediate (node:internal/timers:485:21)","timestamp":"2025-09-13T13:42:09.620Z"}
{"level":"error","message":"✘ Completions for node Send ([21:1, 21:54] - pgmProgram.wpgm) failed: Error: [Send]{3b01bf} at pgmProgram.wpgm:21 exhausted all cases without a match [Send]{3b01bf} at pgmProgram.wpgm:21 exhausted all cases without a match","stack":"Error: [Send]{3b01bf} at pgmProgram.wpgm:21 exhausted all cases without a match\n    at c:\\Users\\maval\\Downloads\\Agus\\VSCode-win32-x64-1.103.2\\data\\extensions\\uqbar.wollok-lsp-ide-0.5.3\\out\\server\\src\\server.js:38:6142\n    at D2 (c:\\Users\\maval\\Downloads\\Agus\\VSCode-win32-x64-1.103.2\\data\\extensions\\uqbar.wollok-lsp-ide-0.5.3\\out\\server\\src\\server.js:2384:42)\n    at Qh (c:\\Users\\maval\\Downloads\\Agus\\VSCode-win32-x64-1.103.2\\data\\extensions\\uqbar.wollok-lsp-ide-0.5.3\\out\\server\\src\\server.js:2384:1092)\n    at D2 (c:\\Users\\maval\\Downloads\\Agus\\VSCode-win32-x64-1.103.2\\data\\extensions\\uqbar.wollok-lsp-ide-0.5.3\\out\\server\\src\\server.js:2384:544)\n    at c:\\Users\\maval\\Downloads\\Agus\\VSCode-win32-x64-1.103.2\\data\\extensions\\uqbar.wollok-lsp-ide-0.5.3\\out\\server\\src\\server.js:2384:2988\n    at c:\\Users\\maval\\Downloads\\Agus\\VSCode-win32-x64-1.103.2\\data\\extensions\\uqbar.wollok-lsp-ide-0.5.3\\out\\server\\src\\server.js:2393:8440\n    at c:\\Users\\maval\\Downloads\\Agus\\VSCode-win32-x64-1.103.2\\data\\extensions\\uqbar.wollok-lsp-ide-0.5.3\\out\\server\\src\\server.js:37:74872\n    at Ye (c:\\Users\\maval\\Downloads\\Agus\\VSCode-win32-x64-1.103.2\\data\\extensions\\uqbar.wollok-lsp-ide-0.5.3\\out\\server\\src\\server.js:7:8527)\n    at qt (c:\\Users\\maval\\Downloads\\Agus\\VSCode-win32-x64-1.103.2\\data\\extensions\\uqbar.wollok-lsp-ide-0.5.3\\out\\server\\src\\server.js:7:6189)\n    at ot (c:\\Users\\maval\\Downloads\\Agus\\VSCode-win32-x64-1.103.2\\data\\extensions\\uqbar.wollok-lsp-ide-0.5.3\\out\\server\\src\\server.js:7:6378)","timestamp":"2025-09-13T13:42:09.621Z"}
{"level":"info","message":"⌛ Building environment","timeElapsed":113,"timestamp":"2025-09-13T13:43:21.935Z"}
{"level":"error","message":"✘ Completions for node If ([15:3, 16:40] - example.wlk) failed: Error: [If]{6e5e9b} at example.wlk:15 exhausted all cases without a match [If]{6e5e9b} at example.wlk:15 exhausted all cases without a match","stack":"Error: [If]{6e5e9b} at example.wlk:15 exhausted all cases without a match\n    at c:\\Users\\maval\\Downloads\\Agus\\VSCode-win32-x64-1.103.2\\data\\extensions\\uqbar.wollok-lsp-ide-0.5.3\\out\\server\\src\\server.js:38:6142\n    at D2 (c:\\Users\\maval\\Downloads\\Agus\\VSCode-win32-x64-1.103.2\\data\\extensions\\uqbar.wollok-lsp-ide-0.5.3\\out\\server\\src\\server.js:2384:42)\n    at Qh (c:\\Users\\maval\\Downloads\\Agus\\VSCode-win32-x64-1.103.2\\data\\extensions\\uqbar.wollok-lsp-ide-0.5.3\\out\\server\\src\\server.js:2384:1092)\n    at k6n (c:\\Users\\maval\\Downloads\\Agus\\VSCode-win32-x64-1.103.2\\data\\extensions\\uqbar.wollok-lsp-ide-0.5.3\\out\\server\\src\\server.js:2384:1248)\n    at c:\\Users\\maval\\Downloads\\Agus\\VSCode-win32-x64-1.103.2\\data\\extensions\\uqbar.wollok-lsp-ide-0.5.3\\out\\server\\src\\server.js:38:6131\n    at D2 (c:\\Users\\maval\\Downloads\\Agus\\VSCode-win32-x64-1.103.2\\data\\extensions\\uqbar.wollok-lsp-ide-0.5.3\\out\\server\\src\\server.js:2384:42)\n    at c:\\Users\\maval\\Downloads\\Agus\\VSCode-win32-x64-1.103.2\\data\\extensions\\uqbar.wollok-lsp-ide-0.5.3\\out\\server\\src\\server.js:2384:2988\n    at c:\\Users\\maval\\Downloads\\Agus\\VSCode-win32-x64-1.103.2\\data\\extensions\\uqbar.wollok-lsp-ide-0.5.3\\out\\server\\src\\server.js:2393:8440\n    at c:\\Users\\maval\\Downloads\\Agus\\VSCode-win32-x64-1.103.2\\data\\extensions\\uqbar.wollok-lsp-ide-0.5.3\\out\\server\\src\\server.js:37:74872\n    at Ye (c:\\Users\\maval\\Downloads\\Agus\\VSCode-win32-x64-1.103.2\\data\\extensions\\uqbar.wollok-lsp-ide-0.5.3\\out\\server\\src\\server.js:7:8527)","timestamp":"2025-09-13T13:43:22.782Z"}
{"level":"info","message":"⌛ Validating example.wlk","timeElapsed":111,"timestamp":"2025-09-13T13:43:27.268Z"}
{"level":"error","message":"✘ Completions for node Send ([15:6, 15:20] - example.wlk) failed: Error: [Send]{b1660a} at example.wlk:15 exhausted all cases without a match [Send]{b1660a} at example.wlk:15 exhausted all cases without a match","stack":"Error: [Send]{b1660a} at example.wlk:15 exhausted all cases without a match\n    at c:\\Users\\maval\\Downloads\\Agus\\VSCode-win32-x64-1.103.2\\data\\extensions\\uqbar.wollok-lsp-ide-0.5.3\\out\\server\\src\\server.js:38:6142\n    at D2 (c:\\Users\\maval\\Downloads\\Agus\\VSCode-win32-x64-1.103.2\\data\\extensions\\uqbar.wollok-lsp-ide-0.5.3\\out\\server\\src\\server.js:2384:42)\n    at Qh (c:\\Users\\maval\\Downloads\\Agus\\VSCode-win32-x64-1.103.2\\data\\extensions\\uqbar.wollok-lsp-ide-0.5.3\\out\\server\\src\\server.js:2384:1092)\n    at k6n (c:\\Users\\maval\\Downloads\\Agus\\VSCode-win32-x64-1.103.2\\data\\extensions\\uqbar.wollok-lsp-ide-0.5.3\\out\\server\\src\\server.js:2384:1248)\n    at c:\\Users\\maval\\Downloads\\Agus\\VSCode-win32-x64-1.103.2\\data\\extensions\\uqbar.wollok-lsp-ide-0.5.3\\out\\server\\src\\server.js:38:6131\n    at D2 (c:\\Users\\maval\\Downloads\\Agus\\VSCode-win32-x64-1.103.2\\data\\extensions\\uqbar.wollok-lsp-ide-0.5.3\\out\\server\\src\\server.js:2384:42)\n    at c:\\Users\\maval\\Downloads\\Agus\\VSCode-win32-x64-1.103.2\\data\\extensions\\uqbar.wollok-lsp-ide-0.5.3\\out\\server\\src\\server.js:2384:2988\n    at c:\\Users\\maval\\Downloads\\Agus\\VSCode-win32-x64-1.103.2\\data\\extensions\\uqbar.wollok-lsp-ide-0.5.3\\out\\server\\src\\server.js:2393:8440\n    at c:\\Users\\maval\\Downloads\\Agus\\VSCode-win32-x64-1.103.2\\data\\extensions\\uqbar.wollok-lsp-ide-0.5.3\\out\\server\\src\\server.js:37:74872\n    at Ye (c:\\Users\\maval\\Downloads\\Agus\\VSCode-win32-x64-1.103.2\\data\\extensions\\uqbar.wollok-lsp-ide-0.5.3\\out\\server\\src\\server.js:7:8527)","timestamp":"2025-09-13T13:47:28.995Z"}
{"level":"error","message":"✘ Completions for node If ([15:3, 16:40] - example.wlk) failed: Error: [If]{ec1204} at example.wlk:15 exhausted all cases without a match [If]{ec1204} at example.wlk:15 exhausted all cases without a match","stack":"Error: [If]{ec1204} at example.wlk:15 exhausted all cases without a match\n    at c:\\Users\\maval\\Downloads\\Agus\\VSCode-win32-x64-1.103.2\\data\\extensions\\uqbar.wollok-lsp-ide-0.5.3\\out\\server\\src\\server.js:38:6142\n    at D2 (c:\\Users\\maval\\Downloads\\Agus\\VSCode-win32-x64-1.103.2\\data\\extensions\\uqbar.wollok-lsp-ide-0.5.3\\out\\server\\src\\server.js:2384:42)\n    at Qh (c:\\Users\\maval\\Downloads\\Agus\\VSCode-win32-x64-1.103.2\\data\\extensions\\uqbar.wollok-lsp-ide-0.5.3\\out\\server\\src\\server.js:2384:1092)\n    at D2 (c:\\Users\\maval\\Downloads\\Agus\\VSCode-win32-x64-1.103.2\\data\\extensions\\uqbar.wollok-lsp-ide-0.5.3\\out\\server\\src\\server.js:2384:544)\n    at Qh (c:\\Users\\maval\\Downloads\\Agus\\VSCode-win32-x64-1.103.2\\data\\extensions\\uqbar.wollok-lsp-ide-0.5.3\\out\\server\\src\\server.js:2384:1092)\n    at k6n (c:\\Users\\maval\\Downloads\\Agus\\VSCode-win32-x64-1.103.2\\data\\extensions\\uqbar.wollok-lsp-ide-0.5.3\\out\\server\\src\\server.js:2384:1248)\n    at c:\\Users\\maval\\Downloads\\Agus\\VSCode-win32-x64-1.103.2\\data\\extensions\\uqbar.wollok-lsp-ide-0.5.3\\out\\server\\src\\server.js:38:6131\n    at D2 (c:\\Users\\maval\\Downloads\\Agus\\VSCode-win32-x64-1.103.2\\data\\extensions\\uqbar.wollok-lsp-ide-0.5.3\\out\\server\\src\\server.js:2384:42)\n    at c:\\Users\\maval\\Downloads\\Agus\\VSCode-win32-x64-1.103.2\\data\\extensions\\uqbar.wollok-lsp-ide-0.5.3\\out\\server\\src\\server.js:2384:2988\n    at c:\\Users\\maval\\Downloads\\Agus\\VSCode-win32-x64-1.103.2\\data\\extensions\\uqbar.wollok-lsp-ide-0.5.3\\out\\server\\src\\server.js:2393:8440","timestamp":"2025-09-13T13:47:28.995Z"}
{"level":"info","message":"⌛ Validating example.wlk","timeElapsed":156,"timestamp":"2025-09-13T13:47:29.312Z"}
{"level":"info","message":"⌛ Validating example.wlk","timeElapsed":127,"timestamp":"2025-09-13T13:47:31.595Z"}
{"level":"error","message":"✘ Completions for node If ([15:3, 17:4] - example.wlk) failed: Error: [If]{1ce943} at example.wlk:15 exhausted all cases without a match [If]{1ce943} at example.wlk:15 exhausted all cases without a match","stack":"Error: [If]{1ce943} at example.wlk:15 exhausted all cases without a match\n    at c:\\Users\\maval\\Downloads\\Agus\\VSCode-win32-x64-1.103.2\\data\\extensions\\uqbar.wollok-lsp-ide-0.5.3\\out\\server\\src\\server.js:38:6142\n    at D2 (c:\\Users\\maval\\Downloads\\Agus\\VSCode-win32-x64-1.103.2\\data\\extensions\\uqbar.wollok-lsp-ide-0.5.3\\out\\server\\src\\server.js:2384:42)\n    at Qh (c:\\Users\\maval\\Downloads\\Agus\\VSCode-win32-x64-1.103.2\\data\\extensions\\uqbar.wollok-lsp-ide-0.5.3\\out\\server\\src\\server.js:2384:1092)\n    at v6n (c:\\Users\\maval\\Downloads\\Agus\\VSCode-win32-x64-1.103.2\\data\\extensions\\uqbar.wollok-lsp-ide-0.5.3\\out\\server\\src\\server.js:2384:818)\n    at c:\\Users\\maval\\Downloads\\Agus\\VSCode-win32-x64-1.103.2\\data\\extensions\\uqbar.wollok-lsp-ide-0.5.3\\out\\server\\src\\server.js:38:6131\n    at D2 (c:\\Users\\maval\\Downloads\\Agus\\VSCode-win32-x64-1.103.2\\data\\extensions\\uqbar.wollok-lsp-ide-0.5.3\\out\\server\\src\\server.js:2384:42)\n    at Qh (c:\\Users\\maval\\Downloads\\Agus\\VSCode-win32-x64-1.103.2\\data\\extensions\\uqbar.wollok-lsp-ide-0.5.3\\out\\server\\src\\server.js:2384:1092)\n    at k6n (c:\\Users\\maval\\Downloads\\Agus\\VSCode-win32-x64-1.103.2\\data\\extensions\\uqbar.wollok-lsp-ide-0.5.3\\out\\server\\src\\server.js:2384:1248)\n    at c:\\Users\\maval\\Downloads\\Agus\\VSCode-win32-x64-1.103.2\\data\\extensions\\uqbar.wollok-lsp-ide-0.5.3\\out\\server\\src\\server.js:38:6131\n    at D2 (c:\\Users\\maval\\Downloads\\Agus\\VSCode-win32-x64-1.103.2\\data\\extensions\\uqbar.wollok-lsp-ide-0.5.3\\out\\server\\src\\server.js:2384:42)","timestamp":"2025-09-13T13:57:11.821Z"}
{"level":"info","message":"⌛ Validating example.wlk","timeElapsed":101,"timestamp":"2025-09-13T13:57:12.130Z"}
{"level":"error","message":"✘ Completions for node Send ([16:4, 16:20] - example.wlk) failed: Error: [Send]{799503} at example.wlk:16 exhausted all cases without a match [Send]{799503} at example.wlk:16 exhausted all cases without a match","stack":"Error: [Send]{799503} at example.wlk:16 exhausted all cases without a match\n    at c:\\Users\\maval\\Downloads\\Agus\\VSCode-win32-x64-1.103.2\\data\\extensions\\uqbar.wollok-lsp-ide-0.5.3\\out\\server\\src\\server.js:38:6142\n    at D2 (c:\\Users\\maval\\Downloads\\Agus\\VSCode-win32-x64-1.103.2\\data\\extensions\\uqbar.wollok-lsp-ide-0.5.3\\out\\server\\src\\server.js:2384:42)\n    at Qh (c:\\Users\\maval\\Downloads\\Agus\\VSCode-win32-x64-1.103.2\\data\\extensions\\uqbar.wollok-lsp-ide-0.5.3\\out\\server\\src\\server.js:2384:1092)\n    at k6n (c:\\Users\\maval\\Downloads\\Agus\\VSCode-win32-x64-1.103.2\\data\\extensions\\uqbar.wollok-lsp-ide-0.5.3\\out\\server\\src\\server.js:2384:1248)\n    at c:\\Users\\maval\\Downloads\\Agus\\VSCode-win32-x64-1.103.2\\data\\extensions\\uqbar.wollok-lsp-ide-0.5.3\\out\\server\\src\\server.js:38:6131\n    at D2 (c:\\Users\\maval\\Downloads\\Agus\\VSCode-win32-x64-1.103.2\\data\\extensions\\uqbar.wollok-lsp-ide-0.5.3\\out\\server\\src\\server.js:2384:42)\n    at c:\\Users\\maval\\Downloads\\Agus\\VSCode-win32-x64-1.103.2\\data\\extensions\\uqbar.wollok-lsp-ide-0.5.3\\out\\server\\src\\server.js:2384:2988\n    at c:\\Users\\maval\\Downloads\\Agus\\VSCode-win32-x64-1.103.2\\data\\extensions\\uqbar.wollok-lsp-ide-0.5.3\\out\\server\\src\\server.js:2393:8440\n    at c:\\Users\\maval\\Downloads\\Agus\\VSCode-win32-x64-1.103.2\\data\\extensions\\uqbar.wollok-lsp-ide-0.5.3\\out\\server\\src\\server.js:37:74872\n    at Ye (c:\\Users\\maval\\Downloads\\Agus\\VSCode-win32-x64-1.103.2\\data\\extensions\\uqbar.wollok-lsp-ide-0.5.3\\out\\server\\src\\server.js:7:8527)","timestamp":"2025-09-13T13:57:17.185Z"}
{"level":"error","message":"✘ Completions for node If ([15:3, 17:4] - example.wlk) failed: Error: [If]{77e6b3} at example.wlk:15 exhausted all cases without a match [If]{77e6b3} at example.wlk:15 exhausted all cases without a match","stack":"Error: [If]{77e6b3} at example.wlk:15 exhausted all cases without a match\n    at c:\\Users\\maval\\Downloads\\Agus\\VSCode-win32-x64-1.103.2\\data\\extensions\\uqbar.wollok-lsp-ide-0.5.3\\out\\server\\src\\server.js:38:6142\n    at D2 (c:\\Users\\maval\\Downloads\\Agus\\VSCode-win32-x64-1.103.2\\data\\extensions\\uqbar.wollok-lsp-ide-0.5.3\\out\\server\\src\\server.js:2384:42)\n    at Qh (c:\\Users\\maval\\Downloads\\Agus\\VSCode-win32-x64-1.103.2\\data\\extensions\\uqbar.wollok-lsp-ide-0.5.3\\out\\server\\src\\server.js:2384:1092)\n    at v6n (c:\\Users\\maval\\Downloads\\Agus\\VSCode-win32-x64-1.103.2\\data\\extensions\\uqbar.wollok-lsp-ide-0.5.3\\out\\server\\src\\server.js:2384:818)\n    at c:\\Users\\maval\\Downloads\\Agus\\VSCode-win32-x64-1.103.2\\data\\extensions\\uqbar.wollok-lsp-ide-0.5.3\\out\\server\\src\\server.js:38:6131\n    at D2 (c:\\Users\\maval\\Downloads\\Agus\\VSCode-win32-x64-1.103.2\\data\\extensions\\uqbar.wollok-lsp-ide-0.5.3\\out\\server\\src\\server.js:2384:42)\n    at Qh (c:\\Users\\maval\\Downloads\\Agus\\VSCode-win32-x64-1.103.2\\data\\extensions\\uqbar.wollok-lsp-ide-0.5.3\\out\\server\\src\\server.js:2384:1092)\n    at D2 (c:\\Users\\maval\\Downloads\\Agus\\VSCode-win32-x64-1.103.2\\data\\extensions\\uqbar.wollok-lsp-ide-0.5.3\\out\\server\\src\\server.js:2384:544)\n    at Qh (c:\\Users\\maval\\Downloads\\Agus\\VSCode-win32-x64-1.103.2\\data\\extensions\\uqbar.wollok-lsp-ide-0.5.3\\out\\server\\src\\server.js:2384:1092)\n    at k6n (c:\\Users\\maval\\Downloads\\Agus\\VSCode-win32-x64-1.103.2\\data\\extensions\\uqbar.wollok-lsp-ide-0.5.3\\out\\server\\src\\server.js:2384:1248)","timestamp":"2025-09-13T13:57:17.186Z"}
{"level":"info","message":"⌛ Validating example.wlk","timeElapsed":117,"timestamp":"2025-09-13T13:57:17.310Z"}
{"level":"error","message":"✘ Completions for node Send ([16:4, 16:20] - example.wlk) failed: Error: [Send]{accf26} at example.wlk:16 exhausted all cases without a match [Send]{accf26} at example.wlk:16 exhausted all cases without a match","stack":"Error: [Send]{accf26} at example.wlk:16 exhausted all cases without a match\n    at c:\\Users\\maval\\Downloads\\Agus\\VSCode-win32-x64-1.103.2\\data\\extensions\\uqbar.wollok-lsp-ide-0.5.3\\out\\server\\src\\server.js:38:6142\n    at D2 (c:\\Users\\maval\\Downloads\\Agus\\VSCode-win32-x64-1.103.2\\data\\extensions\\uqbar.wollok-lsp-ide-0.5.3\\out\\server\\src\\server.js:2384:42)\n    at Qh (c:\\Users\\maval\\Downloads\\Agus\\VSCode-win32-x64-1.103.2\\data\\extensions\\uqbar.wollok-lsp-ide-0.5.3\\out\\server\\src\\server.js:2384:1092)\n    at k6n (c:\\Users\\maval\\Downloads\\Agus\\VSCode-win32-x64-1.103.2\\data\\extensions\\uqbar.wollok-lsp-ide-0.5.3\\out\\server\\src\\server.js:2384:1248)\n    at c:\\Users\\maval\\Downloads\\Agus\\VSCode-win32-x64-1.103.2\\data\\extensions\\uqbar.wollok-lsp-ide-0.5.3\\out\\server\\src\\server.js:38:6131\n    at D2 (c:\\Users\\maval\\Downloads\\Agus\\VSCode-win32-x64-1.103.2\\data\\extensions\\uqbar.wollok-lsp-ide-0.5.3\\out\\server\\src\\server.js:2384:42)\n    at c:\\Users\\maval\\Downloads\\Agus\\VSCode-win32-x64-1.103.2\\data\\extensions\\uqbar.wollok-lsp-ide-0.5.3\\out\\server\\src\\server.js:2384:2988\n    at c:\\Users\\maval\\Downloads\\Agus\\VSCode-win32-x64-1.103.2\\data\\extensions\\uqbar.wollok-lsp-ide-0.5.3\\out\\server\\src\\server.js:2393:8440\n    at c:\\Users\\maval\\Downloads\\Agus\\VSCode-win32-x64-1.103.2\\data\\extensions\\uqbar.wollok-lsp-ide-0.5.3\\out\\server\\src\\server.js:37:74872\n    at Ye (c:\\Users\\maval\\Downloads\\Agus\\VSCode-win32-x64-1.103.2\\data\\extensions\\uqbar.wollok-lsp-ide-0.5.3\\out\\server\\src\\server.js:7:8527)","timestamp":"2025-09-13T14:00:40.259Z"}
{"level":"error","message":"✘ Completions for node If ([15:3, 17:4] - example.wlk) failed: Error: [If]{cec78d} at example.wlk:15 exhausted all cases without a match [If]{cec78d} at example.wlk:15 exhausted all cases without a match","stack":"Error: [If]{cec78d} at example.wlk:15 exhausted all cases without a match\n    at c:\\Users\\maval\\Downloads\\Agus\\VSCode-win32-x64-1.103.2\\data\\extensions\\uqbar.wollok-lsp-ide-0.5.3\\out\\server\\src\\server.js:38:6142\n    at D2 (c:\\Users\\maval\\Downloads\\Agus\\VSCode-win32-x64-1.103.2\\data\\extensions\\uqbar.wollok-lsp-ide-0.5.3\\out\\server\\src\\server.js:2384:42)\n    at Qh (c:\\Users\\maval\\Downloads\\Agus\\VSCode-win32-x64-1.103.2\\data\\extensions\\uqbar.wollok-lsp-ide-0.5.3\\out\\server\\src\\server.js:2384:1092)\n    at v6n (c:\\Users\\maval\\Downloads\\Agus\\VSCode-win32-x64-1.103.2\\data\\extensions\\uqbar.wollok-lsp-ide-0.5.3\\out\\server\\src\\server.js:2384:818)\n    at c:\\Users\\maval\\Downloads\\Agus\\VSCode-win32-x64-1.103.2\\data\\extensions\\uqbar.wollok-lsp-ide-0.5.3\\out\\server\\src\\server.js:38:6131\n    at D2 (c:\\Users\\maval\\Downloads\\Agus\\VSCode-win32-x64-1.103.2\\data\\extensions\\uqbar.wollok-lsp-ide-0.5.3\\out\\server\\src\\server.js:2384:42)\n    at Qh (c:\\Users\\maval\\Downloads\\Agus\\VSCode-win32-x64-1.103.2\\data\\extensions\\uqbar.wollok-lsp-ide-0.5.3\\out\\server\\src\\server.js:2384:1092)\n    at D2 (c:\\Users\\maval\\Downloads\\Agus\\VSCode-win32-x64-1.103.2\\data\\extensions\\uqbar.wollok-lsp-ide-0.5.3\\out\\server\\src\\server.js:2384:544)\n    at Qh (c:\\Users\\maval\\Downloads\\Agus\\VSCode-win32-x64-1.103.2\\data\\extensions\\uqbar.wollok-lsp-ide-0.5.3\\out\\server\\src\\server.js:2384:1092)\n    at k6n (c:\\Users\\maval\\Downloads\\Agus\\VSCode-win32-x64-1.103.2\\data\\extensions\\uqbar.wollok-lsp-ide-0.5.3\\out\\server\\src\\server.js:2384:1248)","timestamp":"2025-09-13T14:00:40.260Z"}
{"level":"info","message":"⌛ Validating example.wlk","timeElapsed":105,"timestamp":"2025-09-13T14:00:40.704Z"}
{"level":"info","message":"⌛ Validating example.wlk","timeElapsed":115,"timestamp":"2025-09-13T14:00:41.560Z"}
{"level":"info","message":"⌛ Building environment","timeElapsed":101,"timestamp":"2025-09-13T14:00:42.551Z"}
{"level":"error","message":"✘ Completions for node Send ([16:18, 16:28] - example.wlk) failed: Error: [Send]{127549} at example.wlk:16 exhausted all cases without a match [Send]{127549} at example.wlk:16 exhausted all cases without a match","stack":"Error: [Send]{127549} at example.wlk:16 exhausted all cases without a match\n    at c:\\Users\\maval\\Downloads\\Agus\\VSCode-win32-x64-1.103.2\\data\\extensions\\uqbar.wollok-lsp-ide-0.5.3\\out\\server\\src\\server.js:38:6142\n    at D2 (c:\\Users\\maval\\Downloads\\Agus\\VSCode-win32-x64-1.103.2\\data\\extensions\\uqbar.wollok-lsp-ide-0.5.3\\out\\server\\src\\server.js:2384:42)\n    at Qh (c:\\Users\\maval\\Downloads\\Agus\\VSCode-win32-x64-1.103.2\\data\\extensions\\uqbar.wollok-lsp-ide-0.5.3\\out\\server\\src\\server.js:2384:1092)\n    at k6n (c:\\Users\\maval\\Downloads\\Agus\\VSCode-win32-x64-1.103.2\\data\\extensions\\uqbar.wollok-lsp-ide-0.5.3\\out\\server\\src\\server.js:2384:1248)\n    at c:\\Users\\maval\\Downloads\\Agus\\VSCode-win32-x64-1.103.2\\data\\extensions\\uqbar.wollok-lsp-ide-0.5.3\\out\\server\\src\\server.js:38:6131\n    at D2 (c:\\Users\\maval\\Downloads\\Agus\\VSCode-win32-x64-1.103.2\\data\\extensions\\uqbar.wollok-lsp-ide-0.5.3\\out\\server\\src\\server.js:2384:42)\n    at c:\\Users\\maval\\Downloads\\Agus\\VSCode-win32-x64-1.103.2\\data\\extensions\\uqbar.wollok-lsp-ide-0.5.3\\out\\server\\src\\server.js:2384:2988\n    at c:\\Users\\maval\\Downloads\\Agus\\VSCode-win32-x64-1.103.2\\data\\extensions\\uqbar.wollok-lsp-ide-0.5.3\\out\\server\\src\\server.js:2393:8440\n    at c:\\Users\\maval\\Downloads\\Agus\\VSCode-win32-x64-1.103.2\\data\\extensions\\uqbar.wollok-lsp-ide-0.5.3\\out\\server\\src\\server.js:37:74872\n    at Ye (c:\\Users\\maval\\Downloads\\Agus\\VSCode-win32-x64-1.103.2\\data\\extensions\\uqbar.wollok-lsp-ide-0.5.3\\out\\server\\src\\server.js:7:8527)","timestamp":"2025-09-13T14:00:42.727Z"}
{"level":"error","message":"✘ Completions for node Send ([16:4, 16:29] - example.wlk) failed: Error: [Send]{27be31} at example.wlk:16 exhausted all cases without a match [Send]{27be31} at example.wlk:16 exhausted all cases without a match","stack":"Error: [Send]{27be31} at example.wlk:16 exhausted all cases without a match\n    at c:\\Users\\maval\\Downloads\\Agus\\VSCode-win32-x64-1.103.2\\data\\extensions\\uqbar.wollok-lsp-ide-0.5.3\\out\\server\\src\\server.js:38:6142\n    at D2 (c:\\Users\\maval\\Downloads\\Agus\\VSCode-win32-x64-1.103.2\\data\\extensions\\uqbar.wollok-lsp-ide-0.5.3\\out\\server\\src\\server.js:2384:42)\n    at Qh (c:\\Users\\maval\\Downloads\\Agus\\VSCode-win32-x64-1.103.2\\data\\extensions\\uqbar.wollok-lsp-ide-0.5.3\\out\\server\\src\\server.js:2384:1092)\n    at D2 (c:\\Users\\maval\\Downloads\\Agus\\VSCode-win32-x64-1.103.2\\data\\extensions\\uqbar.wollok-lsp-ide-0.5.3\\out\\server\\src\\server.js:2384:544)\n    at Qh (c:\\Users\\maval\\Downloads\\Agus\\VSCode-win32-x64-1.103.2\\data\\extensions\\uqbar.wollok-lsp-ide-0.5.3\\out\\server\\src\\server.js:2384:1092)\n    at k6n (c:\\Users\\maval\\Downloads\\Agus\\VSCode-win32-x64-1.103.2\\data\\extensions\\uqbar.wollok-lsp-ide-0.5.3\\out\\server\\src\\server.js:2384:1248)\n    at c:\\Users\\maval\\Downloads\\Agus\\VSCode-win32-x64-1.103.2\\data\\extensions\\uqbar.wollok-lsp-ide-0.5.3\\out\\server\\src\\server.js:38:6131\n    at D2 (c:\\Users\\maval\\Downloads\\Agus\\VSCode-win32-x64-1.103.2\\data\\extensions\\uqbar.wollok-lsp-ide-0.5.3\\out\\server\\src\\server.js:2384:42)\n    at c:\\Users\\maval\\Downloads\\Agus\\VSCode-win32-x64-1.103.2\\data\\extensions\\uqbar.wollok-lsp-ide-0.5.3\\out\\server\\src\\server.js:2384:2988\n    at c:\\Users\\maval\\Downloads\\Agus\\VSCode-win32-x64-1.103.2\\data\\extensions\\uqbar.wollok-lsp-ide-0.5.3\\out\\server\\src\\server.js:2393:8440","timestamp":"2025-09-13T14:00:42.727Z"}
{"level":"error","message":"✘ Completions for node If ([15:3, 17:4] - example.wlk) failed: Error: [If]{8dcac4} at example.wlk:15 exhausted all cases without a match [If]{8dcac4} at example.wlk:15 exhausted all cases without a match","stack":"Error: [If]{8dcac4} at example.wlk:15 exhausted all cases without a match\n    at c:\\Users\\maval\\Downloads\\Agus\\VSCode-win32-x64-1.103.2\\data\\extensions\\uqbar.wollok-lsp-ide-0.5.3\\out\\server\\src\\server.js:38:6142\n    at D2 (c:\\Users\\maval\\Downloads\\Agus\\VSCode-win32-x64-1.103.2\\data\\extensions\\uqbar.wollok-lsp-ide-0.5.3\\out\\server\\src\\server.js:2384:42)\n    at Qh (c:\\Users\\maval\\Downloads\\Agus\\VSCode-win32-x64-1.103.2\\data\\extensions\\uqbar.wollok-lsp-ide-0.5.3\\out\\server\\src\\server.js:2384:1092)\n    at v6n (c:\\Users\\maval\\Downloads\\Agus\\VSCode-win32-x64-1.103.2\\data\\extensions\\uqbar.wollok-lsp-ide-0.5.3\\out\\server\\src\\server.js:2384:818)\n    at c:\\Users\\maval\\Downloads\\Agus\\VSCode-win32-x64-1.103.2\\data\\extensions\\uqbar.wollok-lsp-ide-0.5.3\\out\\server\\src\\server.js:38:6131\n    at D2 (c:\\Users\\maval\\Downloads\\Agus\\VSCode-win32-x64-1.103.2\\data\\extensions\\uqbar.wollok-lsp-ide-0.5.3\\out\\server\\src\\server.js:2384:42)\n    at Qh (c:\\Users\\maval\\Downloads\\Agus\\VSCode-win32-x64-1.103.2\\data\\extensions\\uqbar.wollok-lsp-ide-0.5.3\\out\\server\\src\\server.js:2384:1092)\n    at D2 (c:\\Users\\maval\\Downloads\\Agus\\VSCode-win32-x64-1.103.2\\data\\extensions\\uqbar.wollok-lsp-ide-0.5.3\\out\\server\\src\\server.js:2384:544)\n    at Qh (c:\\Users\\maval\\Downloads\\Agus\\VSCode-win32-x64-1.103.2\\data\\extensions\\uqbar.wollok-lsp-ide-0.5.3\\out\\server\\src\\server.js:2384:1092)\n    at D2 (c:\\Users\\maval\\Downloads\\Agus\\VSCode-win32-x64-1.103.2\\data\\extensions\\uqbar.wollok-lsp-ide-0.5.3\\out\\server\\src\\server.js:2384:544)","timestamp":"2025-09-13T14:00:42.727Z"}
{"level":"error","message":"✘ Completions for node If ([15:3, 18:40] - example.wlk) failed: Error: [If]{bb7d11} at example.wlk:15 exhausted all cases without a match [If]{bb7d11} at example.wlk:15 exhausted all cases without a match","stack":"Error: [If]{bb7d11} at example.wlk:15 exhausted all cases without a match\n    at c:\\Users\\maval\\Downloads\\Agus\\VSCode-win32-x64-1.103.2\\data\\extensions\\uqbar.wollok-lsp-ide-0.5.3\\out\\server\\src\\server.js:38:6142\n    at D2 (c:\\Users\\maval\\Downloads\\Agus\\VSCode-win32-x64-1.103.2\\data\\extensions\\uqbar.wollok-lsp-ide-0.5.3\\out\\server\\src\\server.js:2384:42)\n    at c:\\Users\\maval\\Downloads\\Agus\\VSCode-win32-x64-1.103.2\\data\\extensions\\uqbar.wollok-lsp-ide-0.5.3\\out\\server\\src\\server.js:2384:2988\n    at c:\\Users\\maval\\Downloads\\Agus\\VSCode-win32-x64-1.103.2\\data\\extensions\\uqbar.wollok-lsp-ide-0.5.3\\out\\server\\src\\server.js:2393:8440\n    at c:\\Users\\maval\\Downloads\\Agus\\VSCode-win32-x64-1.103.2\\data\\extensions\\uqbar.wollok-lsp-ide-0.5.3\\out\\server\\src\\server.js:37:74872\n    at Ye (c:\\Users\\maval\\Downloads\\Agus\\VSCode-win32-x64-1.103.2\\data\\extensions\\uqbar.wollok-lsp-ide-0.5.3\\out\\server\\src\\server.js:7:8527)\n    at qt (c:\\Users\\maval\\Downloads\\Agus\\VSCode-win32-x64-1.103.2\\data\\extensions\\uqbar.wollok-lsp-ide-0.5.3\\out\\server\\src\\server.js:7:6189)\n    at ot (c:\\Users\\maval\\Downloads\\Agus\\VSCode-win32-x64-1.103.2\\data\\extensions\\uqbar.wollok-lsp-ide-0.5.3\\out\\server\\src\\server.js:7:6378)\n    at Immediate._onImmediate (c:\\Users\\maval\\Downloads\\Agus\\VSCode-win32-x64-1.103.2\\data\\extensions\\uqbar.wollok-lsp-ide-0.5.3\\out\\server\\src\\server.js:7:6142)\n    at process.processImmediate (node:internal/timers:485:21)","timestamp":"2025-09-13T14:00:59.957Z"}
{"level":"error","message":"✘ Failed to rebuild document Failed to parse example.wlk: \n-- PARSING FAILED --------------------------------------------------\n\n  18 | \t  self.position(self.position().up(1))\n  19 | \t}\n> 20 | }\n     | ^\n  21 | \n  22 | object cherry {\n\nExpected one of the following: \n\n' ', '@', 'class', 'const', 'describe', 'mixin', 'object', 'only', 'package', 'program', 'test', 'var', '{', EOF, comment, not \"}\r\n\r\n\", whitespace\n","stack":"Error: Failed to parse example.wlk: \n-- PARSING FAILED --------------------------------------------------\n\n  18 | \t  self.position(self.position().up(1))\n  19 | \t}\n> 20 | }\n     | ^\n  21 | \n  22 | object cherry {\n\nExpected one of the following: \n\n' ', '@', 'class', 'const', 'describe', 'mixin', 'object', 'only', 'package', 'program', 'test', 'var', '{', EOF, comment, not \"}\r\n\r\n\", whitespace\n\n    at c:\\Users\\maval\\Downloads\\Agus\\VSCode-win32-x64-1.103.2\\data\\extensions\\uqbar.wollok-lsp-ide-0.5.3\\out\\server\\src\\server.js:2348:13026\n    at Array.map (<anonymous>)\n    at W1n (c:\\Users\\maval\\Downloads\\Agus\\VSCode-win32-x64-1.103.2\\data\\extensions\\uqbar.wollok-lsp-ide-0.5.3\\out\\server\\src\\server.js:2348:12950)\n    at U2.buildEnvironmentFrom (c:\\Users\\maval\\Downloads\\Agus\\VSCode-win32-x64-1.103.2\\data\\extensions\\uqbar.wollok-lsp-ide-0.5.3\\out\\server\\src\\server.js:2393:5254)\n    at U2.updateEnvironmentWith (c:\\Users\\maval\\Downloads\\Agus\\VSCode-win32-x64-1.103.2\\data\\extensions\\uqbar.wollok-lsp-ide-0.5.3\\out\\server\\src\\server.js:2393:4989)\n    at JF (c:\\Users\\maval\\Downloads\\Agus\\VSCode-win32-x64-1.103.2\\data\\extensions\\uqbar.wollok-lsp-ide-0.5.3\\out\\server\\src\\server.js:2393:7383)\n    at F3.invoke (c:\\Users\\maval\\Downloads\\Agus\\VSCode-win32-x64-1.103.2\\data\\extensions\\uqbar.wollok-lsp-ide-0.5.3\\out\\server\\src\\server.js:3:157334)\n    at o.fire (c:\\Users\\maval\\Downloads\\Agus\\VSCode-win32-x64-1.103.2\\data\\extensions\\uqbar.wollok-lsp-ide-0.5.3\\out\\server\\src\\server.js:3:158104)\n    at c:\\Users\\maval\\Downloads\\Agus\\VSCode-win32-x64-1.103.2\\data\\extensions\\uqbar.wollok-lsp-ide-0.5.3\\out\\server\\src\\server.js:37:57871\n    at Zr (c:\\Users\\maval\\Downloads\\Agus\\VSCode-win32-x64-1.103.2\\data\\extensions\\uqbar.wollok-lsp-ide-0.5.3\\out\\server\\src\\server.js:8:1561)","timestamp":"2025-09-13T14:01:02.192Z"}
{"level":"info","message":"⌛ Validating example.wlk","timeElapsed":138,"timestamp":"2025-09-13T14:01:05.627Z"}
{"level":"info","message":"🚀 Program executed \u001b[3m\u001b[34mpgmProgram.pacmanGame\u001b[39m\u001b[23m on \u001b[3m\u001b[34mc:\\Users\\maval\\Downloads\\Agus\\Progra Obj 1\\pacmanbasicgame-agusfmartinez\u001b[39m\u001b[23m","ok":true,"timeElapsed":339,"timestamp":"2025-09-13T14:02:46.458Z"}
{"exitCode":"SIGHUP","level":"info","message":"👾 Game executed pgmProgram.pacmanGame on c:\\Users\\maval\\Downloads\\Agus\\Progra Obj 1\\pacmanbasicgame-agusfmartinez","timeElapsed":27528,"timestamp":"2025-09-13T14:03:13.646Z"}
{"level":"info","message":"⌛ Validating example.wlk","timeElapsed":103,"timestamp":"2025-09-13T14:03:19.461Z"}
{"level":"info","message":"⌛ Validating example.wlk","timeElapsed":110,"timestamp":"2025-09-13T14:03:19.622Z"}
{"level":"error","message":"✘ Completions for node Send ([25:18, 25:48] - example.wlk) failed: Error: [Send]{e7f0e4} at example.wlk:25 exhausted all cases without a match [Send]{e7f0e4} at example.wlk:25 exhausted all cases without a match","stack":"Error: [Send]{e7f0e4} at example.wlk:25 exhausted all cases without a match\n    at c:\\Users\\maval\\Downloads\\Agus\\VSCode-win32-x64-1.103.2\\data\\extensions\\uqbar.wollok-lsp-ide-0.5.3\\out\\server\\src\\server.js:38:6142\n    at D2 (c:\\Users\\maval\\Downloads\\Agus\\VSCode-win32-x64-1.103.2\\data\\extensions\\uqbar.wollok-lsp-ide-0.5.3\\out\\server\\src\\server.js:2384:42)\n    at Qh (c:\\Users\\maval\\Downloads\\Agus\\VSCode-win32-x64-1.103.2\\data\\extensions\\uqbar.wollok-lsp-ide-0.5.3\\out\\server\\src\\server.js:2384:1092)\n    at k6n (c:\\Users\\maval\\Downloads\\Agus\\VSCode-win32-x64-1.103.2\\data\\extensions\\uqbar.wollok-lsp-ide-0.5.3\\out\\server\\src\\server.js:2384:1248)\n    at c:\\Users\\maval\\Downloads\\Agus\\VSCode-win32-x64-1.103.2\\data\\extensions\\uqbar.wollok-lsp-ide-0.5.3\\out\\server\\src\\server.js:38:6131\n    at D2 (c:\\Users\\maval\\Downloads\\Agus\\VSCode-win32-x64-1.103.2\\data\\extensions\\uqbar.wollok-lsp-ide-0.5.3\\out\\server\\src\\server.js:2384:42)\n    at c:\\Users\\maval\\Downloads\\Agus\\VSCode-win32-x64-1.103.2\\data\\extensions\\uqbar.wollok-lsp-ide-0.5.3\\out\\server\\src\\server.js:2384:2988\n    at c:\\Users\\maval\\Downloads\\Agus\\VSCode-win32-x64-1.103.2\\data\\extensions\\uqbar.wollok-lsp-ide-0.5.3\\out\\server\\src\\server.js:2393:8440\n    at c:\\Users\\maval\\Downloads\\Agus\\VSCode-win32-x64-1.103.2\\data\\extensions\\uqbar.wollok-lsp-ide-0.5.3\\out\\server\\src\\server.js:37:74872\n    at Ye (c:\\Users\\maval\\Downloads\\Agus\\VSCode-win32-x64-1.103.2\\data\\extensions\\uqbar.wollok-lsp-ide-0.5.3\\out\\server\\src\\server.js:7:8527)","timestamp":"2025-09-13T14:05:10.228Z"}
{"level":"error","message":"✘ Completions for node Send ([25:4, 25:49] - example.wlk) failed: Error: [Send]{ed562d} at example.wlk:25 exhausted all cases without a match [Send]{ed562d} at example.wlk:25 exhausted all cases without a match","stack":"Error: [Send]{ed562d} at example.wlk:25 exhausted all cases without a match\n    at c:\\Users\\maval\\Downloads\\Agus\\VSCode-win32-x64-1.103.2\\data\\extensions\\uqbar.wollok-lsp-ide-0.5.3\\out\\server\\src\\server.js:38:6142\n    at D2 (c:\\Users\\maval\\Downloads\\Agus\\VSCode-win32-x64-1.103.2\\data\\extensions\\uqbar.wollok-lsp-ide-0.5.3\\out\\server\\src\\server.js:2384:42)\n    at Qh (c:\\Users\\maval\\Downloads\\Agus\\VSCode-win32-x64-1.103.2\\data\\extensions\\uqbar.wollok-lsp-ide-0.5.3\\out\\server\\src\\server.js:2384:1092)\n    at D2 (c:\\Users\\maval\\Downloads\\Agus\\VSCode-win32-x64-1.103.2\\data\\extensions\\uqbar.wollok-lsp-ide-0.5.3\\out\\server\\src\\server.js:2384:544)\n    at Qh (c:\\Users\\maval\\Downloads\\Agus\\VSCode-win32-x64-1.103.2\\data\\extensions\\uqbar.wollok-lsp-ide-0.5.3\\out\\server\\src\\server.js:2384:1092)\n    at k6n (c:\\Users\\maval\\Downloads\\Agus\\VSCode-win32-x64-1.103.2\\data\\extensions\\uqbar.wollok-lsp-ide-0.5.3\\out\\server\\src\\server.js:2384:1248)\n    at c:\\Users\\maval\\Downloads\\Agus\\VSCode-win32-x64-1.103.2\\data\\extensions\\uqbar.wollok-lsp-ide-0.5.3\\out\\server\\src\\server.js:38:6131\n    at D2 (c:\\Users\\maval\\Downloads\\Agus\\VSCode-win32-x64-1.103.2\\data\\extensions\\uqbar.wollok-lsp-ide-0.5.3\\out\\server\\src\\server.js:2384:42)\n    at c:\\Users\\maval\\Downloads\\Agus\\VSCode-win32-x64-1.103.2\\data\\extensions\\uqbar.wollok-lsp-ide-0.5.3\\out\\server\\src\\server.js:2384:2988\n    at c:\\Users\\maval\\Downloads\\Agus\\VSCode-win32-x64-1.103.2\\data\\extensions\\uqbar.wollok-lsp-ide-0.5.3\\out\\server\\src\\server.js:2393:8440","timestamp":"2025-09-13T14:05:10.228Z"}
{"level":"error","message":"✘ Completions for node If ([24:3, 29:4] - example.wlk) failed: Error: [If]{30069e} at example.wlk:24 exhausted all cases without a match [If]{30069e} at example.wlk:24 exhausted all cases without a match","stack":"Error: [If]{30069e} at example.wlk:24 exhausted all cases without a match\n    at c:\\Users\\maval\\Downloads\\Agus\\VSCode-win32-x64-1.103.2\\data\\extensions\\uqbar.wollok-lsp-ide-0.5.3\\out\\server\\src\\server.js:38:6142\n    at D2 (c:\\Users\\maval\\Downloads\\Agus\\VSCode-win32-x64-1.103.2\\data\\extensions\\uqbar.wollok-lsp-ide-0.5.3\\out\\server\\src\\server.js:2384:42)\n    at Qh (c:\\Users\\maval\\Downloads\\Agus\\VSCode-win32-x64-1.103.2\\data\\extensions\\uqbar.wollok-lsp-ide-0.5.3\\out\\server\\src\\server.js:2384:1092)\n    at v6n (c:\\Users\\maval\\Downloads\\Agus\\VSCode-win32-x64-1.103.2\\data\\extensions\\uqbar.wollok-lsp-ide-0.5.3\\out\\server\\src\\server.js:2384:818)\n    at c:\\Users\\maval\\Downloads\\Agus\\VSCode-win32-x64-1.103.2\\data\\extensions\\uqbar.wollok-lsp-ide-0.5.3\\out\\server\\src\\server.js:38:6131\n    at D2 (c:\\Users\\maval\\Downloads\\Agus\\VSCode-win32-x64-1.103.2\\data\\extensions\\uqbar.wollok-lsp-ide-0.5.3\\out\\server\\src\\server.js:2384:42)\n    at Qh (c:\\Users\\maval\\Downloads\\Agus\\VSCode-win32-x64-1.103.2\\data\\extensions\\uqbar.wollok-lsp-ide-0.5.3\\out\\server\\src\\server.js:2384:1092)\n    at D2 (c:\\Users\\maval\\Downloads\\Agus\\VSCode-win32-x64-1.103.2\\data\\extensions\\uqbar.wollok-lsp-ide-0.5.3\\out\\server\\src\\server.js:2384:544)\n    at Qh (c:\\Users\\maval\\Downloads\\Agus\\VSCode-win32-x64-1.103.2\\data\\extensions\\uqbar.wollok-lsp-ide-0.5.3\\out\\server\\src\\server.js:2384:1092)\n    at D2 (c:\\Users\\maval\\Downloads\\Agus\\VSCode-win32-x64-1.103.2\\data\\extensions\\uqbar.wollok-lsp-ide-0.5.3\\out\\server\\src\\server.js:2384:544)","timestamp":"2025-09-13T14:05:10.228Z"}
{"level":"info","message":"⌛ Validating example.wlk","timeElapsed":130,"timestamp":"2025-09-13T14:05:10.361Z"}
{"level":"info","message":"⌛ Validating example.wlk","timeElapsed":126,"timestamp":"2025-09-13T14:05:10.831Z"}
{"level":"info","message":"⌛ Validating example.wlk","timeElapsed":135,"timestamp":"2025-09-13T14:05:11.044Z"}
{"level":"info","message":"⌛ Building environment","timeElapsed":112,"timestamp":"2025-09-13T14:05:11.157Z"}
{"level":"info","message":"⌛ Validating example.wlk","timeElapsed":108,"timestamp":"2025-09-13T14:05:11.266Z"}
{"level":"info","message":"⌛ Validating example.wlk","timeElapsed":140,"timestamp":"2025-09-13T14:05:12.050Z"}
{"level":"info","message":"⌛ Validating example.wlk","timeElapsed":128,"timestamp":"2025-09-13T14:05:12.277Z"}
{"level":"info","message":"⌛ Building environment","timeElapsed":113,"timestamp":"2025-09-13T14:05:12.392Z"}
{"level":"info","message":"⌛ Validating example.wlk","timeElapsed":123,"timestamp":"2025-09-13T14:05:12.593Z"}
{"level":"info","message":"⌛ Validating example.wlk","timeElapsed":108,"timestamp":"2025-09-13T14:05:12.701Z"}
{"level":"error","message":"✘ Completions for node Send ([27:19, 27:39] - example.wlk) failed: Error: [Send]{7dfdb3} at example.wlk:27 exhausted all cases without a match [Send]{7dfdb3} at example.wlk:27 exhausted all cases without a match","stack":"Error: [Send]{7dfdb3} at example.wlk:27 exhausted all cases without a match\n    at c:\\Users\\maval\\Downloads\\Agus\\VSCode-win32-x64-1.103.2\\data\\extensions\\uqbar.wollok-lsp-ide-0.5.3\\out\\server\\src\\server.js:38:6142\n    at D2 (c:\\Users\\maval\\Downloads\\Agus\\VSCode-win32-x64-1.103.2\\data\\extensions\\uqbar.wollok-lsp-ide-0.5.3\\out\\server\\src\\server.js:2384:42)\n    at c:\\Users\\maval\\Downloads\\Agus\\VSCode-win32-x64-1.103.2\\data\\extensions\\uqbar.wollok-lsp-ide-0.5.3\\out\\server\\src\\server.js:2384:2988\n    at c:\\Users\\maval\\Downloads\\Agus\\VSCode-win32-x64-1.103.2\\data\\extensions\\uqbar.wollok-lsp-ide-0.5.3\\out\\server\\src\\server.js:2393:8440\n    at c:\\Users\\maval\\Downloads\\Agus\\VSCode-win32-x64-1.103.2\\data\\extensions\\uqbar.wollok-lsp-ide-0.5.3\\out\\server\\src\\server.js:37:74872\n    at Ye (c:\\Users\\maval\\Downloads\\Agus\\VSCode-win32-x64-1.103.2\\data\\extensions\\uqbar.wollok-lsp-ide-0.5.3\\out\\server\\src\\server.js:7:8527)\n    at qt (c:\\Users\\maval\\Downloads\\Agus\\VSCode-win32-x64-1.103.2\\data\\extensions\\uqbar.wollok-lsp-ide-0.5.3\\out\\server\\src\\server.js:7:6189)\n    at ot (c:\\Users\\maval\\Downloads\\Agus\\VSCode-win32-x64-1.103.2\\data\\extensions\\uqbar.wollok-lsp-ide-0.5.3\\out\\server\\src\\server.js:7:6378)\n    at Immediate._onImmediate (c:\\Users\\maval\\Downloads\\Agus\\VSCode-win32-x64-1.103.2\\data\\extensions\\uqbar.wollok-lsp-ide-0.5.3\\out\\server\\src\\server.js:7:6142)\n    at process.processImmediate (node:internal/timers:485:21)","timestamp":"2025-09-13T14:05:28.571Z"}
{"level":"error","message":"✘ Completions for node Send ([27:5, 27:40] - example.wlk) failed: Error: [Send]{9c5854} at example.wlk:27 exhausted all cases without a match [Send]{9c5854} at example.wlk:27 exhausted all cases without a match","stack":"Error: [Send]{9c5854} at example.wlk:27 exhausted all cases without a match\n    at c:\\Users\\maval\\Downloads\\Agus\\VSCode-win32-x64-1.103.2\\data\\extensions\\uqbar.wollok-lsp-ide-0.5.3\\out\\server\\src\\server.js:38:6142\n    at D2 (c:\\Users\\maval\\Downloads\\Agus\\VSCode-win32-x64-1.103.2\\data\\extensions\\uqbar.wollok-lsp-ide-0.5.3\\out\\server\\src\\server.js:2384:42)\n    at Qh (c:\\Users\\maval\\Downloads\\Agus\\VSCode-win32-x64-1.103.2\\data\\extensions\\uqbar.wollok-lsp-ide-0.5.3\\out\\server\\src\\server.js:2384:1092)\n    at D2 (c:\\Users\\maval\\Downloads\\Agus\\VSCode-win32-x64-1.103.2\\data\\extensions\\uqbar.wollok-lsp-ide-0.5.3\\out\\server\\src\\server.js:2384:544)\n    at c:\\Users\\maval\\Downloads\\Agus\\VSCode-win32-x64-1.103.2\\data\\extensions\\uqbar.wollok-lsp-ide-0.5.3\\out\\server\\src\\server.js:2384:2988\n    at c:\\Users\\maval\\Downloads\\Agus\\VSCode-win32-x64-1.103.2\\data\\extensions\\uqbar.wollok-lsp-ide-0.5.3\\out\\server\\src\\server.js:2393:8440\n    at c:\\Users\\maval\\Downloads\\Agus\\VSCode-win32-x64-1.103.2\\data\\extensions\\uqbar.wollok-lsp-ide-0.5.3\\out\\server\\src\\server.js:37:74872\n    at Ye (c:\\Users\\maval\\Downloads\\Agus\\VSCode-win32-x64-1.103.2\\data\\extensions\\uqbar.wollok-lsp-ide-0.5.3\\out\\server\\src\\server.js:7:8527)\n    at qt (c:\\Users\\maval\\Downloads\\Agus\\VSCode-win32-x64-1.103.2\\data\\extensions\\uqbar.wollok-lsp-ide-0.5.3\\out\\server\\src\\server.js:7:6189)\n    at ot (c:\\Users\\maval\\Downloads\\Agus\\VSCode-win32-x64-1.103.2\\data\\extensions\\uqbar.wollok-lsp-ide-0.5.3\\out\\server\\src\\server.js:7:6378)","timestamp":"2025-09-13T14:05:28.571Z"}
{"level":"error","message":"✘ Completions for node If ([24:3, 29:4] - example.wlk) failed: Error: [If]{15f712} at example.wlk:24 exhausted all cases without a match [If]{15f712} at example.wlk:24 exhausted all cases without a match","stack":"Error: [If]{15f712} at example.wlk:24 exhausted all cases without a match\n    at c:\\Users\\maval\\Downloads\\Agus\\VSCode-win32-x64-1.103.2\\data\\extensions\\uqbar.wollok-lsp-ide-0.5.3\\out\\server\\src\\server.js:38:6142\n    at D2 (c:\\Users\\maval\\Downloads\\Agus\\VSCode-win32-x64-1.103.2\\data\\extensions\\uqbar.wollok-lsp-ide-0.5.3\\out\\server\\src\\server.js:2384:42)\n    at Qh (c:\\Users\\maval\\Downloads\\Agus\\VSCode-win32-x64-1.103.2\\data\\extensions\\uqbar.wollok-lsp-ide-0.5.3\\out\\server\\src\\server.js:2384:1092)\n    at v6n (c:\\Users\\maval\\Downloads\\Agus\\VSCode-win32-x64-1.103.2\\data\\extensions\\uqbar.wollok-lsp-ide-0.5.3\\out\\server\\src\\server.js:2384:818)\n    at c:\\Users\\maval\\Downloads\\Agus\\VSCode-win32-x64-1.103.2\\data\\extensions\\uqbar.wollok-lsp-ide-0.5.3\\out\\server\\src\\server.js:38:6131\n    at D2 (c:\\Users\\maval\\Downloads\\Agus\\VSCode-win32-x64-1.103.2\\data\\extensions\\uqbar.wollok-lsp-ide-0.5.3\\out\\server\\src\\server.js:2384:42)\n    at Qh (c:\\Users\\maval\\Downloads\\Agus\\VSCode-win32-x64-1.103.2\\data\\extensions\\uqbar.wollok-lsp-ide-0.5.3\\out\\server\\src\\server.js:2384:1092)\n    at D2 (c:\\Users\\maval\\Downloads\\Agus\\VSCode-win32-x64-1.103.2\\data\\extensions\\uqbar.wollok-lsp-ide-0.5.3\\out\\server\\src\\server.js:2384:544)\n    at Qh (c:\\Users\\maval\\Downloads\\Agus\\VSCode-win32-x64-1.103.2\\data\\extensions\\uqbar.wollok-lsp-ide-0.5.3\\out\\server\\src\\server.js:2384:1092)\n    at D2 (c:\\Users\\maval\\Downloads\\Agus\\VSCode-win32-x64-1.103.2\\data\\extensions\\uqbar.wollok-lsp-ide-0.5.3\\out\\server\\src\\server.js:2384:544)","timestamp":"2025-09-13T14:05:28.571Z"}
{"level":"error","message":"✘ Completions for node Send ([27:19, 27:40] - example.wlk) failed: Error: [Send]{61cda1} at example.wlk:27 exhausted all cases without a match [Send]{61cda1} at example.wlk:27 exhausted all cases without a match","stack":"Error: [Send]{61cda1} at example.wlk:27 exhausted all cases without a match\n    at c:\\Users\\maval\\Downloads\\Agus\\VSCode-win32-x64-1.103.2\\data\\extensions\\uqbar.wollok-lsp-ide-0.5.3\\out\\server\\src\\server.js:38:6142\n    at D2 (c:\\Users\\maval\\Downloads\\Agus\\VSCode-win32-x64-1.103.2\\data\\extensions\\uqbar.wollok-lsp-ide-0.5.3\\out\\server\\src\\server.js:2384:42)\n    at c:\\Users\\maval\\Downloads\\Agus\\VSCode-win32-x64-1.103.2\\data\\extensions\\uqbar.wollok-lsp-ide-0.5.3\\out\\server\\src\\server.js:2384:2988\n    at c:\\Users\\maval\\Downloads\\Agus\\VSCode-win32-x64-1.103.2\\data\\extensions\\uqbar.wollok-lsp-ide-0.5.3\\out\\server\\src\\server.js:2393:8440\n    at c:\\Users\\maval\\Downloads\\Agus\\VSCode-win32-x64-1.103.2\\data\\extensions\\uqbar.wollok-lsp-ide-0.5.3\\out\\server\\src\\server.js:37:74872\n    at Ye (c:\\Users\\maval\\Downloads\\Agus\\VSCode-win32-x64-1.103.2\\data\\extensions\\uqbar.wollok-lsp-ide-0.5.3\\out\\server\\src\\server.js:7:8527)\n    at qt (c:\\Users\\maval\\Downloads\\Agus\\VSCode-win32-x64-1.103.2\\data\\extensions\\uqbar.wollok-lsp-ide-0.5.3\\out\\server\\src\\server.js:7:6189)\n    at ot (c:\\Users\\maval\\Downloads\\Agus\\VSCode-win32-x64-1.103.2\\data\\extensions\\uqbar.wollok-lsp-ide-0.5.3\\out\\server\\src\\server.js:7:6378)\n    at Immediate._onImmediate (c:\\Users\\maval\\Downloads\\Agus\\VSCode-win32-x64-1.103.2\\data\\extensions\\uqbar.wollok-lsp-ide-0.5.3\\out\\server\\src\\server.js:7:6142)\n    at process.processImmediate (node:internal/timers:485:21)","timestamp":"2025-09-13T14:05:28.763Z"}
{"level":"error","message":"✘ Completions for node Send ([27:5, 27:41] - example.wlk) failed: Error: [Send]{7b3d92} at example.wlk:27 exhausted all cases without a match [Send]{7b3d92} at example.wlk:27 exhausted all cases without a match","stack":"Error: [Send]{7b3d92} at example.wlk:27 exhausted all cases without a match\n    at c:\\Users\\maval\\Downloads\\Agus\\VSCode-win32-x64-1.103.2\\data\\extensions\\uqbar.wollok-lsp-ide-0.5.3\\out\\server\\src\\server.js:38:6142\n    at D2 (c:\\Users\\maval\\Downloads\\Agus\\VSCode-win32-x64-1.103.2\\data\\extensions\\uqbar.wollok-lsp-ide-0.5.3\\out\\server\\src\\server.js:2384:42)\n    at Qh (c:\\Users\\maval\\Downloads\\Agus\\VSCode-win32-x64-1.103.2\\data\\extensions\\uqbar.wollok-lsp-ide-0.5.3\\out\\server\\src\\server.js:2384:1092)\n    at D2 (c:\\Users\\maval\\Downloads\\Agus\\VSCode-win32-x64-1.103.2\\data\\extensions\\uqbar.wollok-lsp-ide-0.5.3\\out\\server\\src\\server.js:2384:544)\n    at c:\\Users\\maval\\Downloads\\Agus\\VSCode-win32-x64-1.103.2\\data\\extensions\\uqbar.wollok-lsp-ide-0.5.3\\out\\server\\src\\server.js:2384:2988\n    at c:\\Users\\maval\\Downloads\\Agus\\VSCode-win32-x64-1.103.2\\data\\extensions\\uqbar.wollok-lsp-ide-0.5.3\\out\\server\\src\\server.js:2393:8440\n    at c:\\Users\\maval\\Downloads\\Agus\\VSCode-win32-x64-1.103.2\\data\\extensions\\uqbar.wollok-lsp-ide-0.5.3\\out\\server\\src\\server.js:37:74872\n    at Ye (c:\\Users\\maval\\Downloads\\Agus\\VSCode-win32-x64-1.103.2\\data\\extensions\\uqbar.wollok-lsp-ide-0.5.3\\out\\server\\src\\server.js:7:8527)\n    at qt (c:\\Users\\maval\\Downloads\\Agus\\VSCode-win32-x64-1.103.2\\data\\extensions\\uqbar.wollok-lsp-ide-0.5.3\\out\\server\\src\\server.js:7:6189)\n    at ot (c:\\Users\\maval\\Downloads\\Agus\\VSCode-win32-x64-1.103.2\\data\\extensions\\uqbar.wollok-lsp-ide-0.5.3\\out\\server\\src\\server.js:7:6378)","timestamp":"2025-09-13T14:05:28.763Z"}
{"level":"error","message":"✘ Completions for node If ([24:3, 29:4] - example.wlk) failed: Error: [If]{a4b88f} at example.wlk:24 exhausted all cases without a match [If]{a4b88f} at example.wlk:24 exhausted all cases without a match","stack":"Error: [If]{a4b88f} at example.wlk:24 exhausted all cases without a match\n    at c:\\Users\\maval\\Downloads\\Agus\\VSCode-win32-x64-1.103.2\\data\\extensions\\uqbar.wollok-lsp-ide-0.5.3\\out\\server\\src\\server.js:38:6142\n    at D2 (c:\\Users\\maval\\Downloads\\Agus\\VSCode-win32-x64-1.103.2\\data\\extensions\\uqbar.wollok-lsp-ide-0.5.3\\out\\server\\src\\server.js:2384:42)\n    at Qh (c:\\Users\\maval\\Downloads\\Agus\\VSCode-win32-x64-1.103.2\\data\\extensions\\uqbar.wollok-lsp-ide-0.5.3\\out\\server\\src\\server.js:2384:1092)\n    at v6n (c:\\Users\\maval\\Downloads\\Agus\\VSCode-win32-x64-1.103.2\\data\\extensions\\uqbar.wollok-lsp-ide-0.5.3\\out\\server\\src\\server.js:2384:818)\n    at c:\\Users\\maval\\Downloads\\Agus\\VSCode-win32-x64-1.103.2\\data\\extensions\\uqbar.wollok-lsp-ide-0.5.3\\out\\server\\src\\server.js:38:6131\n    at D2 (c:\\Users\\maval\\Downloads\\Agus\\VSCode-win32-x64-1.103.2\\data\\extensions\\uqbar.wollok-lsp-ide-0.5.3\\out\\server\\src\\server.js:2384:42)\n    at Qh (c:\\Users\\maval\\Downloads\\Agus\\VSCode-win32-x64-1.103.2\\data\\extensions\\uqbar.wollok-lsp-ide-0.5.3\\out\\server\\src\\server.js:2384:1092)\n    at D2 (c:\\Users\\maval\\Downloads\\Agus\\VSCode-win32-x64-1.103.2\\data\\extensions\\uqbar.wollok-lsp-ide-0.5.3\\out\\server\\src\\server.js:2384:544)\n    at Qh (c:\\Users\\maval\\Downloads\\Agus\\VSCode-win32-x64-1.103.2\\data\\extensions\\uqbar.wollok-lsp-ide-0.5.3\\out\\server\\src\\server.js:2384:1092)\n    at D2 (c:\\Users\\maval\\Downloads\\Agus\\VSCode-win32-x64-1.103.2\\data\\extensions\\uqbar.wollok-lsp-ide-0.5.3\\out\\server\\src\\server.js:2384:544)","timestamp":"2025-09-13T14:05:28.763Z"}
{"level":"error","message":"✘ Completions for node Send ([27:19, 27:42] - example.wlk) failed: Error: [Send]{8d205d} at example.wlk:27 exhausted all cases without a match [Send]{8d205d} at example.wlk:27 exhausted all cases without a match","stack":"Error: [Send]{8d205d} at example.wlk:27 exhausted all cases without a match\n    at c:\\Users\\maval\\Downloads\\Agus\\VSCode-win32-x64-1.103.2\\data\\extensions\\uqbar.wollok-lsp-ide-0.5.3\\out\\server\\src\\server.js:38:6142\n    at D2 (c:\\Users\\maval\\Downloads\\Agus\\VSCode-win32-x64-1.103.2\\data\\extensions\\uqbar.wollok-lsp-ide-0.5.3\\out\\server\\src\\server.js:2384:42)\n    at c:\\Users\\maval\\Downloads\\Agus\\VSCode-win32-x64-1.103.2\\data\\extensions\\uqbar.wollok-lsp-ide-0.5.3\\out\\server\\src\\server.js:2384:2988\n    at c:\\Users\\maval\\Downloads\\Agus\\VSCode-win32-x64-1.103.2\\data\\extensions\\uqbar.wollok-lsp-ide-0.5.3\\out\\server\\src\\server.js:2393:8440\n    at c:\\Users\\maval\\Downloads\\Agus\\VSCode-win32-x64-1.103.2\\data\\extensions\\uqbar.wollok-lsp-ide-0.5.3\\out\\server\\src\\server.js:37:74872\n    at Ye (c:\\Users\\maval\\Downloads\\Agus\\VSCode-win32-x64-1.103.2\\data\\extensions\\uqbar.wollok-lsp-ide-0.5.3\\out\\server\\src\\server.js:7:8527)\n    at qt (c:\\Users\\maval\\Downloads\\Agus\\VSCode-win32-x64-1.103.2\\data\\extensions\\uqbar.wollok-lsp-ide-0.5.3\\out\\server\\src\\server.js:7:6189)\n    at ot (c:\\Users\\maval\\Downloads\\Agus\\VSCode-win32-x64-1.103.2\\data\\extensions\\uqbar.wollok-lsp-ide-0.5.3\\out\\server\\src\\server.js:7:6378)\n    at Immediate._onImmediate (c:\\Users\\maval\\Downloads\\Agus\\VSCode-win32-x64-1.103.2\\data\\extensions\\uqbar.wollok-lsp-ide-0.5.3\\out\\server\\src\\server.js:7:6142)\n    at process.processImmediate (node:internal/timers:485:21)","timestamp":"2025-09-13T14:05:28.947Z"}
{"level":"error","message":"✘ Completions for node Send ([27:5, 27:43] - example.wlk) failed: Error: [Send]{4bd976} at example.wlk:27 exhausted all cases without a match [Send]{4bd976} at example.wlk:27 exhausted all cases without a match","stack":"Error: [Send]{4bd976} at example.wlk:27 exhausted all cases without a match\n    at c:\\Users\\maval\\Downloads\\Agus\\VSCode-win32-x64-1.103.2\\data\\extensions\\uqbar.wollok-lsp-ide-0.5.3\\out\\server\\src\\server.js:38:6142\n    at D2 (c:\\Users\\maval\\Downloads\\Agus\\VSCode-win32-x64-1.103.2\\data\\extensions\\uqbar.wollok-lsp-ide-0.5.3\\out\\server\\src\\server.js:2384:42)\n    at Qh (c:\\Users\\maval\\Downloads\\Agus\\VSCode-win32-x64-1.103.2\\data\\extensions\\uqbar.wollok-lsp-ide-0.5.3\\out\\server\\src\\server.js:2384:1092)\n    at D2 (c:\\Users\\maval\\Downloads\\Agus\\VSCode-win32-x64-1.103.2\\data\\extensions\\uqbar.wollok-lsp-ide-0.5.3\\out\\server\\src\\server.js:2384:544)\n    at c:\\Users\\maval\\Downloads\\Agus\\VSCode-win32-x64-1.103.2\\data\\extensions\\uqbar.wollok-lsp-ide-0.5.3\\out\\server\\src\\server.js:2384:2988\n    at c:\\Users\\maval\\Downloads\\Agus\\VSCode-win32-x64-1.103.2\\data\\extensions\\uqbar.wollok-lsp-ide-0.5.3\\out\\server\\src\\server.js:2393:8440\n    at c:\\Users\\maval\\Downloads\\Agus\\VSCode-win32-x64-1.103.2\\data\\extensions\\uqbar.wollok-lsp-ide-0.5.3\\out\\server\\src\\server.js:37:74872\n    at Ye (c:\\Users\\maval\\Downloads\\Agus\\VSCode-win32-x64-1.103.2\\data\\extensions\\uqbar.wollok-lsp-ide-0.5.3\\out\\server\\src\\server.js:7:8527)\n    at qt (c:\\Users\\maval\\Downloads\\Agus\\VSCode-win32-x64-1.103.2\\data\\extensions\\uqbar.wollok-lsp-ide-0.5.3\\out\\server\\src\\server.js:7:6189)\n    at ot (c:\\Users\\maval\\Downloads\\Agus\\VSCode-win32-x64-1.103.2\\data\\extensions\\uqbar.wollok-lsp-ide-0.5.3\\out\\server\\src\\server.js:7:6378)","timestamp":"2025-09-13T14:05:28.947Z"}
{"level":"error","message":"✘ Completions for node If ([24:3, 29:4] - example.wlk) failed: Error: [If]{4a0f4d} at example.wlk:24 exhausted all cases without a match [If]{4a0f4d} at example.wlk:24 exhausted all cases without a match","stack":"Error: [If]{4a0f4d} at example.wlk:24 exhausted all cases without a match\n    at c:\\Users\\maval\\Downloads\\Agus\\VSCode-win32-x64-1.103.2\\data\\extensions\\uqbar.wollok-lsp-ide-0.5.3\\out\\server\\src\\server.js:38:6142\n    at D2 (c:\\Users\\maval\\Downloads\\Agus\\VSCode-win32-x64-1.103.2\\data\\extensions\\uqbar.wollok-lsp-ide-0.5.3\\out\\server\\src\\server.js:2384:42)\n    at Qh (c:\\Users\\maval\\Downloads\\Agus\\VSCode-win32-x64-1.103.2\\data\\extensions\\uqbar.wollok-lsp-ide-0.5.3\\out\\server\\src\\server.js:2384:1092)\n    at v6n (c:\\Users\\maval\\Downloads\\Agus\\VSCode-win32-x64-1.103.2\\data\\extensions\\uqbar.wollok-lsp-ide-0.5.3\\out\\server\\src\\server.js:2384:818)\n    at c:\\Users\\maval\\Downloads\\Agus\\VSCode-win32-x64-1.103.2\\data\\extensions\\uqbar.wollok-lsp-ide-0.5.3\\out\\server\\src\\server.js:38:6131\n    at D2 (c:\\Users\\maval\\Downloads\\Agus\\VSCode-win32-x64-1.103.2\\data\\extensions\\uqbar.wollok-lsp-ide-0.5.3\\out\\server\\src\\server.js:2384:42)\n    at Qh (c:\\Users\\maval\\Downloads\\Agus\\VSCode-win32-x64-1.103.2\\data\\extensions\\uqbar.wollok-lsp-ide-0.5.3\\out\\server\\src\\server.js:2384:1092)\n    at D2 (c:\\Users\\maval\\Downloads\\Agus\\VSCode-win32-x64-1.103.2\\data\\extensions\\uqbar.wollok-lsp-ide-0.5.3\\out\\server\\src\\server.js:2384:544)\n    at Qh (c:\\Users\\maval\\Downloads\\Agus\\VSCode-win32-x64-1.103.2\\data\\extensions\\uqbar.wollok-lsp-ide-0.5.3\\out\\server\\src\\server.js:2384:1092)\n    at D2 (c:\\Users\\maval\\Downloads\\Agus\\VSCode-win32-x64-1.103.2\\data\\extensions\\uqbar.wollok-lsp-ide-0.5.3\\out\\server\\src\\server.js:2384:544)","timestamp":"2025-09-13T14:05:28.947Z"}
{"level":"error","message":"✘ Completions for node Send ([33:6, 33:25] - example.wlk) failed: Error: [Send]{b07e74} at example.wlk:33 exhausted all cases without a match [Send]{b07e74} at example.wlk:33 exhausted all cases without a match","stack":"Error: [Send]{b07e74} at example.wlk:33 exhausted all cases without a match\n    at c:\\Users\\maval\\Downloads\\Agus\\VSCode-win32-x64-1.103.2\\data\\extensions\\uqbar.wollok-lsp-ide-0.5.3\\out\\server\\src\\server.js:38:6142\n    at D2 (c:\\Users\\maval\\Downloads\\Agus\\VSCode-win32-x64-1.103.2\\data\\extensions\\uqbar.wollok-lsp-ide-0.5.3\\out\\server\\src\\server.js:2384:42)\n    at c:\\Users\\maval\\Downloads\\Agus\\VSCode-win32-x64-1.103.2\\data\\extensions\\uqbar.wollok-lsp-ide-0.5.3\\out\\server\\src\\server.js:2384:2988\n    at c:\\Users\\maval\\Downloads\\Agus\\VSCode-win32-x64-1.103.2\\data\\extensions\\uqbar.wollok-lsp-ide-0.5.3\\out\\server\\src\\server.js:2393:8440\n    at c:\\Users\\maval\\Downloads\\Agus\\VSCode-win32-x64-1.103.2\\data\\extensions\\uqbar.wollok-lsp-ide-0.5.3\\out\\server\\src\\server.js:37:74872\n    at Ye (c:\\Users\\maval\\Downloads\\Agus\\VSCode-win32-x64-1.103.2\\data\\extensions\\uqbar.wollok-lsp-ide-0.5.3\\out\\server\\src\\server.js:7:8527)\n    at qt (c:\\Users\\maval\\Downloads\\Agus\\VSCode-win32-x64-1.103.2\\data\\extensions\\uqbar.wollok-lsp-ide-0.5.3\\out\\server\\src\\server.js:7:6189)\n    at ot (c:\\Users\\maval\\Downloads\\Agus\\VSCode-win32-x64-1.103.2\\data\\extensions\\uqbar.wollok-lsp-ide-0.5.3\\out\\server\\src\\server.js:7:6378)\n    at Immediate._onImmediate (c:\\Users\\maval\\Downloads\\Agus\\VSCode-win32-x64-1.103.2\\data\\extensions\\uqbar.wollok-lsp-ide-0.5.3\\out\\server\\src\\server.js:7:6142)\n    at process.processImmediate (node:internal/timers:485:21)","timestamp":"2025-09-13T14:05:57.570Z"}
{"level":"error","message":"✘ Completions for node Send ([33:6, 33:30] - example.wlk) failed: Error: [Send]{2bda85} at example.wlk:33 exhausted all cases without a match [Send]{2bda85} at example.wlk:33 exhausted all cases without a match","stack":"Error: [Send]{2bda85} at example.wlk:33 exhausted all cases without a match\n    at c:\\Users\\maval\\Downloads\\Agus\\VSCode-win32-x64-1.103.2\\data\\extensions\\uqbar.wollok-lsp-ide-0.5.3\\out\\server\\src\\server.js:38:6142\n    at D2 (c:\\Users\\maval\\Downloads\\Agus\\VSCode-win32-x64-1.103.2\\data\\extensions\\uqbar.wollok-lsp-ide-0.5.3\\out\\server\\src\\server.js:2384:42)\n    at Qh (c:\\Users\\maval\\Downloads\\Agus\\VSCode-win32-x64-1.103.2\\data\\extensions\\uqbar.wollok-lsp-ide-0.5.3\\out\\server\\src\\server.js:2384:1092)\n    at D2 (c:\\Users\\maval\\Downloads\\Agus\\VSCode-win32-x64-1.103.2\\data\\extensions\\uqbar.wollok-lsp-ide-0.5.3\\out\\server\\src\\server.js:2384:544)\n    at c:\\Users\\maval\\Downloads\\Agus\\VSCode-win32-x64-1.103.2\\data\\extensions\\uqbar.wollok-lsp-ide-0.5.3\\out\\server\\src\\server.js:2384:2988\n    at c:\\Users\\maval\\Downloads\\Agus\\VSCode-win32-x64-1.103.2\\data\\extensions\\uqbar.wollok-lsp-ide-0.5.3\\out\\server\\src\\server.js:2393:8440\n    at c:\\Users\\maval\\Downloads\\Agus\\VSCode-win32-x64-1.103.2\\data\\extensions\\uqbar.wollok-lsp-ide-0.5.3\\out\\server\\src\\server.js:37:74872\n    at Ye (c:\\Users\\maval\\Downloads\\Agus\\VSCode-win32-x64-1.103.2\\data\\extensions\\uqbar.wollok-lsp-ide-0.5.3\\out\\server\\src\\server.js:7:8527)\n    at qt (c:\\Users\\maval\\Downloads\\Agus\\VSCode-win32-x64-1.103.2\\data\\extensions\\uqbar.wollok-lsp-ide-0.5.3\\out\\server\\src\\server.js:7:6189)\n    at ot (c:\\Users\\maval\\Downloads\\Agus\\VSCode-win32-x64-1.103.2\\data\\extensions\\uqbar.wollok-lsp-ide-0.5.3\\out\\server\\src\\server.js:7:6378)","timestamp":"2025-09-13T14:05:57.571Z"}
{"level":"error","message":"✘ Completions for node If ([33:3, 38:4] - example.wlk) failed: Error: [If]{f4f065} at example.wlk:33 exhausted all cases without a match [If]{f4f065} at example.wlk:33 exhausted all cases without a match","stack":"Error: [If]{f4f065} at example.wlk:33 exhausted all cases without a match\n    at c:\\Users\\maval\\Downloads\\Agus\\VSCode-win32-x64-1.103.2\\data\\extensions\\uqbar.wollok-lsp-ide-0.5.3\\out\\server\\src\\server.js:38:6142\n    at D2 (c:\\Users\\maval\\Downloads\\Agus\\VSCode-win32-x64-1.103.2\\data\\extensions\\uqbar.wollok-lsp-ide-0.5.3\\out\\server\\src\\server.js:2384:42)\n    at Qh (c:\\Users\\maval\\Downloads\\Agus\\VSCode-win32-x64-1.103.2\\data\\extensions\\uqbar.wollok-lsp-ide-0.5.3\\out\\server\\src\\server.js:2384:1092)\n    at D2 (c:\\Users\\maval\\Downloads\\Agus\\VSCode-win32-x64-1.103.2\\data\\extensions\\uqbar.wollok-lsp-ide-0.5.3\\out\\server\\src\\server.js:2384:544)\n    at Qh (c:\\Users\\maval\\Downloads\\Agus\\VSCode-win32-x64-1.103.2\\data\\extensions\\uqbar.wollok-lsp-ide-0.5.3\\out\\server\\src\\server.js:2384:1092)\n    at D2 (c:\\Users\\maval\\Downloads\\Agus\\VSCode-win32-x64-1.103.2\\data\\extensions\\uqbar.wollok-lsp-ide-0.5.3\\out\\server\\src\\server.js:2384:544)\n    at c:\\Users\\maval\\Downloads\\Agus\\VSCode-win32-x64-1.103.2\\data\\extensions\\uqbar.wollok-lsp-ide-0.5.3\\out\\server\\src\\server.js:2384:2988\n    at c:\\Users\\maval\\Downloads\\Agus\\VSCode-win32-x64-1.103.2\\data\\extensions\\uqbar.wollok-lsp-ide-0.5.3\\out\\server\\src\\server.js:2393:8440\n    at c:\\Users\\maval\\Downloads\\Agus\\VSCode-win32-x64-1.103.2\\data\\extensions\\uqbar.wollok-lsp-ide-0.5.3\\out\\server\\src\\server.js:37:74872\n    at Ye (c:\\Users\\maval\\Downloads\\Agus\\VSCode-win32-x64-1.103.2\\data\\extensions\\uqbar.wollok-lsp-ide-0.5.3\\out\\server\\src\\server.js:7:8527)","timestamp":"2025-09-13T14:05:57.571Z"}
{"level":"error","message":"✘ Completions for node If ([33:3, 38:4] - example.wlk) failed: Error: [If]{634fa5} at example.wlk:33 exhausted all cases without a match [If]{634fa5} at example.wlk:33 exhausted all cases without a match","stack":"Error: [If]{634fa5} at example.wlk:33 exhausted all cases without a match\n    at c:\\Users\\maval\\Downloads\\Agus\\VSCode-win32-x64-1.103.2\\data\\extensions\\uqbar.wollok-lsp-ide-0.5.3\\out\\server\\src\\server.js:38:6142\n    at D2 (c:\\Users\\maval\\Downloads\\Agus\\VSCode-win32-x64-1.103.2\\data\\extensions\\uqbar.wollok-lsp-ide-0.5.3\\out\\server\\src\\server.js:2384:42)\n    at Qh (c:\\Users\\maval\\Downloads\\Agus\\VSCode-win32-x64-1.103.2\\data\\extensions\\uqbar.wollok-lsp-ide-0.5.3\\out\\server\\src\\server.js:2384:1092)\n    at v6n (c:\\Users\\maval\\Downloads\\Agus\\VSCode-win32-x64-1.103.2\\data\\extensions\\uqbar.wollok-lsp-ide-0.5.3\\out\\server\\src\\server.js:2384:818)\n    at c:\\Users\\maval\\Downloads\\Agus\\VSCode-win32-x64-1.103.2\\data\\extensions\\uqbar.wollok-lsp-ide-0.5.3\\out\\server\\src\\server.js:38:6131\n    at D2 (c:\\Users\\maval\\Downloads\\Agus\\VSCode-win32-x64-1.103.2\\data\\extensions\\uqbar.wollok-lsp-ide-0.5.3\\out\\server\\src\\server.js:2384:42)\n    at c:\\Users\\maval\\Downloads\\Agus\\VSCode-win32-x64-1.103.2\\data\\extensions\\uqbar.wollok-lsp-ide-0.5.3\\out\\server\\src\\server.js:2384:2988\n    at c:\\Users\\maval\\Downloads\\Agus\\VSCode-win32-x64-1.103.2\\data\\extensions\\uqbar.wollok-lsp-ide-0.5.3\\out\\server\\src\\server.js:2393:8440\n    at c:\\Users\\maval\\Downloads\\Agus\\VSCode-win32-x64-1.103.2\\data\\extensions\\uqbar.wollok-lsp-ide-0.5.3\\out\\server\\src\\server.js:37:74872\n    at Ye (c:\\Users\\maval\\Downloads\\Agus\\VSCode-win32-x64-1.103.2\\data\\extensions\\uqbar.wollok-lsp-ide-0.5.3\\out\\server\\src\\server.js:7:8527)","timestamp":"2025-09-13T14:06:29.968Z"}
{"level":"error","message":"✘ Completions for node If ([33:3, 38:4] - example.wlk) failed: Error: [If]{d5fa82} at example.wlk:33 exhausted all cases without a match [If]{d5fa82} at example.wlk:33 exhausted all cases without a match","stack":"Error: [If]{d5fa82} at example.wlk:33 exhausted all cases without a match\n    at c:\\Users\\maval\\Downloads\\Agus\\VSCode-win32-x64-1.103.2\\data\\extensions\\uqbar.wollok-lsp-ide-0.5.3\\out\\server\\src\\server.js:38:6142\n    at D2 (c:\\Users\\maval\\Downloads\\Agus\\VSCode-win32-x64-1.103.2\\data\\extensions\\uqbar.wollok-lsp-ide-0.5.3\\out\\server\\src\\server.js:2384:42)\n    at Qh (c:\\Users\\maval\\Downloads\\Agus\\VSCode-win32-x64-1.103.2\\data\\extensions\\uqbar.wollok-lsp-ide-0.5.3\\out\\server\\src\\server.js:2384:1092)\n    at v6n (c:\\Users\\maval\\Downloads\\Agus\\VSCode-win32-x64-1.103.2\\data\\extensions\\uqbar.wollok-lsp-ide-0.5.3\\out\\server\\src\\server.js:2384:818)\n    at c:\\Users\\maval\\Downloads\\Agus\\VSCode-win32-x64-1.103.2\\data\\extensions\\uqbar.wollok-lsp-ide-0.5.3\\out\\server\\src\\server.js:38:6131\n    at D2 (c:\\Users\\maval\\Downloads\\Agus\\VSCode-win32-x64-1.103.2\\data\\extensions\\uqbar.wollok-lsp-ide-0.5.3\\out\\server\\src\\server.js:2384:42)\n    at c:\\Users\\maval\\Downloads\\Agus\\VSCode-win32-x64-1.103.2\\data\\extensions\\uqbar.wollok-lsp-ide-0.5.3\\out\\server\\src\\server.js:2384:2988\n    at c:\\Users\\maval\\Downloads\\Agus\\VSCode-win32-x64-1.103.2\\data\\extensions\\uqbar.wollok-lsp-ide-0.5.3\\out\\server\\src\\server.js:2393:8440\n    at c:\\Users\\maval\\Downloads\\Agus\\VSCode-win32-x64-1.103.2\\data\\extensions\\uqbar.wollok-lsp-ide-0.5.3\\out\\server\\src\\server.js:37:74872\n    at Ye (c:\\Users\\maval\\Downloads\\Agus\\VSCode-win32-x64-1.103.2\\data\\extensions\\uqbar.wollok-lsp-ide-0.5.3\\out\\server\\src\\server.js:7:8527)","timestamp":"2025-09-13T14:06:30.101Z"}
{"level":"error","message":"✘ Completions for node If ([33:3, 38:4] - example.wlk) failed: Error: [If]{b867e9} at example.wlk:33 exhausted all cases without a match [If]{b867e9} at example.wlk:33 exhausted all cases without a match","stack":"Error: [If]{b867e9} at example.wlk:33 exhausted all cases without a match\n    at c:\\Users\\maval\\Downloads\\Agus\\VSCode-win32-x64-1.103.2\\data\\extensions\\uqbar.wollok-lsp-ide-0.5.3\\out\\server\\src\\server.js:38:6142\n    at D2 (c:\\Users\\maval\\Downloads\\Agus\\VSCode-win32-x64-1.103.2\\data\\extensions\\uqbar.wollok-lsp-ide-0.5.3\\out\\server\\src\\server.js:2384:42)\n    at Qh (c:\\Users\\maval\\Downloads\\Agus\\VSCode-win32-x64-1.103.2\\data\\extensions\\uqbar.wollok-lsp-ide-0.5.3\\out\\server\\src\\server.js:2384:1092)\n    at v6n (c:\\Users\\maval\\Downloads\\Agus\\VSCode-win32-x64-1.103.2\\data\\extensions\\uqbar.wollok-lsp-ide-0.5.3\\out\\server\\src\\server.js:2384:818)\n    at c:\\Users\\maval\\Downloads\\Agus\\VSCode-win32-x64-1.103.2\\data\\extensions\\uqbar.wollok-lsp-ide-0.5.3\\out\\server\\src\\server.js:38:6131\n    at D2 (c:\\Users\\maval\\Downloads\\Agus\\VSCode-win32-x64-1.103.2\\data\\extensions\\uqbar.wollok-lsp-ide-0.5.3\\out\\server\\src\\server.js:2384:42)\n    at c:\\Users\\maval\\Downloads\\Agus\\VSCode-win32-x64-1.103.2\\data\\extensions\\uqbar.wollok-lsp-ide-0.5.3\\out\\server\\src\\server.js:2384:2988\n    at c:\\Users\\maval\\Downloads\\Agus\\VSCode-win32-x64-1.103.2\\data\\extensions\\uqbar.wollok-lsp-ide-0.5.3\\out\\server\\src\\server.js:2393:8440\n    at c:\\Users\\maval\\Downloads\\Agus\\VSCode-win32-x64-1.103.2\\data\\extensions\\uqbar.wollok-lsp-ide-0.5.3\\out\\server\\src\\server.js:37:74872\n    at Ye (c:\\Users\\maval\\Downloads\\Agus\\VSCode-win32-x64-1.103.2\\data\\extensions\\uqbar.wollok-lsp-ide-0.5.3\\out\\server\\src\\server.js:7:8527)","timestamp":"2025-09-13T14:06:30.276Z"}
{"level":"error","message":"✘ Completions for node If ([33:3, 38:4] - example.wlk) failed: Error: [If]{6b1c62} at example.wlk:33 exhausted all cases without a match [If]{6b1c62} at example.wlk:33 exhausted all cases without a match","stack":"Error: [If]{6b1c62} at example.wlk:33 exhausted all cases without a match\n    at c:\\Users\\maval\\Downloads\\Agus\\VSCode-win32-x64-1.103.2\\data\\extensions\\uqbar.wollok-lsp-ide-0.5.3\\out\\server\\src\\server.js:38:6142\n    at D2 (c:\\Users\\maval\\Downloads\\Agus\\VSCode-win32-x64-1.103.2\\data\\extensions\\uqbar.wollok-lsp-ide-0.5.3\\out\\server\\src\\server.js:2384:42)\n    at Qh (c:\\Users\\maval\\Downloads\\Agus\\VSCode-win32-x64-1.103.2\\data\\extensions\\uqbar.wollok-lsp-ide-0.5.3\\out\\server\\src\\server.js:2384:1092)\n    at v6n (c:\\Users\\maval\\Downloads\\Agus\\VSCode-win32-x64-1.103.2\\data\\extensions\\uqbar.wollok-lsp-ide-0.5.3\\out\\server\\src\\server.js:2384:818)\n    at c:\\Users\\maval\\Downloads\\Agus\\VSCode-win32-x64-1.103.2\\data\\extensions\\uqbar.wollok-lsp-ide-0.5.3\\out\\server\\src\\server.js:38:6131\n    at D2 (c:\\Users\\maval\\Downloads\\Agus\\VSCode-win32-x64-1.103.2\\data\\extensions\\uqbar.wollok-lsp-ide-0.5.3\\out\\server\\src\\server.js:2384:42)\n    at c:\\Users\\maval\\Downloads\\Agus\\VSCode-win32-x64-1.103.2\\data\\extensions\\uqbar.wollok-lsp-ide-0.5.3\\out\\server\\src\\server.js:2384:2988\n    at c:\\Users\\maval\\Downloads\\Agus\\VSCode-win32-x64-1.103.2\\data\\extensions\\uqbar.wollok-lsp-ide-0.5.3\\out\\server\\src\\server.js:2393:8440\n    at c:\\Users\\maval\\Downloads\\Agus\\VSCode-win32-x64-1.103.2\\data\\extensions\\uqbar.wollok-lsp-ide-0.5.3\\out\\server\\src\\server.js:37:74872\n    at Ye (c:\\Users\\maval\\Downloads\\Agus\\VSCode-win32-x64-1.103.2\\data\\extensions\\uqbar.wollok-lsp-ide-0.5.3\\out\\server\\src\\server.js:7:8527)","timestamp":"2025-09-13T14:06:32.135Z"}
{"level":"error","message":"✘ Completions for node If ([33:3, 38:4] - example.wlk) failed: Error: [If]{46171c} at example.wlk:33 exhausted all cases without a match [If]{46171c} at example.wlk:33 exhausted all cases without a match","stack":"Error: [If]{46171c} at example.wlk:33 exhausted all cases without a match\n    at c:\\Users\\maval\\Downloads\\Agus\\VSCode-win32-x64-1.103.2\\data\\extensions\\uqbar.wollok-lsp-ide-0.5.3\\out\\server\\src\\server.js:38:6142\n    at D2 (c:\\Users\\maval\\Downloads\\Agus\\VSCode-win32-x64-1.103.2\\data\\extensions\\uqbar.wollok-lsp-ide-0.5.3\\out\\server\\src\\server.js:2384:42)\n    at Qh (c:\\Users\\maval\\Downloads\\Agus\\VSCode-win32-x64-1.103.2\\data\\extensions\\uqbar.wollok-lsp-ide-0.5.3\\out\\server\\src\\server.js:2384:1092)\n    at v6n (c:\\Users\\maval\\Downloads\\Agus\\VSCode-win32-x64-1.103.2\\data\\extensions\\uqbar.wollok-lsp-ide-0.5.3\\out\\server\\src\\server.js:2384:818)\n    at c:\\Users\\maval\\Downloads\\Agus\\VSCode-win32-x64-1.103.2\\data\\extensions\\uqbar.wollok-lsp-ide-0.5.3\\out\\server\\src\\server.js:38:6131\n    at D2 (c:\\Users\\maval\\Downloads\\Agus\\VSCode-win32-x64-1.103.2\\data\\extensions\\uqbar.wollok-lsp-ide-0.5.3\\out\\server\\src\\server.js:2384:42)\n    at c:\\Users\\maval\\Downloads\\Agus\\VSCode-win32-x64-1.103.2\\data\\extensions\\uqbar.wollok-lsp-ide-0.5.3\\out\\server\\src\\server.js:2384:2988\n    at c:\\Users\\maval\\Downloads\\Agus\\VSCode-win32-x64-1.103.2\\data\\extensions\\uqbar.wollok-lsp-ide-0.5.3\\out\\server\\src\\server.js:2393:8440\n    at c:\\Users\\maval\\Downloads\\Agus\\VSCode-win32-x64-1.103.2\\data\\extensions\\uqbar.wollok-lsp-ide-0.5.3\\out\\server\\src\\server.js:37:74872\n    at Ye (c:\\Users\\maval\\Downloads\\Agus\\VSCode-win32-x64-1.103.2\\data\\extensions\\uqbar.wollok-lsp-ide-0.5.3\\out\\server\\src\\server.js:7:8527)","timestamp":"2025-09-13T14:06:32.306Z"}
{"level":"info","message":"⌛ Validating example.wlk","timeElapsed":103,"timestamp":"2025-09-13T14:06:32.412Z"}
{"level":"info","message":"⌛ Building environment","timeElapsed":117,"timestamp":"2025-09-13T14:06:33.526Z"}
{"level":"error","message":"✘ Completions for node Send ([34:26, 34:35] - example.wlk) failed: Error: [Send]{ac392f} at example.wlk:34 exhausted all cases without a match [Send]{ac392f} at example.wlk:34 exhausted all cases without a match","stack":"Error: [Send]{ac392f} at example.wlk:34 exhausted all cases without a match\n    at c:\\Users\\maval\\Downloads\\Agus\\VSCode-win32-x64-1.103.2\\data\\extensions\\uqbar.wollok-lsp-ide-0.5.3\\out\\server\\src\\server.js:38:6142\n    at D2 (c:\\Users\\maval\\Downloads\\Agus\\VSCode-win32-x64-1.103.2\\data\\extensions\\uqbar.wollok-lsp-ide-0.5.3\\out\\server\\src\\server.js:2384:42)\n    at Qh (c:\\Users\\maval\\Downloads\\Agus\\VSCode-win32-x64-1.103.2\\data\\extensions\\uqbar.wollok-lsp-ide-0.5.3\\out\\server\\src\\server.js:2384:1092)\n    at k6n (c:\\Users\\maval\\Downloads\\Agus\\VSCode-win32-x64-1.103.2\\data\\extensions\\uqbar.wollok-lsp-ide-0.5.3\\out\\server\\src\\server.js:2384:1248)\n    at c:\\Users\\maval\\Downloads\\Agus\\VSCode-win32-x64-1.103.2\\data\\extensions\\uqbar.wollok-lsp-ide-0.5.3\\out\\server\\src\\server.js:38:6131\n    at D2 (c:\\Users\\maval\\Downloads\\Agus\\VSCode-win32-x64-1.103.2\\data\\extensions\\uqbar.wollok-lsp-ide-0.5.3\\out\\server\\src\\server.js:2384:42)\n    at c:\\Users\\maval\\Downloads\\Agus\\VSCode-win32-x64-1.103.2\\data\\extensions\\uqbar.wollok-lsp-ide-0.5.3\\out\\server\\src\\server.js:2384:2988\n    at c:\\Users\\maval\\Downloads\\Agus\\VSCode-win32-x64-1.103.2\\data\\extensions\\uqbar.wollok-lsp-ide-0.5.3\\out\\server\\src\\server.js:2393:8440\n    at c:\\Users\\maval\\Downloads\\Agus\\VSCode-win32-x64-1.103.2\\data\\extensions\\uqbar.wollok-lsp-ide-0.5.3\\out\\server\\src\\server.js:37:74872\n    at Ye (c:\\Users\\maval\\Downloads\\Agus\\VSCode-win32-x64-1.103.2\\data\\extensions\\uqbar.wollok-lsp-ide-0.5.3\\out\\server\\src\\server.js:7:8527)","timestamp":"2025-09-13T14:06:44.046Z"}
{"level":"error","message":"✘ Completions for node Send ([34:26, 34:37] - example.wlk) failed: Error: [Send]{beeeb2} at example.wlk:34 exhausted all cases without a match [Send]{beeeb2} at example.wlk:34 exhausted all cases without a match","stack":"Error: [Send]{beeeb2} at example.wlk:34 exhausted all cases without a match\n    at c:\\Users\\maval\\Downloads\\Agus\\VSCode-win32-x64-1.103.2\\data\\extensions\\uqbar.wollok-lsp-ide-0.5.3\\out\\server\\src\\server.js:38:6142\n    at D2 (c:\\Users\\maval\\Downloads\\Agus\\VSCode-win32-x64-1.103.2\\data\\extensions\\uqbar.wollok-lsp-ide-0.5.3\\out\\server\\src\\server.js:2384:42)\n    at Qh (c:\\Users\\maval\\Downloads\\Agus\\VSCode-win32-x64-1.103.2\\data\\extensions\\uqbar.wollok-lsp-ide-0.5.3\\out\\server\\src\\server.js:2384:1092)\n    at D2 (c:\\Users\\maval\\Downloads\\Agus\\VSCode-win32-x64-1.103.2\\data\\extensions\\uqbar.wollok-lsp-ide-0.5.3\\out\\server\\src\\server.js:2384:544)\n    at Qh (c:\\Users\\maval\\Downloads\\Agus\\VSCode-win32-x64-1.103.2\\data\\extensions\\uqbar.wollok-lsp-ide-0.5.3\\out\\server\\src\\server.js:2384:1092)\n    at k6n (c:\\Users\\maval\\Downloads\\Agus\\VSCode-win32-x64-1.103.2\\data\\extensions\\uqbar.wollok-lsp-ide-0.5.3\\out\\server\\src\\server.js:2384:1248)\n    at c:\\Users\\maval\\Downloads\\Agus\\VSCode-win32-x64-1.103.2\\data\\extensions\\uqbar.wollok-lsp-ide-0.5.3\\out\\server\\src\\server.js:38:6131\n    at D2 (c:\\Users\\maval\\Downloads\\Agus\\VSCode-win32-x64-1.103.2\\data\\extensions\\uqbar.wollok-lsp-ide-0.5.3\\out\\server\\src\\server.js:2384:42)\n    at c:\\Users\\maval\\Downloads\\Agus\\VSCode-win32-x64-1.103.2\\data\\extensions\\uqbar.wollok-lsp-ide-0.5.3\\out\\server\\src\\server.js:2384:2988\n    at c:\\Users\\maval\\Downloads\\Agus\\VSCode-win32-x64-1.103.2\\data\\extensions\\uqbar.wollok-lsp-ide-0.5.3\\out\\server\\src\\server.js:2393:8440","timestamp":"2025-09-13T14:06:44.046Z"}
{"level":"error","message":"✘ Completions for node Send ([34:18, 34:54] - example.wlk) failed: Error: [Send]{22cf6f} at example.wlk:34 exhausted all cases without a match [Send]{22cf6f} at example.wlk:34 exhausted all cases without a match","stack":"Error: [Send]{22cf6f} at example.wlk:34 exhausted all cases without a match\n    at c:\\Users\\maval\\Downloads\\Agus\\VSCode-win32-x64-1.103.2\\data\\extensions\\uqbar.wollok-lsp-ide-0.5.3\\out\\server\\src\\server.js:38:6142\n    at D2 (c:\\Users\\maval\\Downloads\\Agus\\VSCode-win32-x64-1.103.2\\data\\extensions\\uqbar.wollok-lsp-ide-0.5.3\\out\\server\\src\\server.js:2384:42)\n    at Qh (c:\\Users\\maval\\Downloads\\Agus\\VSCode-win32-x64-1.103.2\\data\\extensions\\uqbar.wollok-lsp-ide-0.5.3\\out\\server\\src\\server.js:2384:1092)\n    at D2 (c:\\Users\\maval\\Downloads\\Agus\\VSCode-win32-x64-1.103.2\\data\\extensions\\uqbar.wollok-lsp-ide-0.5.3\\out\\server\\src\\server.js:2384:544)\n    at Qh (c:\\Users\\maval\\Downloads\\Agus\\VSCode-win32-x64-1.103.2\\data\\extensions\\uqbar.wollok-lsp-ide-0.5.3\\out\\server\\src\\server.js:2384:1092)\n    at D2 (c:\\Users\\maval\\Downloads\\Agus\\VSCode-win32-x64-1.103.2\\data\\extensions\\uqbar.wollok-lsp-ide-0.5.3\\out\\server\\src\\server.js:2384:544)\n    at Qh (c:\\Users\\maval\\Downloads\\Agus\\VSCode-win32-x64-1.103.2\\data\\extensions\\uqbar.wollok-lsp-ide-0.5.3\\out\\server\\src\\server.js:2384:1092)\n    at k6n (c:\\Users\\maval\\Downloads\\Agus\\VSCode-win32-x64-1.103.2\\data\\extensions\\uqbar.wollok-lsp-ide-0.5.3\\out\\server\\src\\server.js:2384:1248)\n    at c:\\Users\\maval\\Downloads\\Agus\\VSCode-win32-x64-1.103.2\\data\\extensions\\uqbar.wollok-lsp-ide-0.5.3\\out\\server\\src\\server.js:38:6131\n    at D2 (c:\\Users\\maval\\Downloads\\Agus\\VSCode-win32-x64-1.103.2\\data\\extensions\\uqbar.wollok-lsp-ide-0.5.3\\out\\server\\src\\server.js:2384:42)","timestamp":"2025-09-13T14:06:44.046Z"}
{"level":"error","message":"✘ Completions for node Send ([34:4, 34:55] - example.wlk) failed: Error: [Send]{08cacd} at example.wlk:34 exhausted all cases without a match [Send]{08cacd} at example.wlk:34 exhausted all cases without a match","stack":"Error: [Send]{08cacd} at example.wlk:34 exhausted all cases without a match\n    at c:\\Users\\maval\\Downloads\\Agus\\VSCode-win32-x64-1.103.2\\data\\extensions\\uqbar.wollok-lsp-ide-0.5.3\\out\\server\\src\\server.js:38:6142\n    at D2 (c:\\Users\\maval\\Downloads\\Agus\\VSCode-win32-x64-1.103.2\\data\\extensions\\uqbar.wollok-lsp-ide-0.5.3\\out\\server\\src\\server.js:2384:42)\n    at Qh (c:\\Users\\maval\\Downloads\\Agus\\VSCode-win32-x64-1.103.2\\data\\extensions\\uqbar.wollok-lsp-ide-0.5.3\\out\\server\\src\\server.js:2384:1092)\n    at D2 (c:\\Users\\maval\\Downloads\\Agus\\VSCode-win32-x64-1.103.2\\data\\extensions\\uqbar.wollok-lsp-ide-0.5.3\\out\\server\\src\\server.js:2384:544)\n    at Qh (c:\\Users\\maval\\Downloads\\Agus\\VSCode-win32-x64-1.103.2\\data\\extensions\\uqbar.wollok-lsp-ide-0.5.3\\out\\server\\src\\server.js:2384:1092)\n    at D2 (c:\\Users\\maval\\Downloads\\Agus\\VSCode-win32-x64-1.103.2\\data\\extensions\\uqbar.wollok-lsp-ide-0.5.3\\out\\server\\src\\server.js:2384:544)\n    at Qh (c:\\Users\\maval\\Downloads\\Agus\\VSCode-win32-x64-1.103.2\\data\\extensions\\uqbar.wollok-lsp-ide-0.5.3\\out\\server\\src\\server.js:2384:1092)\n    at D2 (c:\\Users\\maval\\Downloads\\Agus\\VSCode-win32-x64-1.103.2\\data\\extensions\\uqbar.wollok-lsp-ide-0.5.3\\out\\server\\src\\server.js:2384:544)\n    at Qh (c:\\Users\\maval\\Downloads\\Agus\\VSCode-win32-x64-1.103.2\\data\\extensions\\uqbar.wollok-lsp-ide-0.5.3\\out\\server\\src\\server.js:2384:1092)\n    at k6n (c:\\Users\\maval\\Downloads\\Agus\\VSCode-win32-x64-1.103.2\\data\\extensions\\uqbar.wollok-lsp-ide-0.5.3\\out\\server\\src\\server.js:2384:1248)","timestamp":"2025-09-13T14:06:44.046Z"}
{"level":"error","message":"✘ Completions for node If ([33:3, 38:4] - example.wlk) failed: Error: [If]{ecb55b} at example.wlk:33 exhausted all cases without a match [If]{ecb55b} at example.wlk:33 exhausted all cases without a match","stack":"Error: [If]{ecb55b} at example.wlk:33 exhausted all cases without a match\n    at c:\\Users\\maval\\Downloads\\Agus\\VSCode-win32-x64-1.103.2\\data\\extensions\\uqbar.wollok-lsp-ide-0.5.3\\out\\server\\src\\server.js:38:6142\n    at D2 (c:\\Users\\maval\\Downloads\\Agus\\VSCode-win32-x64-1.103.2\\data\\extensions\\uqbar.wollok-lsp-ide-0.5.3\\out\\server\\src\\server.js:2384:42)\n    at Qh (c:\\Users\\maval\\Downloads\\Agus\\VSCode-win32-x64-1.103.2\\data\\extensions\\uqbar.wollok-lsp-ide-0.5.3\\out\\server\\src\\server.js:2384:1092)\n    at v6n (c:\\Users\\maval\\Downloads\\Agus\\VSCode-win32-x64-1.103.2\\data\\extensions\\uqbar.wollok-lsp-ide-0.5.3\\out\\server\\src\\server.js:2384:818)\n    at c:\\Users\\maval\\Downloads\\Agus\\VSCode-win32-x64-1.103.2\\data\\extensions\\uqbar.wollok-lsp-ide-0.5.3\\out\\server\\src\\server.js:38:6131\n    at D2 (c:\\Users\\maval\\Downloads\\Agus\\VSCode-win32-x64-1.103.2\\data\\extensions\\uqbar.wollok-lsp-ide-0.5.3\\out\\server\\src\\server.js:2384:42)\n    at Qh (c:\\Users\\maval\\Downloads\\Agus\\VSCode-win32-x64-1.103.2\\data\\extensions\\uqbar.wollok-lsp-ide-0.5.3\\out\\server\\src\\server.js:2384:1092)\n    at D2 (c:\\Users\\maval\\Downloads\\Agus\\VSCode-win32-x64-1.103.2\\data\\extensions\\uqbar.wollok-lsp-ide-0.5.3\\out\\server\\src\\server.js:2384:544)\n    at Qh (c:\\Users\\maval\\Downloads\\Agus\\VSCode-win32-x64-1.103.2\\data\\extensions\\uqbar.wollok-lsp-ide-0.5.3\\out\\server\\src\\server.js:2384:1092)\n    at D2 (c:\\Users\\maval\\Downloads\\Agus\\VSCode-win32-x64-1.103.2\\data\\extensions\\uqbar.wollok-lsp-ide-0.5.3\\out\\server\\src\\server.js:2384:544)","timestamp":"2025-09-13T14:06:44.046Z"}
{"level":"info","message":"⌛ Validating example.wlk","timeElapsed":112,"timestamp":"2025-09-13T14:06:44.373Z"}
{"level":"error","message":"✘ Completions for node Send ([36:20, 36:40] - example.wlk) failed: Error: [Send]{83cd9e} at example.wlk:36 exhausted all cases without a match [Send]{83cd9e} at example.wlk:36 exhausted all cases without a match","stack":"Error: [Send]{83cd9e} at example.wlk:36 exhausted all cases without a match\n    at c:\\Users\\maval\\Downloads\\Agus\\VSCode-win32-x64-1.103.2\\data\\extensions\\uqbar.wollok-lsp-ide-0.5.3\\out\\server\\src\\server.js:38:6142\n    at D2 (c:\\Users\\maval\\Downloads\\Agus\\VSCode-win32-x64-1.103.2\\data\\extensions\\uqbar.wollok-lsp-ide-0.5.3\\out\\server\\src\\server.js:2384:42)\n    at c:\\Users\\maval\\Downloads\\Agus\\VSCode-win32-x64-1.103.2\\data\\extensions\\uqbar.wollok-lsp-ide-0.5.3\\out\\server\\src\\server.js:2384:2988\n    at c:\\Users\\maval\\Downloads\\Agus\\VSCode-win32-x64-1.103.2\\data\\extensions\\uqbar.wollok-lsp-ide-0.5.3\\out\\server\\src\\server.js:2393:8440\n    at c:\\Users\\maval\\Downloads\\Agus\\VSCode-win32-x64-1.103.2\\data\\extensions\\uqbar.wollok-lsp-ide-0.5.3\\out\\server\\src\\server.js:37:74872\n    at Ye (c:\\Users\\maval\\Downloads\\Agus\\VSCode-win32-x64-1.103.2\\data\\extensions\\uqbar.wollok-lsp-ide-0.5.3\\out\\server\\src\\server.js:7:8527)\n    at qt (c:\\Users\\maval\\Downloads\\Agus\\VSCode-win32-x64-1.103.2\\data\\extensions\\uqbar.wollok-lsp-ide-0.5.3\\out\\server\\src\\server.js:7:6189)\n    at ot (c:\\Users\\maval\\Downloads\\Agus\\VSCode-win32-x64-1.103.2\\data\\extensions\\uqbar.wollok-lsp-ide-0.5.3\\out\\server\\src\\server.js:7:6378)\n    at Immediate._onImmediate (c:\\Users\\maval\\Downloads\\Agus\\VSCode-win32-x64-1.103.2\\data\\extensions\\uqbar.wollok-lsp-ide-0.5.3\\out\\server\\src\\server.js:7:6142)\n    at process.processImmediate (node:internal/timers:485:21)","timestamp":"2025-09-13T14:07:10.575Z"}
{"level":"error","message":"✘ Completions for node Send ([36:6, 36:41] - example.wlk) failed: Error: [Send]{5b8a06} at example.wlk:36 exhausted all cases without a match [Send]{5b8a06} at example.wlk:36 exhausted all cases without a match","stack":"Error: [Send]{5b8a06} at example.wlk:36 exhausted all cases without a match\n    at c:\\Users\\maval\\Downloads\\Agus\\VSCode-win32-x64-1.103.2\\data\\extensions\\uqbar.wollok-lsp-ide-0.5.3\\out\\server\\src\\server.js:38:6142\n    at D2 (c:\\Users\\maval\\Downloads\\Agus\\VSCode-win32-x64-1.103.2\\data\\extensions\\uqbar.wollok-lsp-ide-0.5.3\\out\\server\\src\\server.js:2384:42)\n    at Qh (c:\\Users\\maval\\Downloads\\Agus\\VSCode-win32-x64-1.103.2\\data\\extensions\\uqbar.wollok-lsp-ide-0.5.3\\out\\server\\src\\server.js:2384:1092)\n    at D2 (c:\\Users\\maval\\Downloads\\Agus\\VSCode-win32-x64-1.103.2\\data\\extensions\\uqbar.wollok-lsp-ide-0.5.3\\out\\server\\src\\server.js:2384:544)\n    at c:\\Users\\maval\\Downloads\\Agus\\VSCode-win32-x64-1.103.2\\data\\extensions\\uqbar.wollok-lsp-ide-0.5.3\\out\\server\\src\\server.js:2384:2988\n    at c:\\Users\\maval\\Downloads\\Agus\\VSCode-win32-x64-1.103.2\\data\\extensions\\uqbar.wollok-lsp-ide-0.5.3\\out\\server\\src\\server.js:2393:8440\n    at c:\\Users\\maval\\Downloads\\Agus\\VSCode-win32-x64-1.103.2\\data\\extensions\\uqbar.wollok-lsp-ide-0.5.3\\out\\server\\src\\server.js:37:74872\n    at Ye (c:\\Users\\maval\\Downloads\\Agus\\VSCode-win32-x64-1.103.2\\data\\extensions\\uqbar.wollok-lsp-ide-0.5.3\\out\\server\\src\\server.js:7:8527)\n    at qt (c:\\Users\\maval\\Downloads\\Agus\\VSCode-win32-x64-1.103.2\\data\\extensions\\uqbar.wollok-lsp-ide-0.5.3\\out\\server\\src\\server.js:7:6189)\n    at ot (c:\\Users\\maval\\Downloads\\Agus\\VSCode-win32-x64-1.103.2\\data\\extensions\\uqbar.wollok-lsp-ide-0.5.3\\out\\server\\src\\server.js:7:6378)","timestamp":"2025-09-13T14:07:10.575Z"}
{"level":"error","message":"✘ Completions for node If ([33:3, 38:4] - example.wlk) failed: Error: [If]{fd6fb8} at example.wlk:33 exhausted all cases without a match [If]{fd6fb8} at example.wlk:33 exhausted all cases without a match","stack":"Error: [If]{fd6fb8} at example.wlk:33 exhausted all cases without a match\n    at c:\\Users\\maval\\Downloads\\Agus\\VSCode-win32-x64-1.103.2\\data\\extensions\\uqbar.wollok-lsp-ide-0.5.3\\out\\server\\src\\server.js:38:6142\n    at D2 (c:\\Users\\maval\\Downloads\\Agus\\VSCode-win32-x64-1.103.2\\data\\extensions\\uqbar.wollok-lsp-ide-0.5.3\\out\\server\\src\\server.js:2384:42)\n    at Qh (c:\\Users\\maval\\Downloads\\Agus\\VSCode-win32-x64-1.103.2\\data\\extensions\\uqbar.wollok-lsp-ide-0.5.3\\out\\server\\src\\server.js:2384:1092)\n    at v6n (c:\\Users\\maval\\Downloads\\Agus\\VSCode-win32-x64-1.103.2\\data\\extensions\\uqbar.wollok-lsp-ide-0.5.3\\out\\server\\src\\server.js:2384:818)\n    at c:\\Users\\maval\\Downloads\\Agus\\VSCode-win32-x64-1.103.2\\data\\extensions\\uqbar.wollok-lsp-ide-0.5.3\\out\\server\\src\\server.js:38:6131\n    at D2 (c:\\Users\\maval\\Downloads\\Agus\\VSCode-win32-x64-1.103.2\\data\\extensions\\uqbar.wollok-lsp-ide-0.5.3\\out\\server\\src\\server.js:2384:42)\n    at Qh (c:\\Users\\maval\\Downloads\\Agus\\VSCode-win32-x64-1.103.2\\data\\extensions\\uqbar.wollok-lsp-ide-0.5.3\\out\\server\\src\\server.js:2384:1092)\n    at D2 (c:\\Users\\maval\\Downloads\\Agus\\VSCode-win32-x64-1.103.2\\data\\extensions\\uqbar.wollok-lsp-ide-0.5.3\\out\\server\\src\\server.js:2384:544)\n    at Qh (c:\\Users\\maval\\Downloads\\Agus\\VSCode-win32-x64-1.103.2\\data\\extensions\\uqbar.wollok-lsp-ide-0.5.3\\out\\server\\src\\server.js:2384:1092)\n    at D2 (c:\\Users\\maval\\Downloads\\Agus\\VSCode-win32-x64-1.103.2\\data\\extensions\\uqbar.wollok-lsp-ide-0.5.3\\out\\server\\src\\server.js:2384:544)","timestamp":"2025-09-13T14:07:10.576Z"}
{"level":"error","message":"✘ Completions for node Send ([36:20, 36:42] - example.wlk) failed: Error: [Send]{112a7e} at example.wlk:36 exhausted all cases without a match [Send]{112a7e} at example.wlk:36 exhausted all cases without a match","stack":"Error: [Send]{112a7e} at example.wlk:36 exhausted all cases without a match\n    at c:\\Users\\maval\\Downloads\\Agus\\VSCode-win32-x64-1.103.2\\data\\extensions\\uqbar.wollok-lsp-ide-0.5.3\\out\\server\\src\\server.js:38:6142\n    at D2 (c:\\Users\\maval\\Downloads\\Agus\\VSCode-win32-x64-1.103.2\\data\\extensions\\uqbar.wollok-lsp-ide-0.5.3\\out\\server\\src\\server.js:2384:42)\n    at c:\\Users\\maval\\Downloads\\Agus\\VSCode-win32-x64-1.103.2\\data\\extensions\\uqbar.wollok-lsp-ide-0.5.3\\out\\server\\src\\server.js:2384:2988\n    at c:\\Users\\maval\\Downloads\\Agus\\VSCode-win32-x64-1.103.2\\data\\extensions\\uqbar.wollok-lsp-ide-0.5.3\\out\\server\\src\\server.js:2393:8440\n    at c:\\Users\\maval\\Downloads\\Agus\\VSCode-win32-x64-1.103.2\\data\\extensions\\uqbar.wollok-lsp-ide-0.5.3\\out\\server\\src\\server.js:37:74872\n    at Ye (c:\\Users\\maval\\Downloads\\Agus\\VSCode-win32-x64-1.103.2\\data\\extensions\\uqbar.wollok-lsp-ide-0.5.3\\out\\server\\src\\server.js:7:8527)\n    at qt (c:\\Users\\maval\\Downloads\\Agus\\VSCode-win32-x64-1.103.2\\data\\extensions\\uqbar.wollok-lsp-ide-0.5.3\\out\\server\\src\\server.js:7:6189)\n    at ot (c:\\Users\\maval\\Downloads\\Agus\\VSCode-win32-x64-1.103.2\\data\\extensions\\uqbar.wollok-lsp-ide-0.5.3\\out\\server\\src\\server.js:7:6378)\n    at Immediate._onImmediate (c:\\Users\\maval\\Downloads\\Agus\\VSCode-win32-x64-1.103.2\\data\\extensions\\uqbar.wollok-lsp-ide-0.5.3\\out\\server\\src\\server.js:7:6142)\n    at process.processImmediate (node:internal/timers:485:21)","timestamp":"2025-09-13T14:07:10.872Z"}
{"level":"error","message":"✘ Completions for node Send ([36:6, 36:43] - example.wlk) failed: Error: [Send]{efa556} at example.wlk:36 exhausted all cases without a match [Send]{efa556} at example.wlk:36 exhausted all cases without a match","stack":"Error: [Send]{efa556} at example.wlk:36 exhausted all cases without a match\n    at c:\\Users\\maval\\Downloads\\Agus\\VSCode-win32-x64-1.103.2\\data\\extensions\\uqbar.wollok-lsp-ide-0.5.3\\out\\server\\src\\server.js:38:6142\n    at D2 (c:\\Users\\maval\\Downloads\\Agus\\VSCode-win32-x64-1.103.2\\data\\extensions\\uqbar.wollok-lsp-ide-0.5.3\\out\\server\\src\\server.js:2384:42)\n    at Qh (c:\\Users\\maval\\Downloads\\Agus\\VSCode-win32-x64-1.103.2\\data\\extensions\\uqbar.wollok-lsp-ide-0.5.3\\out\\server\\src\\server.js:2384:1092)\n    at D2 (c:\\Users\\maval\\Downloads\\Agus\\VSCode-win32-x64-1.103.2\\data\\extensions\\uqbar.wollok-lsp-ide-0.5.3\\out\\server\\src\\server.js:2384:544)\n    at c:\\Users\\maval\\Downloads\\Agus\\VSCode-win32-x64-1.103.2\\data\\extensions\\uqbar.wollok-lsp-ide-0.5.3\\out\\server\\src\\server.js:2384:2988\n    at c:\\Users\\maval\\Downloads\\Agus\\VSCode-win32-x64-1.103.2\\data\\extensions\\uqbar.wollok-lsp-ide-0.5.3\\out\\server\\src\\server.js:2393:8440\n    at c:\\Users\\maval\\Downloads\\Agus\\VSCode-win32-x64-1.103.2\\data\\extensions\\uqbar.wollok-lsp-ide-0.5.3\\out\\server\\src\\server.js:37:74872\n    at Ye (c:\\Users\\maval\\Downloads\\Agus\\VSCode-win32-x64-1.103.2\\data\\extensions\\uqbar.wollok-lsp-ide-0.5.3\\out\\server\\src\\server.js:7:8527)\n    at qt (c:\\Users\\maval\\Downloads\\Agus\\VSCode-win32-x64-1.103.2\\data\\extensions\\uqbar.wollok-lsp-ide-0.5.3\\out\\server\\src\\server.js:7:6189)\n    at ot (c:\\Users\\maval\\Downloads\\Agus\\VSCode-win32-x64-1.103.2\\data\\extensions\\uqbar.wollok-lsp-ide-0.5.3\\out\\server\\src\\server.js:7:6378)","timestamp":"2025-09-13T14:07:10.872Z"}
{"level":"error","message":"✘ Completions for node If ([33:3, 38:4] - example.wlk) failed: Error: [If]{991b18} at example.wlk:33 exhausted all cases without a match [If]{991b18} at example.wlk:33 exhausted all cases without a match","stack":"Error: [If]{991b18} at example.wlk:33 exhausted all cases without a match\n    at c:\\Users\\maval\\Downloads\\Agus\\VSCode-win32-x64-1.103.2\\data\\extensions\\uqbar.wollok-lsp-ide-0.5.3\\out\\server\\src\\server.js:38:6142\n    at D2 (c:\\Users\\maval\\Downloads\\Agus\\VSCode-win32-x64-1.103.2\\data\\extensions\\uqbar.wollok-lsp-ide-0.5.3\\out\\server\\src\\server.js:2384:42)\n    at Qh (c:\\Users\\maval\\Downloads\\Agus\\VSCode-win32-x64-1.103.2\\data\\extensions\\uqbar.wollok-lsp-ide-0.5.3\\out\\server\\src\\server.js:2384:1092)\n    at v6n (c:\\Users\\maval\\Downloads\\Agus\\VSCode-win32-x64-1.103.2\\data\\extensions\\uqbar.wollok-lsp-ide-0.5.3\\out\\server\\src\\server.js:2384:818)\n    at c:\\Users\\maval\\Downloads\\Agus\\VSCode-win32-x64-1.103.2\\data\\extensions\\uqbar.wollok-lsp-ide-0.5.3\\out\\server\\src\\server.js:38:6131\n    at D2 (c:\\Users\\maval\\Downloads\\Agus\\VSCode-win32-x64-1.103.2\\data\\extensions\\uqbar.wollok-lsp-ide-0.5.3\\out\\server\\src\\server.js:2384:42)\n    at Qh (c:\\Users\\maval\\Downloads\\Agus\\VSCode-win32-x64-1.103.2\\data\\extensions\\uqbar.wollok-lsp-ide-0.5.3\\out\\server\\src\\server.js:2384:1092)\n    at D2 (c:\\Users\\maval\\Downloads\\Agus\\VSCode-win32-x64-1.103.2\\data\\extensions\\uqbar.wollok-lsp-ide-0.5.3\\out\\server\\src\\server.js:2384:544)\n    at Qh (c:\\Users\\maval\\Downloads\\Agus\\VSCode-win32-x64-1.103.2\\data\\extensions\\uqbar.wollok-lsp-ide-0.5.3\\out\\server\\src\\server.js:2384:1092)\n    at D2 (c:\\Users\\maval\\Downloads\\Agus\\VSCode-win32-x64-1.103.2\\data\\extensions\\uqbar.wollok-lsp-ide-0.5.3\\out\\server\\src\\server.js:2384:544)","timestamp":"2025-09-13T14:07:10.872Z"}
{"level":"error","message":"✘ Completions for node Send ([36:20, 36:43] - example.wlk) failed: Error: [Send]{b09624} at example.wlk:36 exhausted all cases without a match [Send]{b09624} at example.wlk:36 exhausted all cases without a match","stack":"Error: [Send]{b09624} at example.wlk:36 exhausted all cases without a match\n    at c:\\Users\\maval\\Downloads\\Agus\\VSCode-win32-x64-1.103.2\\data\\extensions\\uqbar.wollok-lsp-ide-0.5.3\\out\\server\\src\\server.js:38:6142\n    at D2 (c:\\Users\\maval\\Downloads\\Agus\\VSCode-win32-x64-1.103.2\\data\\extensions\\uqbar.wollok-lsp-ide-0.5.3\\out\\server\\src\\server.js:2384:42)\n    at c:\\Users\\maval\\Downloads\\Agus\\VSCode-win32-x64-1.103.2\\data\\extensions\\uqbar.wollok-lsp-ide-0.5.3\\out\\server\\src\\server.js:2384:2988\n    at c:\\Users\\maval\\Downloads\\Agus\\VSCode-win32-x64-1.103.2\\data\\extensions\\uqbar.wollok-lsp-ide-0.5.3\\out\\server\\src\\server.js:2393:8440\n    at c:\\Users\\maval\\Downloads\\Agus\\VSCode-win32-x64-1.103.2\\data\\extensions\\uqbar.wollok-lsp-ide-0.5.3\\out\\server\\src\\server.js:37:74872\n    at Ye (c:\\Users\\maval\\Downloads\\Agus\\VSCode-win32-x64-1.103.2\\data\\extensions\\uqbar.wollok-lsp-ide-0.5.3\\out\\server\\src\\server.js:7:8527)\n    at qt (c:\\Users\\maval\\Downloads\\Agus\\VSCode-win32-x64-1.103.2\\data\\extensions\\uqbar.wollok-lsp-ide-0.5.3\\out\\server\\src\\server.js:7:6189)\n    at ot (c:\\Users\\maval\\Downloads\\Agus\\VSCode-win32-x64-1.103.2\\data\\extensions\\uqbar.wollok-lsp-ide-0.5.3\\out\\server\\src\\server.js:7:6378)\n    at Immediate._onImmediate (c:\\Users\\maval\\Downloads\\Agus\\VSCode-win32-x64-1.103.2\\data\\extensions\\uqbar.wollok-lsp-ide-0.5.3\\out\\server\\src\\server.js:7:6142)\n    at process.processImmediate (node:internal/timers:485:21)","timestamp":"2025-09-13T14:07:11.003Z"}
{"level":"error","message":"✘ Completions for node Send ([36:6, 36:44] - example.wlk) failed: Error: [Send]{b2f392} at example.wlk:36 exhausted all cases without a match [Send]{b2f392} at example.wlk:36 exhausted all cases without a match","stack":"Error: [Send]{b2f392} at example.wlk:36 exhausted all cases without a match\n    at c:\\Users\\maval\\Downloads\\Agus\\VSCode-win32-x64-1.103.2\\data\\extensions\\uqbar.wollok-lsp-ide-0.5.3\\out\\server\\src\\server.js:38:6142\n    at D2 (c:\\Users\\maval\\Downloads\\Agus\\VSCode-win32-x64-1.103.2\\data\\extensions\\uqbar.wollok-lsp-ide-0.5.3\\out\\server\\src\\server.js:2384:42)\n    at Qh (c:\\Users\\maval\\Downloads\\Agus\\VSCode-win32-x64-1.103.2\\data\\extensions\\uqbar.wollok-lsp-ide-0.5.3\\out\\server\\src\\server.js:2384:1092)\n    at D2 (c:\\Users\\maval\\Downloads\\Agus\\VSCode-win32-x64-1.103.2\\data\\extensions\\uqbar.wollok-lsp-ide-0.5.3\\out\\server\\src\\server.js:2384:544)\n    at c:\\Users\\maval\\Downloads\\Agus\\VSCode-win32-x64-1.103.2\\data\\extensions\\uqbar.wollok-lsp-ide-0.5.3\\out\\server\\src\\server.js:2384:2988\n    at c:\\Users\\maval\\Downloads\\Agus\\VSCode-win32-x64-1.103.2\\data\\extensions\\uqbar.wollok-lsp-ide-0.5.3\\out\\server\\src\\server.js:2393:8440\n    at c:\\Users\\maval\\Downloads\\Agus\\VSCode-win32-x64-1.103.2\\data\\extensions\\uqbar.wollok-lsp-ide-0.5.3\\out\\server\\src\\server.js:37:74872\n    at Ye (c:\\Users\\maval\\Downloads\\Agus\\VSCode-win32-x64-1.103.2\\data\\extensions\\uqbar.wollok-lsp-ide-0.5.3\\out\\server\\src\\server.js:7:8527)\n    at qt (c:\\Users\\maval\\Downloads\\Agus\\VSCode-win32-x64-1.103.2\\data\\extensions\\uqbar.wollok-lsp-ide-0.5.3\\out\\server\\src\\server.js:7:6189)\n    at ot (c:\\Users\\maval\\Downloads\\Agus\\VSCode-win32-x64-1.103.2\\data\\extensions\\uqbar.wollok-lsp-ide-0.5.3\\out\\server\\src\\server.js:7:6378)","timestamp":"2025-09-13T14:07:11.003Z"}
{"level":"error","message":"✘ Completions for node If ([33:3, 38:4] - example.wlk) failed: Error: [If]{98e0d9} at example.wlk:33 exhausted all cases without a match [If]{98e0d9} at example.wlk:33 exhausted all cases without a match","stack":"Error: [If]{98e0d9} at example.wlk:33 exhausted all cases without a match\n    at c:\\Users\\maval\\Downloads\\Agus\\VSCode-win32-x64-1.103.2\\data\\extensions\\uqbar.wollok-lsp-ide-0.5.3\\out\\server\\src\\server.js:38:6142\n    at D2 (c:\\Users\\maval\\Downloads\\Agus\\VSCode-win32-x64-1.103.2\\data\\extensions\\uqbar.wollok-lsp-ide-0.5.3\\out\\server\\src\\server.js:2384:42)\n    at Qh (c:\\Users\\maval\\Downloads\\Agus\\VSCode-win32-x64-1.103.2\\data\\extensions\\uqbar.wollok-lsp-ide-0.5.3\\out\\server\\src\\server.js:2384:1092)\n    at v6n (c:\\Users\\maval\\Downloads\\Agus\\VSCode-win32-x64-1.103.2\\data\\extensions\\uqbar.wollok-lsp-ide-0.5.3\\out\\server\\src\\server.js:2384:818)\n    at c:\\Users\\maval\\Downloads\\Agus\\VSCode-win32-x64-1.103.2\\data\\extensions\\uqbar.wollok-lsp-ide-0.5.3\\out\\server\\src\\server.js:38:6131\n    at D2 (c:\\Users\\maval\\Downloads\\Agus\\VSCode-win32-x64-1.103.2\\data\\extensions\\uqbar.wollok-lsp-ide-0.5.3\\out\\server\\src\\server.js:2384:42)\n    at Qh (c:\\Users\\maval\\Downloads\\Agus\\VSCode-win32-x64-1.103.2\\data\\extensions\\uqbar.wollok-lsp-ide-0.5.3\\out\\server\\src\\server.js:2384:1092)\n    at D2 (c:\\Users\\maval\\Downloads\\Agus\\VSCode-win32-x64-1.103.2\\data\\extensions\\uqbar.wollok-lsp-ide-0.5.3\\out\\server\\src\\server.js:2384:544)\n    at Qh (c:\\Users\\maval\\Downloads\\Agus\\VSCode-win32-x64-1.103.2\\data\\extensions\\uqbar.wollok-lsp-ide-0.5.3\\out\\server\\src\\server.js:2384:1092)\n    at D2 (c:\\Users\\maval\\Downloads\\Agus\\VSCode-win32-x64-1.103.2\\data\\extensions\\uqbar.wollok-lsp-ide-0.5.3\\out\\server\\src\\server.js:2384:544)","timestamp":"2025-09-13T14:07:11.003Z"}
{"level":"error","message":"✘ Completions for node Send ([42:29, 42:37] - example.wlk) failed: Error: [Send]{7080c2} at example.wlk:42 exhausted all cases without a match [Send]{7080c2} at example.wlk:42 exhausted all cases without a match","stack":"Error: [Send]{7080c2} at example.wlk:42 exhausted all cases without a match\n    at c:\\Users\\maval\\Downloads\\Agus\\VSCode-win32-x64-1.103.2\\data\\extensions\\uqbar.wollok-lsp-ide-0.5.3\\out\\server\\src\\server.js:38:6142\n    at D2 (c:\\Users\\maval\\Downloads\\Agus\\VSCode-win32-x64-1.103.2\\data\\extensions\\uqbar.wollok-lsp-ide-0.5.3\\out\\server\\src\\server.js:2384:42)\n    at c:\\Users\\maval\\Downloads\\Agus\\VSCode-win32-x64-1.103.2\\data\\extensions\\uqbar.wollok-lsp-ide-0.5.3\\out\\server\\src\\server.js:2384:2988\n    at c:\\Users\\maval\\Downloads\\Agus\\VSCode-win32-x64-1.103.2\\data\\extensions\\uqbar.wollok-lsp-ide-0.5.3\\out\\server\\src\\server.js:2393:8440\n    at c:\\Users\\maval\\Downloads\\Agus\\VSCode-win32-x64-1.103.2\\data\\extensions\\uqbar.wollok-lsp-ide-0.5.3\\out\\server\\src\\server.js:37:74872\n    at Ye (c:\\Users\\maval\\Downloads\\Agus\\VSCode-win32-x64-1.103.2\\data\\extensions\\uqbar.wollok-lsp-ide-0.5.3\\out\\server\\src\\server.js:7:8527)\n    at qt (c:\\Users\\maval\\Downloads\\Agus\\VSCode-win32-x64-1.103.2\\data\\extensions\\uqbar.wollok-lsp-ide-0.5.3\\out\\server\\src\\server.js:7:6189)\n    at ot (c:\\Users\\maval\\Downloads\\Agus\\VSCode-win32-x64-1.103.2\\data\\extensions\\uqbar.wollok-lsp-ide-0.5.3\\out\\server\\src\\server.js:7:6378)\n    at Immediate._onImmediate (c:\\Users\\maval\\Downloads\\Agus\\VSCode-win32-x64-1.103.2\\data\\extensions\\uqbar.wollok-lsp-ide-0.5.3\\out\\server\\src\\server.js:7:6142)\n    at process.processImmediate (node:internal/timers:485:21)","timestamp":"2025-09-13T14:08:33.737Z"}
{"level":"error","message":"✘ Completions for node Send ([42:29, 42:39] - example.wlk) failed: Error: [Send]{5ab893} at example.wlk:42 exhausted all cases without a match [Send]{5ab893} at example.wlk:42 exhausted all cases without a match","stack":"Error: [Send]{5ab893} at example.wlk:42 exhausted all cases without a match\n    at c:\\Users\\maval\\Downloads\\Agus\\VSCode-win32-x64-1.103.2\\data\\extensions\\uqbar.wollok-lsp-ide-0.5.3\\out\\server\\src\\server.js:38:6142\n    at D2 (c:\\Users\\maval\\Downloads\\Agus\\VSCode-win32-x64-1.103.2\\data\\extensions\\uqbar.wollok-lsp-ide-0.5.3\\out\\server\\src\\server.js:2384:42)\n    at Qh (c:\\Users\\maval\\Downloads\\Agus\\VSCode-win32-x64-1.103.2\\data\\extensions\\uqbar.wollok-lsp-ide-0.5.3\\out\\server\\src\\server.js:2384:1092)\n    at D2 (c:\\Users\\maval\\Downloads\\Agus\\VSCode-win32-x64-1.103.2\\data\\extensions\\uqbar.wollok-lsp-ide-0.5.3\\out\\server\\src\\server.js:2384:544)\n    at c:\\Users\\maval\\Downloads\\Agus\\VSCode-win32-x64-1.103.2\\data\\extensions\\uqbar.wollok-lsp-ide-0.5.3\\out\\server\\src\\server.js:2384:2988\n    at c:\\Users\\maval\\Downloads\\Agus\\VSCode-win32-x64-1.103.2\\data\\extensions\\uqbar.wollok-lsp-ide-0.5.3\\out\\server\\src\\server.js:2393:8440\n    at c:\\Users\\maval\\Downloads\\Agus\\VSCode-win32-x64-1.103.2\\data\\extensions\\uqbar.wollok-lsp-ide-0.5.3\\out\\server\\src\\server.js:37:74872\n    at Ye (c:\\Users\\maval\\Downloads\\Agus\\VSCode-win32-x64-1.103.2\\data\\extensions\\uqbar.wollok-lsp-ide-0.5.3\\out\\server\\src\\server.js:7:8527)\n    at qt (c:\\Users\\maval\\Downloads\\Agus\\VSCode-win32-x64-1.103.2\\data\\extensions\\uqbar.wollok-lsp-ide-0.5.3\\out\\server\\src\\server.js:7:6189)\n    at ot (c:\\Users\\maval\\Downloads\\Agus\\VSCode-win32-x64-1.103.2\\data\\extensions\\uqbar.wollok-lsp-ide-0.5.3\\out\\server\\src\\server.js:7:6378)","timestamp":"2025-09-13T14:08:33.737Z"}
{"level":"error","message":"✘ Completions for node Send ([42:6, 42:39] - example.wlk) failed: Error: [Send]{afd107} at example.wlk:42 exhausted all cases without a match [Send]{afd107} at example.wlk:42 exhausted all cases without a match","stack":"Error: [Send]{afd107} at example.wlk:42 exhausted all cases without a match\n    at c:\\Users\\maval\\Downloads\\Agus\\VSCode-win32-x64-1.103.2\\data\\extensions\\uqbar.wollok-lsp-ide-0.5.3\\out\\server\\src\\server.js:38:6142\n    at D2 (c:\\Users\\maval\\Downloads\\Agus\\VSCode-win32-x64-1.103.2\\data\\extensions\\uqbar.wollok-lsp-ide-0.5.3\\out\\server\\src\\server.js:2384:42)\n    at Qh (c:\\Users\\maval\\Downloads\\Agus\\VSCode-win32-x64-1.103.2\\data\\extensions\\uqbar.wollok-lsp-ide-0.5.3\\out\\server\\src\\server.js:2384:1092)\n    at D2 (c:\\Users\\maval\\Downloads\\Agus\\VSCode-win32-x64-1.103.2\\data\\extensions\\uqbar.wollok-lsp-ide-0.5.3\\out\\server\\src\\server.js:2384:544)\n    at Qh (c:\\Users\\maval\\Downloads\\Agus\\VSCode-win32-x64-1.103.2\\data\\extensions\\uqbar.wollok-lsp-ide-0.5.3\\out\\server\\src\\server.js:2384:1092)\n    at D2 (c:\\Users\\maval\\Downloads\\Agus\\VSCode-win32-x64-1.103.2\\data\\extensions\\uqbar.wollok-lsp-ide-0.5.3\\out\\server\\src\\server.js:2384:544)\n    at c:\\Users\\maval\\Downloads\\Agus\\VSCode-win32-x64-1.103.2\\data\\extensions\\uqbar.wollok-lsp-ide-0.5.3\\out\\server\\src\\server.js:2384:2988\n    at c:\\Users\\maval\\Downloads\\Agus\\VSCode-win32-x64-1.103.2\\data\\extensions\\uqbar.wollok-lsp-ide-0.5.3\\out\\server\\src\\server.js:2393:8440\n    at c:\\Users\\maval\\Downloads\\Agus\\VSCode-win32-x64-1.103.2\\data\\extensions\\uqbar.wollok-lsp-ide-0.5.3\\out\\server\\src\\server.js:37:74872\n    at Ye (c:\\Users\\maval\\Downloads\\Agus\\VSCode-win32-x64-1.103.2\\data\\extensions\\uqbar.wollok-lsp-ide-0.5.3\\out\\server\\src\\server.js:7:8527)","timestamp":"2025-09-13T14:08:33.737Z"}
{"level":"error","message":"✘ Completions for node If ([42:3, 47:4] - example.wlk) failed: Error: [If]{99dfd2} at example.wlk:42 exhausted all cases without a match [If]{99dfd2} at example.wlk:42 exhausted all cases without a match","stack":"Error: [If]{99dfd2} at example.wlk:42 exhausted all cases without a match\n    at c:\\Users\\maval\\Downloads\\Agus\\VSCode-win32-x64-1.103.2\\data\\extensions\\uqbar.wollok-lsp-ide-0.5.3\\out\\server\\src\\server.js:38:6142\n    at D2 (c:\\Users\\maval\\Downloads\\Agus\\VSCode-win32-x64-1.103.2\\data\\extensions\\uqbar.wollok-lsp-ide-0.5.3\\out\\server\\src\\server.js:2384:42)\n    at Qh (c:\\Users\\maval\\Downloads\\Agus\\VSCode-win32-x64-1.103.2\\data\\extensions\\uqbar.wollok-lsp-ide-0.5.3\\out\\server\\src\\server.js:2384:1092)\n    at D2 (c:\\Users\\maval\\Downloads\\Agus\\VSCode-win32-x64-1.103.2\\data\\extensions\\uqbar.wollok-lsp-ide-0.5.3\\out\\server\\src\\server.js:2384:544)\n    at Qh (c:\\Users\\maval\\Downloads\\Agus\\VSCode-win32-x64-1.103.2\\data\\extensions\\uqbar.wollok-lsp-ide-0.5.3\\out\\server\\src\\server.js:2384:1092)\n    at D2 (c:\\Users\\maval\\Downloads\\Agus\\VSCode-win32-x64-1.103.2\\data\\extensions\\uqbar.wollok-lsp-ide-0.5.3\\out\\server\\src\\server.js:2384:544)\n    at Qh (c:\\Users\\maval\\Downloads\\Agus\\VSCode-win32-x64-1.103.2\\data\\extensions\\uqbar.wollok-lsp-ide-0.5.3\\out\\server\\src\\server.js:2384:1092)\n    at D2 (c:\\Users\\maval\\Downloads\\Agus\\VSCode-win32-x64-1.103.2\\data\\extensions\\uqbar.wollok-lsp-ide-0.5.3\\out\\server\\src\\server.js:2384:544)\n    at c:\\Users\\maval\\Downloads\\Agus\\VSCode-win32-x64-1.103.2\\data\\extensions\\uqbar.wollok-lsp-ide-0.5.3\\out\\server\\src\\server.js:2384:2988\n    at c:\\Users\\maval\\Downloads\\Agus\\VSCode-win32-x64-1.103.2\\data\\extensions\\uqbar.wollok-lsp-ide-0.5.3\\out\\server\\src\\server.js:2393:8440","timestamp":"2025-09-13T14:08:33.738Z"}
{"level":"error","message":"✘ Completions for node Send ([42:29, 42:38] - example.wlk) failed: Error: [Send]{806b1f} at example.wlk:42 exhausted all cases without a match [Send]{806b1f} at example.wlk:42 exhausted all cases without a match","stack":"Error: [Send]{806b1f} at example.wlk:42 exhausted all cases without a match\n    at c:\\Users\\maval\\Downloads\\Agus\\VSCode-win32-x64-1.103.2\\data\\extensions\\uqbar.wollok-lsp-ide-0.5.3\\out\\server\\src\\server.js:38:6142\n    at D2 (c:\\Users\\maval\\Downloads\\Agus\\VSCode-win32-x64-1.103.2\\data\\extensions\\uqbar.wollok-lsp-ide-0.5.3\\out\\server\\src\\server.js:2384:42)\n    at c:\\Users\\maval\\Downloads\\Agus\\VSCode-win32-x64-1.103.2\\data\\extensions\\uqbar.wollok-lsp-ide-0.5.3\\out\\server\\src\\server.js:2384:2988\n    at c:\\Users\\maval\\Downloads\\Agus\\VSCode-win32-x64-1.103.2\\data\\extensions\\uqbar.wollok-lsp-ide-0.5.3\\out\\server\\src\\server.js:2393:8440\n    at c:\\Users\\maval\\Downloads\\Agus\\VSCode-win32-x64-1.103.2\\data\\extensions\\uqbar.wollok-lsp-ide-0.5.3\\out\\server\\src\\server.js:37:74872\n    at Ye (c:\\Users\\maval\\Downloads\\Agus\\VSCode-win32-x64-1.103.2\\data\\extensions\\uqbar.wollok-lsp-ide-0.5.3\\out\\server\\src\\server.js:7:8527)\n    at qt (c:\\Users\\maval\\Downloads\\Agus\\VSCode-win32-x64-1.103.2\\data\\extensions\\uqbar.wollok-lsp-ide-0.5.3\\out\\server\\src\\server.js:7:6189)\n    at ot (c:\\Users\\maval\\Downloads\\Agus\\VSCode-win32-x64-1.103.2\\data\\extensions\\uqbar.wollok-lsp-ide-0.5.3\\out\\server\\src\\server.js:7:6378)\n    at Immediate._onImmediate (c:\\Users\\maval\\Downloads\\Agus\\VSCode-win32-x64-1.103.2\\data\\extensions\\uqbar.wollok-lsp-ide-0.5.3\\out\\server\\src\\server.js:7:6142)\n    at process.processImmediate (node:internal/timers:485:21)","timestamp":"2025-09-13T14:08:33.879Z"}
{"level":"error","message":"✘ Completions for node Send ([42:29, 42:40] - example.wlk) failed: Error: [Send]{c47abb} at example.wlk:42 exhausted all cases without a match [Send]{c47abb} at example.wlk:42 exhausted all cases without a match","stack":"Error: [Send]{c47abb} at example.wlk:42 exhausted all cases without a match\n    at c:\\Users\\maval\\Downloads\\Agus\\VSCode-win32-x64-1.103.2\\data\\extensions\\uqbar.wollok-lsp-ide-0.5.3\\out\\server\\src\\server.js:38:6142\n    at D2 (c:\\Users\\maval\\Downloads\\Agus\\VSCode-win32-x64-1.103.2\\data\\extensions\\uqbar.wollok-lsp-ide-0.5.3\\out\\server\\src\\server.js:2384:42)\n    at Qh (c:\\Users\\maval\\Downloads\\Agus\\VSCode-win32-x64-1.103.2\\data\\extensions\\uqbar.wollok-lsp-ide-0.5.3\\out\\server\\src\\server.js:2384:1092)\n    at D2 (c:\\Users\\maval\\Downloads\\Agus\\VSCode-win32-x64-1.103.2\\data\\extensions\\uqbar.wollok-lsp-ide-0.5.3\\out\\server\\src\\server.js:2384:544)\n    at c:\\Users\\maval\\Downloads\\Agus\\VSCode-win32-x64-1.103.2\\data\\extensions\\uqbar.wollok-lsp-ide-0.5.3\\out\\server\\src\\server.js:2384:2988\n    at c:\\Users\\maval\\Downloads\\Agus\\VSCode-win32-x64-1.103.2\\data\\extensions\\uqbar.wollok-lsp-ide-0.5.3\\out\\server\\src\\server.js:2393:8440\n    at c:\\Users\\maval\\Downloads\\Agus\\VSCode-win32-x64-1.103.2\\data\\extensions\\uqbar.wollok-lsp-ide-0.5.3\\out\\server\\src\\server.js:37:74872\n    at Ye (c:\\Users\\maval\\Downloads\\Agus\\VSCode-win32-x64-1.103.2\\data\\extensions\\uqbar.wollok-lsp-ide-0.5.3\\out\\server\\src\\server.js:7:8527)\n    at qt (c:\\Users\\maval\\Downloads\\Agus\\VSCode-win32-x64-1.103.2\\data\\extensions\\uqbar.wollok-lsp-ide-0.5.3\\out\\server\\src\\server.js:7:6189)\n    at ot (c:\\Users\\maval\\Downloads\\Agus\\VSCode-win32-x64-1.103.2\\data\\extensions\\uqbar.wollok-lsp-ide-0.5.3\\out\\server\\src\\server.js:7:6378)","timestamp":"2025-09-13T14:08:33.879Z"}
{"level":"error","message":"✘ Completions for node Send ([42:6, 42:40] - example.wlk) failed: Error: [Send]{4780d7} at example.wlk:42 exhausted all cases without a match [Send]{4780d7} at example.wlk:42 exhausted all cases without a match","stack":"Error: [Send]{4780d7} at example.wlk:42 exhausted all cases without a match\n    at c:\\Users\\maval\\Downloads\\Agus\\VSCode-win32-x64-1.103.2\\data\\extensions\\uqbar.wollok-lsp-ide-0.5.3\\out\\server\\src\\server.js:38:6142\n    at D2 (c:\\Users\\maval\\Downloads\\Agus\\VSCode-win32-x64-1.103.2\\data\\extensions\\uqbar.wollok-lsp-ide-0.5.3\\out\\server\\src\\server.js:2384:42)\n    at Qh (c:\\Users\\maval\\Downloads\\Agus\\VSCode-win32-x64-1.103.2\\data\\extensions\\uqbar.wollok-lsp-ide-0.5.3\\out\\server\\src\\server.js:2384:1092)\n    at D2 (c:\\Users\\maval\\Downloads\\Agus\\VSCode-win32-x64-1.103.2\\data\\extensions\\uqbar.wollok-lsp-ide-0.5.3\\out\\server\\src\\server.js:2384:544)\n    at Qh (c:\\Users\\maval\\Downloads\\Agus\\VSCode-win32-x64-1.103.2\\data\\extensions\\uqbar.wollok-lsp-ide-0.5.3\\out\\server\\src\\server.js:2384:1092)\n    at D2 (c:\\Users\\maval\\Downloads\\Agus\\VSCode-win32-x64-1.103.2\\data\\extensions\\uqbar.wollok-lsp-ide-0.5.3\\out\\server\\src\\server.js:2384:544)\n    at c:\\Users\\maval\\Downloads\\Agus\\VSCode-win32-x64-1.103.2\\data\\extensions\\uqbar.wollok-lsp-ide-0.5.3\\out\\server\\src\\server.js:2384:2988\n    at c:\\Users\\maval\\Downloads\\Agus\\VSCode-win32-x64-1.103.2\\data\\extensions\\uqbar.wollok-lsp-ide-0.5.3\\out\\server\\src\\server.js:2393:8440\n    at c:\\Users\\maval\\Downloads\\Agus\\VSCode-win32-x64-1.103.2\\data\\extensions\\uqbar.wollok-lsp-ide-0.5.3\\out\\server\\src\\server.js:37:74872\n    at Ye (c:\\Users\\maval\\Downloads\\Agus\\VSCode-win32-x64-1.103.2\\data\\extensions\\uqbar.wollok-lsp-ide-0.5.3\\out\\server\\src\\server.js:7:8527)","timestamp":"2025-09-13T14:08:33.879Z"}
{"level":"error","message":"✘ Completions for node If ([42:3, 47:4] - example.wlk) failed: Error: [If]{3e47af} at example.wlk:42 exhausted all cases without a match [If]{3e47af} at example.wlk:42 exhausted all cases without a match","stack":"Error: [If]{3e47af} at example.wlk:42 exhausted all cases without a match\n    at c:\\Users\\maval\\Downloads\\Agus\\VSCode-win32-x64-1.103.2\\data\\extensions\\uqbar.wollok-lsp-ide-0.5.3\\out\\server\\src\\server.js:38:6142\n    at D2 (c:\\Users\\maval\\Downloads\\Agus\\VSCode-win32-x64-1.103.2\\data\\extensions\\uqbar.wollok-lsp-ide-0.5.3\\out\\server\\src\\server.js:2384:42)\n    at Qh (c:\\Users\\maval\\Downloads\\Agus\\VSCode-win32-x64-1.103.2\\data\\extensions\\uqbar.wollok-lsp-ide-0.5.3\\out\\server\\src\\server.js:2384:1092)\n    at D2 (c:\\Users\\maval\\Downloads\\Agus\\VSCode-win32-x64-1.103.2\\data\\extensions\\uqbar.wollok-lsp-ide-0.5.3\\out\\server\\src\\server.js:2384:544)\n    at Qh (c:\\Users\\maval\\Downloads\\Agus\\VSCode-win32-x64-1.103.2\\data\\extensions\\uqbar.wollok-lsp-ide-0.5.3\\out\\server\\src\\server.js:2384:1092)\n    at D2 (c:\\Users\\maval\\Downloads\\Agus\\VSCode-win32-x64-1.103.2\\data\\extensions\\uqbar.wollok-lsp-ide-0.5.3\\out\\server\\src\\server.js:2384:544)\n    at Qh (c:\\Users\\maval\\Downloads\\Agus\\VSCode-win32-x64-1.103.2\\data\\extensions\\uqbar.wollok-lsp-ide-0.5.3\\out\\server\\src\\server.js:2384:1092)\n    at D2 (c:\\Users\\maval\\Downloads\\Agus\\VSCode-win32-x64-1.103.2\\data\\extensions\\uqbar.wollok-lsp-ide-0.5.3\\out\\server\\src\\server.js:2384:544)\n    at c:\\Users\\maval\\Downloads\\Agus\\VSCode-win32-x64-1.103.2\\data\\extensions\\uqbar.wollok-lsp-ide-0.5.3\\out\\server\\src\\server.js:2384:2988\n    at c:\\Users\\maval\\Downloads\\Agus\\VSCode-win32-x64-1.103.2\\data\\extensions\\uqbar.wollok-lsp-ide-0.5.3\\out\\server\\src\\server.js:2393:8440","timestamp":"2025-09-13T14:08:33.879Z"}
{"level":"error","message":"✘ Completions for node Send ([42:29, 42:40] - example.wlk) failed: Error: [Send]{fcef0f} at example.wlk:42 exhausted all cases without a match [Send]{fcef0f} at example.wlk:42 exhausted all cases without a match","stack":"Error: [Send]{fcef0f} at example.wlk:42 exhausted all cases without a match\n    at c:\\Users\\maval\\Downloads\\Agus\\VSCode-win32-x64-1.103.2\\data\\extensions\\uqbar.wollok-lsp-ide-0.5.3\\out\\server\\src\\server.js:38:6142\n    at D2 (c:\\Users\\maval\\Downloads\\Agus\\VSCode-win32-x64-1.103.2\\data\\extensions\\uqbar.wollok-lsp-ide-0.5.3\\out\\server\\src\\server.js:2384:42)\n    at c:\\Users\\maval\\Downloads\\Agus\\VSCode-win32-x64-1.103.2\\data\\extensions\\uqbar.wollok-lsp-ide-0.5.3\\out\\server\\src\\server.js:2384:2988\n    at c:\\Users\\maval\\Downloads\\Agus\\VSCode-win32-x64-1.103.2\\data\\extensions\\uqbar.wollok-lsp-ide-0.5.3\\out\\server\\src\\server.js:2393:8440\n    at c:\\Users\\maval\\Downloads\\Agus\\VSCode-win32-x64-1.103.2\\data\\extensions\\uqbar.wollok-lsp-ide-0.5.3\\out\\server\\src\\server.js:37:74872\n    at Ye (c:\\Users\\maval\\Downloads\\Agus\\VSCode-win32-x64-1.103.2\\data\\extensions\\uqbar.wollok-lsp-ide-0.5.3\\out\\server\\src\\server.js:7:8527)\n    at qt (c:\\Users\\maval\\Downloads\\Agus\\VSCode-win32-x64-1.103.2\\data\\extensions\\uqbar.wollok-lsp-ide-0.5.3\\out\\server\\src\\server.js:7:6189)\n    at ot (c:\\Users\\maval\\Downloads\\Agus\\VSCode-win32-x64-1.103.2\\data\\extensions\\uqbar.wollok-lsp-ide-0.5.3\\out\\server\\src\\server.js:7:6378)\n    at Immediate._onImmediate (c:\\Users\\maval\\Downloads\\Agus\\VSCode-win32-x64-1.103.2\\data\\extensions\\uqbar.wollok-lsp-ide-0.5.3\\out\\server\\src\\server.js:7:6142)\n    at process.processImmediate (node:internal/timers:485:21)","timestamp":"2025-09-13T14:08:34.780Z"}
{"level":"error","message":"✘ Completions for node Send ([42:29, 42:42] - example.wlk) failed: Error: [Send]{569ae8} at example.wlk:42 exhausted all cases without a match [Send]{569ae8} at example.wlk:42 exhausted all cases without a match","stack":"Error: [Send]{569ae8} at example.wlk:42 exhausted all cases without a match\n    at c:\\Users\\maval\\Downloads\\Agus\\VSCode-win32-x64-1.103.2\\data\\extensions\\uqbar.wollok-lsp-ide-0.5.3\\out\\server\\src\\server.js:38:6142\n    at D2 (c:\\Users\\maval\\Downloads\\Agus\\VSCode-win32-x64-1.103.2\\data\\extensions\\uqbar.wollok-lsp-ide-0.5.3\\out\\server\\src\\server.js:2384:42)\n    at Qh (c:\\Users\\maval\\Downloads\\Agus\\VSCode-win32-x64-1.103.2\\data\\extensions\\uqbar.wollok-lsp-ide-0.5.3\\out\\server\\src\\server.js:2384:1092)\n    at D2 (c:\\Users\\maval\\Downloads\\Agus\\VSCode-win32-x64-1.103.2\\data\\extensions\\uqbar.wollok-lsp-ide-0.5.3\\out\\server\\src\\server.js:2384:544)\n    at c:\\Users\\maval\\Downloads\\Agus\\VSCode-win32-x64-1.103.2\\data\\extensions\\uqbar.wollok-lsp-ide-0.5.3\\out\\server\\src\\server.js:2384:2988\n    at c:\\Users\\maval\\Downloads\\Agus\\VSCode-win32-x64-1.103.2\\data\\extensions\\uqbar.wollok-lsp-ide-0.5.3\\out\\server\\src\\server.js:2393:8440\n    at c:\\Users\\maval\\Downloads\\Agus\\VSCode-win32-x64-1.103.2\\data\\extensions\\uqbar.wollok-lsp-ide-0.5.3\\out\\server\\src\\server.js:37:74872\n    at Ye (c:\\Users\\maval\\Downloads\\Agus\\VSCode-win32-x64-1.103.2\\data\\extensions\\uqbar.wollok-lsp-ide-0.5.3\\out\\server\\src\\server.js:7:8527)\n    at qt (c:\\Users\\maval\\Downloads\\Agus\\VSCode-win32-x64-1.103.2\\data\\extensions\\uqbar.wollok-lsp-ide-0.5.3\\out\\server\\src\\server.js:7:6189)\n    at ot (c:\\Users\\maval\\Downloads\\Agus\\VSCode-win32-x64-1.103.2\\data\\extensions\\uqbar.wollok-lsp-ide-0.5.3\\out\\server\\src\\server.js:7:6378)","timestamp":"2025-09-13T14:08:34.781Z"}
{"level":"error","message":"✘ Completions for node Send ([42:6, 42:42] - example.wlk) failed: Error: [Send]{7f1f5e} at example.wlk:42 exhausted all cases without a match [Send]{7f1f5e} at example.wlk:42 exhausted all cases without a match","stack":"Error: [Send]{7f1f5e} at example.wlk:42 exhausted all cases without a match\n    at c:\\Users\\maval\\Downloads\\Agus\\VSCode-win32-x64-1.103.2\\data\\extensions\\uqbar.wollok-lsp-ide-0.5.3\\out\\server\\src\\server.js:38:6142\n    at D2 (c:\\Users\\maval\\Downloads\\Agus\\VSCode-win32-x64-1.103.2\\data\\extensions\\uqbar.wollok-lsp-ide-0.5.3\\out\\server\\src\\server.js:2384:42)\n    at Qh (c:\\Users\\maval\\Downloads\\Agus\\VSCode-win32-x64-1.103.2\\data\\extensions\\uqbar.wollok-lsp-ide-0.5.3\\out\\server\\src\\server.js:2384:1092)\n    at D2 (c:\\Users\\maval\\Downloads\\Agus\\VSCode-win32-x64-1.103.2\\data\\extensions\\uqbar.wollok-lsp-ide-0.5.3\\out\\server\\src\\server.js:2384:544)\n    at Qh (c:\\Users\\maval\\Downloads\\Agus\\VSCode-win32-x64-1.103.2\\data\\extensions\\uqbar.wollok-lsp-ide-0.5.3\\out\\server\\src\\server.js:2384:1092)\n    at D2 (c:\\Users\\maval\\Downloads\\Agus\\VSCode-win32-x64-1.103.2\\data\\extensions\\uqbar.wollok-lsp-ide-0.5.3\\out\\server\\src\\server.js:2384:544)\n    at c:\\Users\\maval\\Downloads\\Agus\\VSCode-win32-x64-1.103.2\\data\\extensions\\uqbar.wollok-lsp-ide-0.5.3\\out\\server\\src\\server.js:2384:2988\n    at c:\\Users\\maval\\Downloads\\Agus\\VSCode-win32-x64-1.103.2\\data\\extensions\\uqbar.wollok-lsp-ide-0.5.3\\out\\server\\src\\server.js:2393:8440\n    at c:\\Users\\maval\\Downloads\\Agus\\VSCode-win32-x64-1.103.2\\data\\extensions\\uqbar.wollok-lsp-ide-0.5.3\\out\\server\\src\\server.js:37:74872\n    at Ye (c:\\Users\\maval\\Downloads\\Agus\\VSCode-win32-x64-1.103.2\\data\\extensions\\uqbar.wollok-lsp-ide-0.5.3\\out\\server\\src\\server.js:7:8527)","timestamp":"2025-09-13T14:08:34.782Z"}
{"level":"error","message":"✘ Completions for node If ([42:3, 47:4] - example.wlk) failed: Error: [If]{ea4817} at example.wlk:42 exhausted all cases without a match [If]{ea4817} at example.wlk:42 exhausted all cases without a match","stack":"Error: [If]{ea4817} at example.wlk:42 exhausted all cases without a match\n    at c:\\Users\\maval\\Downloads\\Agus\\VSCode-win32-x64-1.103.2\\data\\extensions\\uqbar.wollok-lsp-ide-0.5.3\\out\\server\\src\\server.js:38:6142\n    at D2 (c:\\Users\\maval\\Downloads\\Agus\\VSCode-win32-x64-1.103.2\\data\\extensions\\uqbar.wollok-lsp-ide-0.5.3\\out\\server\\src\\server.js:2384:42)\n    at Qh (c:\\Users\\maval\\Downloads\\Agus\\VSCode-win32-x64-1.103.2\\data\\extensions\\uqbar.wollok-lsp-ide-0.5.3\\out\\server\\src\\server.js:2384:1092)\n    at D2 (c:\\Users\\maval\\Downloads\\Agus\\VSCode-win32-x64-1.103.2\\data\\extensions\\uqbar.wollok-lsp-ide-0.5.3\\out\\server\\src\\server.js:2384:544)\n    at Qh (c:\\Users\\maval\\Downloads\\Agus\\VSCode-win32-x64-1.103.2\\data\\extensions\\uqbar.wollok-lsp-ide-0.5.3\\out\\server\\src\\server.js:2384:1092)\n    at D2 (c:\\Users\\maval\\Downloads\\Agus\\VSCode-win32-x64-1.103.2\\data\\extensions\\uqbar.wollok-lsp-ide-0.5.3\\out\\server\\src\\server.js:2384:544)\n    at Qh (c:\\Users\\maval\\Downloads\\Agus\\VSCode-win32-x64-1.103.2\\data\\extensions\\uqbar.wollok-lsp-ide-0.5.3\\out\\server\\src\\server.js:2384:1092)\n    at D2 (c:\\Users\\maval\\Downloads\\Agus\\VSCode-win32-x64-1.103.2\\data\\extensions\\uqbar.wollok-lsp-ide-0.5.3\\out\\server\\src\\server.js:2384:544)\n    at c:\\Users\\maval\\Downloads\\Agus\\VSCode-win32-x64-1.103.2\\data\\extensions\\uqbar.wollok-lsp-ide-0.5.3\\out\\server\\src\\server.js:2384:2988\n    at c:\\Users\\maval\\Downloads\\Agus\\VSCode-win32-x64-1.103.2\\data\\extensions\\uqbar.wollok-lsp-ide-0.5.3\\out\\server\\src\\server.js:2393:8440","timestamp":"2025-09-13T14:08:34.782Z"}
{"level":"info","message":"⌛ Validating example.wlk","timeElapsed":101,"timestamp":"2025-09-13T14:08:34.890Z"}
{"level":"error","message":"✘ Completions for node Send ([43:18, 43:48] - example.wlk) failed: Error: [Send]{2c0a6e} at example.wlk:43 exhausted all cases without a match [Send]{2c0a6e} at example.wlk:43 exhausted all cases without a match","stack":"Error: [Send]{2c0a6e} at example.wlk:43 exhausted all cases without a match\n    at c:\\Users\\maval\\Downloads\\Agus\\VSCode-win32-x64-1.103.2\\data\\extensions\\uqbar.wollok-lsp-ide-0.5.3\\out\\server\\src\\server.js:38:6142\n    at D2 (c:\\Users\\maval\\Downloads\\Agus\\VSCode-win32-x64-1.103.2\\data\\extensions\\uqbar.wollok-lsp-ide-0.5.3\\out\\server\\src\\server.js:2384:42)\n    at Qh (c:\\Users\\maval\\Downloads\\Agus\\VSCode-win32-x64-1.103.2\\data\\extensions\\uqbar.wollok-lsp-ide-0.5.3\\out\\server\\src\\server.js:2384:1092)\n    at k6n (c:\\Users\\maval\\Downloads\\Agus\\VSCode-win32-x64-1.103.2\\data\\extensions\\uqbar.wollok-lsp-ide-0.5.3\\out\\server\\src\\server.js:2384:1248)\n    at c:\\Users\\maval\\Downloads\\Agus\\VSCode-win32-x64-1.103.2\\data\\extensions\\uqbar.wollok-lsp-ide-0.5.3\\out\\server\\src\\server.js:38:6131\n    at D2 (c:\\Users\\maval\\Downloads\\Agus\\VSCode-win32-x64-1.103.2\\data\\extensions\\uqbar.wollok-lsp-ide-0.5.3\\out\\server\\src\\server.js:2384:42)\n    at c:\\Users\\maval\\Downloads\\Agus\\VSCode-win32-x64-1.103.2\\data\\extensions\\uqbar.wollok-lsp-ide-0.5.3\\out\\server\\src\\server.js:2384:2988\n    at c:\\Users\\maval\\Downloads\\Agus\\VSCode-win32-x64-1.103.2\\data\\extensions\\uqbar.wollok-lsp-ide-0.5.3\\out\\server\\src\\server.js:2393:8440\n    at c:\\Users\\maval\\Downloads\\Agus\\VSCode-win32-x64-1.103.2\\data\\extensions\\uqbar.wollok-lsp-ide-0.5.3\\out\\server\\src\\server.js:37:74872\n    at Ye (c:\\Users\\maval\\Downloads\\Agus\\VSCode-win32-x64-1.103.2\\data\\extensions\\uqbar.wollok-lsp-ide-0.5.3\\out\\server\\src\\server.js:7:8527)","timestamp":"2025-09-13T14:09:09.000Z"}
{"level":"error","message":"✘ Completions for node Send ([43:4, 43:49] - example.wlk) failed: Error: [Send]{d518dd} at example.wlk:43 exhausted all cases without a match [Send]{d518dd} at example.wlk:43 exhausted all cases without a match","stack":"Error: [Send]{d518dd} at example.wlk:43 exhausted all cases without a match\n    at c:\\Users\\maval\\Downloads\\Agus\\VSCode-win32-x64-1.103.2\\data\\extensions\\uqbar.wollok-lsp-ide-0.5.3\\out\\server\\src\\server.js:38:6142\n    at D2 (c:\\Users\\maval\\Downloads\\Agus\\VSCode-win32-x64-1.103.2\\data\\extensions\\uqbar.wollok-lsp-ide-0.5.3\\out\\server\\src\\server.js:2384:42)\n    at Qh (c:\\Users\\maval\\Downloads\\Agus\\VSCode-win32-x64-1.103.2\\data\\extensions\\uqbar.wollok-lsp-ide-0.5.3\\out\\server\\src\\server.js:2384:1092)\n    at D2 (c:\\Users\\maval\\Downloads\\Agus\\VSCode-win32-x64-1.103.2\\data\\extensions\\uqbar.wollok-lsp-ide-0.5.3\\out\\server\\src\\server.js:2384:544)\n    at Qh (c:\\Users\\maval\\Downloads\\Agus\\VSCode-win32-x64-1.103.2\\data\\extensions\\uqbar.wollok-lsp-ide-0.5.3\\out\\server\\src\\server.js:2384:1092)\n    at k6n (c:\\Users\\maval\\Downloads\\Agus\\VSCode-win32-x64-1.103.2\\data\\extensions\\uqbar.wollok-lsp-ide-0.5.3\\out\\server\\src\\server.js:2384:1248)\n    at c:\\Users\\maval\\Downloads\\Agus\\VSCode-win32-x64-1.103.2\\data\\extensions\\uqbar.wollok-lsp-ide-0.5.3\\out\\server\\src\\server.js:38:6131\n    at D2 (c:\\Users\\maval\\Downloads\\Agus\\VSCode-win32-x64-1.103.2\\data\\extensions\\uqbar.wollok-lsp-ide-0.5.3\\out\\server\\src\\server.js:2384:42)\n    at c:\\Users\\maval\\Downloads\\Agus\\VSCode-win32-x64-1.103.2\\data\\extensions\\uqbar.wollok-lsp-ide-0.5.3\\out\\server\\src\\server.js:2384:2988\n    at c:\\Users\\maval\\Downloads\\Agus\\VSCode-win32-x64-1.103.2\\data\\extensions\\uqbar.wollok-lsp-ide-0.5.3\\out\\server\\src\\server.js:2393:8440","timestamp":"2025-09-13T14:09:09.000Z"}
{"level":"error","message":"✘ Completions for node If ([42:3, 47:4] - example.wlk) failed: Error: [If]{28cea5} at example.wlk:42 exhausted all cases without a match [If]{28cea5} at example.wlk:42 exhausted all cases without a match","stack":"Error: [If]{28cea5} at example.wlk:42 exhausted all cases without a match\n    at c:\\Users\\maval\\Downloads\\Agus\\VSCode-win32-x64-1.103.2\\data\\extensions\\uqbar.wollok-lsp-ide-0.5.3\\out\\server\\src\\server.js:38:6142\n    at D2 (c:\\Users\\maval\\Downloads\\Agus\\VSCode-win32-x64-1.103.2\\data\\extensions\\uqbar.wollok-lsp-ide-0.5.3\\out\\server\\src\\server.js:2384:42)\n    at Qh (c:\\Users\\maval\\Downloads\\Agus\\VSCode-win32-x64-1.103.2\\data\\extensions\\uqbar.wollok-lsp-ide-0.5.3\\out\\server\\src\\server.js:2384:1092)\n    at v6n (c:\\Users\\maval\\Downloads\\Agus\\VSCode-win32-x64-1.103.2\\data\\extensions\\uqbar.wollok-lsp-ide-0.5.3\\out\\server\\src\\server.js:2384:818)\n    at c:\\Users\\maval\\Downloads\\Agus\\VSCode-win32-x64-1.103.2\\data\\extensions\\uqbar.wollok-lsp-ide-0.5.3\\out\\server\\src\\server.js:38:6131\n    at D2 (c:\\Users\\maval\\Downloads\\Agus\\VSCode-win32-x64-1.103.2\\data\\extensions\\uqbar.wollok-lsp-ide-0.5.3\\out\\server\\src\\server.js:2384:42)\n    at Qh (c:\\Users\\maval\\Downloads\\Agus\\VSCode-win32-x64-1.103.2\\data\\extensions\\uqbar.wollok-lsp-ide-0.5.3\\out\\server\\src\\server.js:2384:1092)\n    at D2 (c:\\Users\\maval\\Downloads\\Agus\\VSCode-win32-x64-1.103.2\\data\\extensions\\uqbar.wollok-lsp-ide-0.5.3\\out\\server\\src\\server.js:2384:544)\n    at Qh (c:\\Users\\maval\\Downloads\\Agus\\VSCode-win32-x64-1.103.2\\data\\extensions\\uqbar.wollok-lsp-ide-0.5.3\\out\\server\\src\\server.js:2384:1092)\n    at D2 (c:\\Users\\maval\\Downloads\\Agus\\VSCode-win32-x64-1.103.2\\data\\extensions\\uqbar.wollok-lsp-ide-0.5.3\\out\\server\\src\\server.js:2384:544)","timestamp":"2025-09-13T14:09:09.000Z"}
{"level":"error","message":"✘ Completions for node Send ([45:20, 45:40] - example.wlk) failed: Error: [Send]{77391b} at example.wlk:45 exhausted all cases without a match [Send]{77391b} at example.wlk:45 exhausted all cases without a match","stack":"Error: [Send]{77391b} at example.wlk:45 exhausted all cases without a match\n    at c:\\Users\\maval\\Downloads\\Agus\\VSCode-win32-x64-1.103.2\\data\\extensions\\uqbar.wollok-lsp-ide-0.5.3\\out\\server\\src\\server.js:38:6142\n    at D2 (c:\\Users\\maval\\Downloads\\Agus\\VSCode-win32-x64-1.103.2\\data\\extensions\\uqbar.wollok-lsp-ide-0.5.3\\out\\server\\src\\server.js:2384:42)\n    at c:\\Users\\maval\\Downloads\\Agus\\VSCode-win32-x64-1.103.2\\data\\extensions\\uqbar.wollok-lsp-ide-0.5.3\\out\\server\\src\\server.js:2384:2988\n    at c:\\Users\\maval\\Downloads\\Agus\\VSCode-win32-x64-1.103.2\\data\\extensions\\uqbar.wollok-lsp-ide-0.5.3\\out\\server\\src\\server.js:2393:8440\n    at c:\\Users\\maval\\Downloads\\Agus\\VSCode-win32-x64-1.103.2\\data\\extensions\\uqbar.wollok-lsp-ide-0.5.3\\out\\server\\src\\server.js:37:74872\n    at Ye (c:\\Users\\maval\\Downloads\\Agus\\VSCode-win32-x64-1.103.2\\data\\extensions\\uqbar.wollok-lsp-ide-0.5.3\\out\\server\\src\\server.js:7:8527)\n    at qt (c:\\Users\\maval\\Downloads\\Agus\\VSCode-win32-x64-1.103.2\\data\\extensions\\uqbar.wollok-lsp-ide-0.5.3\\out\\server\\src\\server.js:7:6189)\n    at ot (c:\\Users\\maval\\Downloads\\Agus\\VSCode-win32-x64-1.103.2\\data\\extensions\\uqbar.wollok-lsp-ide-0.5.3\\out\\server\\src\\server.js:7:6378)\n    at Immediate._onImmediate (c:\\Users\\maval\\Downloads\\Agus\\VSCode-win32-x64-1.103.2\\data\\extensions\\uqbar.wollok-lsp-ide-0.5.3\\out\\server\\src\\server.js:7:6142)\n    at process.processImmediate (node:internal/timers:485:21)","timestamp":"2025-09-13T14:09:46.171Z"}
{"level":"error","message":"✘ Completions for node Send ([45:6, 45:41] - example.wlk) failed: Error: [Send]{da7878} at example.wlk:45 exhausted all cases without a match [Send]{da7878} at example.wlk:45 exhausted all cases without a match","stack":"Error: [Send]{da7878} at example.wlk:45 exhausted all cases without a match\n    at c:\\Users\\maval\\Downloads\\Agus\\VSCode-win32-x64-1.103.2\\data\\extensions\\uqbar.wollok-lsp-ide-0.5.3\\out\\server\\src\\server.js:38:6142\n    at D2 (c:\\Users\\maval\\Downloads\\Agus\\VSCode-win32-x64-1.103.2\\data\\extensions\\uqbar.wollok-lsp-ide-0.5.3\\out\\server\\src\\server.js:2384:42)\n    at Qh (c:\\Users\\maval\\Downloads\\Agus\\VSCode-win32-x64-1.103.2\\data\\extensions\\uqbar.wollok-lsp-ide-0.5.3\\out\\server\\src\\server.js:2384:1092)\n    at D2 (c:\\Users\\maval\\Downloads\\Agus\\VSCode-win32-x64-1.103.2\\data\\extensions\\uqbar.wollok-lsp-ide-0.5.3\\out\\server\\src\\server.js:2384:544)\n    at c:\\Users\\maval\\Downloads\\Agus\\VSCode-win32-x64-1.103.2\\data\\extensions\\uqbar.wollok-lsp-ide-0.5.3\\out\\server\\src\\server.js:2384:2988\n    at c:\\Users\\maval\\Downloads\\Agus\\VSCode-win32-x64-1.103.2\\data\\extensions\\uqbar.wollok-lsp-ide-0.5.3\\out\\server\\src\\server.js:2393:8440\n    at c:\\Users\\maval\\Downloads\\Agus\\VSCode-win32-x64-1.103.2\\data\\extensions\\uqbar.wollok-lsp-ide-0.5.3\\out\\server\\src\\server.js:37:74872\n    at Ye (c:\\Users\\maval\\Downloads\\Agus\\VSCode-win32-x64-1.103.2\\data\\extensions\\uqbar.wollok-lsp-ide-0.5.3\\out\\server\\src\\server.js:7:8527)\n    at qt (c:\\Users\\maval\\Downloads\\Agus\\VSCode-win32-x64-1.103.2\\data\\extensions\\uqbar.wollok-lsp-ide-0.5.3\\out\\server\\src\\server.js:7:6189)\n    at ot (c:\\Users\\maval\\Downloads\\Agus\\VSCode-win32-x64-1.103.2\\data\\extensions\\uqbar.wollok-lsp-ide-0.5.3\\out\\server\\src\\server.js:7:6378)","timestamp":"2025-09-13T14:09:46.172Z"}
{"level":"error","message":"✘ Completions for node If ([42:3, 47:4] - example.wlk) failed: Error: [If]{b95121} at example.wlk:42 exhausted all cases without a match [If]{b95121} at example.wlk:42 exhausted all cases without a match","stack":"Error: [If]{b95121} at example.wlk:42 exhausted all cases without a match\n    at c:\\Users\\maval\\Downloads\\Agus\\VSCode-win32-x64-1.103.2\\data\\extensions\\uqbar.wollok-lsp-ide-0.5.3\\out\\server\\src\\server.js:38:6142\n    at D2 (c:\\Users\\maval\\Downloads\\Agus\\VSCode-win32-x64-1.103.2\\data\\extensions\\uqbar.wollok-lsp-ide-0.5.3\\out\\server\\src\\server.js:2384:42)\n    at Qh (c:\\Users\\maval\\Downloads\\Agus\\VSCode-win32-x64-1.103.2\\data\\extensions\\uqbar.wollok-lsp-ide-0.5.3\\out\\server\\src\\server.js:2384:1092)\n    at v6n (c:\\Users\\maval\\Downloads\\Agus\\VSCode-win32-x64-1.103.2\\data\\extensions\\uqbar.wollok-lsp-ide-0.5.3\\out\\server\\src\\server.js:2384:818)\n    at c:\\Users\\maval\\Downloads\\Agus\\VSCode-win32-x64-1.103.2\\data\\extensions\\uqbar.wollok-lsp-ide-0.5.3\\out\\server\\src\\server.js:38:6131\n    at D2 (c:\\Users\\maval\\Downloads\\Agus\\VSCode-win32-x64-1.103.2\\data\\extensions\\uqbar.wollok-lsp-ide-0.5.3\\out\\server\\src\\server.js:2384:42)\n    at Qh (c:\\Users\\maval\\Downloads\\Agus\\VSCode-win32-x64-1.103.2\\data\\extensions\\uqbar.wollok-lsp-ide-0.5.3\\out\\server\\src\\server.js:2384:1092)\n    at D2 (c:\\Users\\maval\\Downloads\\Agus\\VSCode-win32-x64-1.103.2\\data\\extensions\\uqbar.wollok-lsp-ide-0.5.3\\out\\server\\src\\server.js:2384:544)\n    at Qh (c:\\Users\\maval\\Downloads\\Agus\\VSCode-win32-x64-1.103.2\\data\\extensions\\uqbar.wollok-lsp-ide-0.5.3\\out\\server\\src\\server.js:2384:1092)\n    at D2 (c:\\Users\\maval\\Downloads\\Agus\\VSCode-win32-x64-1.103.2\\data\\extensions\\uqbar.wollok-lsp-ide-0.5.3\\out\\server\\src\\server.js:2384:544)","timestamp":"2025-09-13T14:09:46.172Z"}
{"level":"error","message":"✘ Completions for node Send ([45:20, 45:42] - example.wlk) failed: Error: [Send]{dc7d1a} at example.wlk:45 exhausted all cases without a match [Send]{dc7d1a} at example.wlk:45 exhausted all cases without a match","stack":"Error: [Send]{dc7d1a} at example.wlk:45 exhausted all cases without a match\n    at c:\\Users\\maval\\Downloads\\Agus\\VSCode-win32-x64-1.103.2\\data\\extensions\\uqbar.wollok-lsp-ide-0.5.3\\out\\server\\src\\server.js:38:6142\n    at D2 (c:\\Users\\maval\\Downloads\\Agus\\VSCode-win32-x64-1.103.2\\data\\extensions\\uqbar.wollok-lsp-ide-0.5.3\\out\\server\\src\\server.js:2384:42)\n    at c:\\Users\\maval\\Downloads\\Agus\\VSCode-win32-x64-1.103.2\\data\\extensions\\uqbar.wollok-lsp-ide-0.5.3\\out\\server\\src\\server.js:2384:2988\n    at c:\\Users\\maval\\Downloads\\Agus\\VSCode-win32-x64-1.103.2\\data\\extensions\\uqbar.wollok-lsp-ide-0.5.3\\out\\server\\src\\server.js:2393:8440\n    at c:\\Users\\maval\\Downloads\\Agus\\VSCode-win32-x64-1.103.2\\data\\extensions\\uqbar.wollok-lsp-ide-0.5.3\\out\\server\\src\\server.js:37:74872\n    at Ye (c:\\Users\\maval\\Downloads\\Agus\\VSCode-win32-x64-1.103.2\\data\\extensions\\uqbar.wollok-lsp-ide-0.5.3\\out\\server\\src\\server.js:7:8527)\n    at qt (c:\\Users\\maval\\Downloads\\Agus\\VSCode-win32-x64-1.103.2\\data\\extensions\\uqbar.wollok-lsp-ide-0.5.3\\out\\server\\src\\server.js:7:6189)\n    at ot (c:\\Users\\maval\\Downloads\\Agus\\VSCode-win32-x64-1.103.2\\data\\extensions\\uqbar.wollok-lsp-ide-0.5.3\\out\\server\\src\\server.js:7:6378)\n    at Immediate._onImmediate (c:\\Users\\maval\\Downloads\\Agus\\VSCode-win32-x64-1.103.2\\data\\extensions\\uqbar.wollok-lsp-ide-0.5.3\\out\\server\\src\\server.js:7:6142)\n    at process.processImmediate (node:internal/timers:485:21)","timestamp":"2025-09-13T14:09:47.802Z"}
{"level":"error","message":"✘ Completions for node Send ([45:6, 45:43] - example.wlk) failed: Error: [Send]{ad4d64} at example.wlk:45 exhausted all cases without a match [Send]{ad4d64} at example.wlk:45 exhausted all cases without a match","stack":"Error: [Send]{ad4d64} at example.wlk:45 exhausted all cases without a match\n    at c:\\Users\\maval\\Downloads\\Agus\\VSCode-win32-x64-1.103.2\\data\\extensions\\uqbar.wollok-lsp-ide-0.5.3\\out\\server\\src\\server.js:38:6142\n    at D2 (c:\\Users\\maval\\Downloads\\Agus\\VSCode-win32-x64-1.103.2\\data\\extensions\\uqbar.wollok-lsp-ide-0.5.3\\out\\server\\src\\server.js:2384:42)\n    at Qh (c:\\Users\\maval\\Downloads\\Agus\\VSCode-win32-x64-1.103.2\\data\\extensions\\uqbar.wollok-lsp-ide-0.5.3\\out\\server\\src\\server.js:2384:1092)\n    at D2 (c:\\Users\\maval\\Downloads\\Agus\\VSCode-win32-x64-1.103.2\\data\\extensions\\uqbar.wollok-lsp-ide-0.5.3\\out\\server\\src\\server.js:2384:544)\n    at c:\\Users\\maval\\Downloads\\Agus\\VSCode-win32-x64-1.103.2\\data\\extensions\\uqbar.wollok-lsp-ide-0.5.3\\out\\server\\src\\server.js:2384:2988\n    at c:\\Users\\maval\\Downloads\\Agus\\VSCode-win32-x64-1.103.2\\data\\extensions\\uqbar.wollok-lsp-ide-0.5.3\\out\\server\\src\\server.js:2393:8440\n    at c:\\Users\\maval\\Downloads\\Agus\\VSCode-win32-x64-1.103.2\\data\\extensions\\uqbar.wollok-lsp-ide-0.5.3\\out\\server\\src\\server.js:37:74872\n    at Ye (c:\\Users\\maval\\Downloads\\Agus\\VSCode-win32-x64-1.103.2\\data\\extensions\\uqbar.wollok-lsp-ide-0.5.3\\out\\server\\src\\server.js:7:8527)\n    at qt (c:\\Users\\maval\\Downloads\\Agus\\VSCode-win32-x64-1.103.2\\data\\extensions\\uqbar.wollok-lsp-ide-0.5.3\\out\\server\\src\\server.js:7:6189)\n    at ot (c:\\Users\\maval\\Downloads\\Agus\\VSCode-win32-x64-1.103.2\\data\\extensions\\uqbar.wollok-lsp-ide-0.5.3\\out\\server\\src\\server.js:7:6378)","timestamp":"2025-09-13T14:09:47.802Z"}
{"level":"error","message":"✘ Completions for node If ([42:3, 47:4] - example.wlk) failed: Error: [If]{7908bb} at example.wlk:42 exhausted all cases without a match [If]{7908bb} at example.wlk:42 exhausted all cases without a match","stack":"Error: [If]{7908bb} at example.wlk:42 exhausted all cases without a match\n    at c:\\Users\\maval\\Downloads\\Agus\\VSCode-win32-x64-1.103.2\\data\\extensions\\uqbar.wollok-lsp-ide-0.5.3\\out\\server\\src\\server.js:38:6142\n    at D2 (c:\\Users\\maval\\Downloads\\Agus\\VSCode-win32-x64-1.103.2\\data\\extensions\\uqbar.wollok-lsp-ide-0.5.3\\out\\server\\src\\server.js:2384:42)\n    at Qh (c:\\Users\\maval\\Downloads\\Agus\\VSCode-win32-x64-1.103.2\\data\\extensions\\uqbar.wollok-lsp-ide-0.5.3\\out\\server\\src\\server.js:2384:1092)\n    at v6n (c:\\Users\\maval\\Downloads\\Agus\\VSCode-win32-x64-1.103.2\\data\\extensions\\uqbar.wollok-lsp-ide-0.5.3\\out\\server\\src\\server.js:2384:818)\n    at c:\\Users\\maval\\Downloads\\Agus\\VSCode-win32-x64-1.103.2\\data\\extensions\\uqbar.wollok-lsp-ide-0.5.3\\out\\server\\src\\server.js:38:6131\n    at D2 (c:\\Users\\maval\\Downloads\\Agus\\VSCode-win32-x64-1.103.2\\data\\extensions\\uqbar.wollok-lsp-ide-0.5.3\\out\\server\\src\\server.js:2384:42)\n    at Qh (c:\\Users\\maval\\Downloads\\Agus\\VSCode-win32-x64-1.103.2\\data\\extensions\\uqbar.wollok-lsp-ide-0.5.3\\out\\server\\src\\server.js:2384:1092)\n    at D2 (c:\\Users\\maval\\Downloads\\Agus\\VSCode-win32-x64-1.103.2\\data\\extensions\\uqbar.wollok-lsp-ide-0.5.3\\out\\server\\src\\server.js:2384:544)\n    at Qh (c:\\Users\\maval\\Downloads\\Agus\\VSCode-win32-x64-1.103.2\\data\\extensions\\uqbar.wollok-lsp-ide-0.5.3\\out\\server\\src\\server.js:2384:1092)\n    at D2 (c:\\Users\\maval\\Downloads\\Agus\\VSCode-win32-x64-1.103.2\\data\\extensions\\uqbar.wollok-lsp-ide-0.5.3\\out\\server\\src\\server.js:2384:544)","timestamp":"2025-09-13T14:09:47.802Z"}
{"level":"error","message":"✘ Completions for node Send ([45:20, 45:43] - example.wlk) failed: Error: [Send]{4f8b0f} at example.wlk:45 exhausted all cases without a match [Send]{4f8b0f} at example.wlk:45 exhausted all cases without a match","stack":"Error: [Send]{4f8b0f} at example.wlk:45 exhausted all cases without a match\n    at c:\\Users\\maval\\Downloads\\Agus\\VSCode-win32-x64-1.103.2\\data\\extensions\\uqbar.wollok-lsp-ide-0.5.3\\out\\server\\src\\server.js:38:6142\n    at D2 (c:\\Users\\maval\\Downloads\\Agus\\VSCode-win32-x64-1.103.2\\data\\extensions\\uqbar.wollok-lsp-ide-0.5.3\\out\\server\\src\\server.js:2384:42)\n    at c:\\Users\\maval\\Downloads\\Agus\\VSCode-win32-x64-1.103.2\\data\\extensions\\uqbar.wollok-lsp-ide-0.5.3\\out\\server\\src\\server.js:2384:2988\n    at c:\\Users\\maval\\Downloads\\Agus\\VSCode-win32-x64-1.103.2\\data\\extensions\\uqbar.wollok-lsp-ide-0.5.3\\out\\server\\src\\server.js:2393:8440\n    at c:\\Users\\maval\\Downloads\\Agus\\VSCode-win32-x64-1.103.2\\data\\extensions\\uqbar.wollok-lsp-ide-0.5.3\\out\\server\\src\\server.js:37:74872\n    at Ye (c:\\Users\\maval\\Downloads\\Agus\\VSCode-win32-x64-1.103.2\\data\\extensions\\uqbar.wollok-lsp-ide-0.5.3\\out\\server\\src\\server.js:7:8527)\n    at qt (c:\\Users\\maval\\Downloads\\Agus\\VSCode-win32-x64-1.103.2\\data\\extensions\\uqbar.wollok-lsp-ide-0.5.3\\out\\server\\src\\server.js:7:6189)\n    at ot (c:\\Users\\maval\\Downloads\\Agus\\VSCode-win32-x64-1.103.2\\data\\extensions\\uqbar.wollok-lsp-ide-0.5.3\\out\\server\\src\\server.js:7:6378)\n    at Immediate._onImmediate (c:\\Users\\maval\\Downloads\\Agus\\VSCode-win32-x64-1.103.2\\data\\extensions\\uqbar.wollok-lsp-ide-0.5.3\\out\\server\\src\\server.js:7:6142)\n    at process.processImmediate (node:internal/timers:485:21)","timestamp":"2025-09-13T14:09:48.050Z"}
{"level":"error","message":"✘ Completions for node Send ([45:6, 45:44] - example.wlk) failed: Error: [Send]{e79579} at example.wlk:45 exhausted all cases without a match [Send]{e79579} at example.wlk:45 exhausted all cases without a match","stack":"Error: [Send]{e79579} at example.wlk:45 exhausted all cases without a match\n    at c:\\Users\\maval\\Downloads\\Agus\\VSCode-win32-x64-1.103.2\\data\\extensions\\uqbar.wollok-lsp-ide-0.5.3\\out\\server\\src\\server.js:38:6142\n    at D2 (c:\\Users\\maval\\Downloads\\Agus\\VSCode-win32-x64-1.103.2\\data\\extensions\\uqbar.wollok-lsp-ide-0.5.3\\out\\server\\src\\server.js:2384:42)\n    at Qh (c:\\Users\\maval\\Downloads\\Agus\\VSCode-win32-x64-1.103.2\\data\\extensions\\uqbar.wollok-lsp-ide-0.5.3\\out\\server\\src\\server.js:2384:1092)\n    at D2 (c:\\Users\\maval\\Downloads\\Agus\\VSCode-win32-x64-1.103.2\\data\\extensions\\uqbar.wollok-lsp-ide-0.5.3\\out\\server\\src\\server.js:2384:544)\n    at c:\\Users\\maval\\Downloads\\Agus\\VSCode-win32-x64-1.103.2\\data\\extensions\\uqbar.wollok-lsp-ide-0.5.3\\out\\server\\src\\server.js:2384:2988\n    at c:\\Users\\maval\\Downloads\\Agus\\VSCode-win32-x64-1.103.2\\data\\extensions\\uqbar.wollok-lsp-ide-0.5.3\\out\\server\\src\\server.js:2393:8440\n    at c:\\Users\\maval\\Downloads\\Agus\\VSCode-win32-x64-1.103.2\\data\\extensions\\uqbar.wollok-lsp-ide-0.5.3\\out\\server\\src\\server.js:37:74872\n    at Ye (c:\\Users\\maval\\Downloads\\Agus\\VSCode-win32-x64-1.103.2\\data\\extensions\\uqbar.wollok-lsp-ide-0.5.3\\out\\server\\src\\server.js:7:8527)\n    at qt (c:\\Users\\maval\\Downloads\\Agus\\VSCode-win32-x64-1.103.2\\data\\extensions\\uqbar.wollok-lsp-ide-0.5.3\\out\\server\\src\\server.js:7:6189)\n    at ot (c:\\Users\\maval\\Downloads\\Agus\\VSCode-win32-x64-1.103.2\\data\\extensions\\uqbar.wollok-lsp-ide-0.5.3\\out\\server\\src\\server.js:7:6378)","timestamp":"2025-09-13T14:09:48.051Z"}
{"level":"error","message":"✘ Completions for node If ([42:3, 47:4] - example.wlk) failed: Error: [If]{3af815} at example.wlk:42 exhausted all cases without a match [If]{3af815} at example.wlk:42 exhausted all cases without a match","stack":"Error: [If]{3af815} at example.wlk:42 exhausted all cases without a match\n    at c:\\Users\\maval\\Downloads\\Agus\\VSCode-win32-x64-1.103.2\\data\\extensions\\uqbar.wollok-lsp-ide-0.5.3\\out\\server\\src\\server.js:38:6142\n    at D2 (c:\\Users\\maval\\Downloads\\Agus\\VSCode-win32-x64-1.103.2\\data\\extensions\\uqbar.wollok-lsp-ide-0.5.3\\out\\server\\src\\server.js:2384:42)\n    at Qh (c:\\Users\\maval\\Downloads\\Agus\\VSCode-win32-x64-1.103.2\\data\\extensions\\uqbar.wollok-lsp-ide-0.5.3\\out\\server\\src\\server.js:2384:1092)\n    at v6n (c:\\Users\\maval\\Downloads\\Agus\\VSCode-win32-x64-1.103.2\\data\\extensions\\uqbar.wollok-lsp-ide-0.5.3\\out\\server\\src\\server.js:2384:818)\n    at c:\\Users\\maval\\Downloads\\Agus\\VSCode-win32-x64-1.103.2\\data\\extensions\\uqbar.wollok-lsp-ide-0.5.3\\out\\server\\src\\server.js:38:6131\n    at D2 (c:\\Users\\maval\\Downloads\\Agus\\VSCode-win32-x64-1.103.2\\data\\extensions\\uqbar.wollok-lsp-ide-0.5.3\\out\\server\\src\\server.js:2384:42)\n    at Qh (c:\\Users\\maval\\Downloads\\Agus\\VSCode-win32-x64-1.103.2\\data\\extensions\\uqbar.wollok-lsp-ide-0.5.3\\out\\server\\src\\server.js:2384:1092)\n    at D2 (c:\\Users\\maval\\Downloads\\Agus\\VSCode-win32-x64-1.103.2\\data\\extensions\\uqbar.wollok-lsp-ide-0.5.3\\out\\server\\src\\server.js:2384:544)\n    at Qh (c:\\Users\\maval\\Downloads\\Agus\\VSCode-win32-x64-1.103.2\\data\\extensions\\uqbar.wollok-lsp-ide-0.5.3\\out\\server\\src\\server.js:2384:1092)\n    at D2 (c:\\Users\\maval\\Downloads\\Agus\\VSCode-win32-x64-1.103.2\\data\\extensions\\uqbar.wollok-lsp-ide-0.5.3\\out\\server\\src\\server.js:2384:544)","timestamp":"2025-09-13T14:09:48.051Z"}
{"level":"error","message":"✘ Completions for node Send ([45:20, 45:44] - example.wlk) failed: Error: [Send]{6b7e52} at example.wlk:45 exhausted all cases without a match [Send]{6b7e52} at example.wlk:45 exhausted all cases without a match","stack":"Error: [Send]{6b7e52} at example.wlk:45 exhausted all cases without a match\n    at c:\\Users\\maval\\Downloads\\Agus\\VSCode-win32-x64-1.103.2\\data\\extensions\\uqbar.wollok-lsp-ide-0.5.3\\out\\server\\src\\server.js:38:6142\n    at D2 (c:\\Users\\maval\\Downloads\\Agus\\VSCode-win32-x64-1.103.2\\data\\extensions\\uqbar.wollok-lsp-ide-0.5.3\\out\\server\\src\\server.js:2384:42)\n    at c:\\Users\\maval\\Downloads\\Agus\\VSCode-win32-x64-1.103.2\\data\\extensions\\uqbar.wollok-lsp-ide-0.5.3\\out\\server\\src\\server.js:2384:2988\n    at c:\\Users\\maval\\Downloads\\Agus\\VSCode-win32-x64-1.103.2\\data\\extensions\\uqbar.wollok-lsp-ide-0.5.3\\out\\server\\src\\server.js:2393:8440\n    at c:\\Users\\maval\\Downloads\\Agus\\VSCode-win32-x64-1.103.2\\data\\extensions\\uqbar.wollok-lsp-ide-0.5.3\\out\\server\\src\\server.js:37:74872\n    at Ye (c:\\Users\\maval\\Downloads\\Agus\\VSCode-win32-x64-1.103.2\\data\\extensions\\uqbar.wollok-lsp-ide-0.5.3\\out\\server\\src\\server.js:7:8527)\n    at qt (c:\\Users\\maval\\Downloads\\Agus\\VSCode-win32-x64-1.103.2\\data\\extensions\\uqbar.wollok-lsp-ide-0.5.3\\out\\server\\src\\server.js:7:6189)\n    at ot (c:\\Users\\maval\\Downloads\\Agus\\VSCode-win32-x64-1.103.2\\data\\extensions\\uqbar.wollok-lsp-ide-0.5.3\\out\\server\\src\\server.js:7:6378)\n    at Immediate._onImmediate (c:\\Users\\maval\\Downloads\\Agus\\VSCode-win32-x64-1.103.2\\data\\extensions\\uqbar.wollok-lsp-ide-0.5.3\\out\\server\\src\\server.js:7:6142)\n    at process.processImmediate (node:internal/timers:485:21)","timestamp":"2025-09-13T14:09:48.227Z"}
{"level":"error","message":"✘ Completions for node Send ([45:6, 45:45] - example.wlk) failed: Error: [Send]{890262} at example.wlk:45 exhausted all cases without a match [Send]{890262} at example.wlk:45 exhausted all cases without a match","stack":"Error: [Send]{890262} at example.wlk:45 exhausted all cases without a match\n    at c:\\Users\\maval\\Downloads\\Agus\\VSCode-win32-x64-1.103.2\\data\\extensions\\uqbar.wollok-lsp-ide-0.5.3\\out\\server\\src\\server.js:38:6142\n    at D2 (c:\\Users\\maval\\Downloads\\Agus\\VSCode-win32-x64-1.103.2\\data\\extensions\\uqbar.wollok-lsp-ide-0.5.3\\out\\server\\src\\server.js:2384:42)\n    at Qh (c:\\Users\\maval\\Downloads\\Agus\\VSCode-win32-x64-1.103.2\\data\\extensions\\uqbar.wollok-lsp-ide-0.5.3\\out\\server\\src\\server.js:2384:1092)\n    at D2 (c:\\Users\\maval\\Downloads\\Agus\\VSCode-win32-x64-1.103.2\\data\\extensions\\uqbar.wollok-lsp-ide-0.5.3\\out\\server\\src\\server.js:2384:544)\n    at c:\\Users\\maval\\Downloads\\Agus\\VSCode-win32-x64-1.103.2\\data\\extensions\\uqbar.wollok-lsp-ide-0.5.3\\out\\server\\src\\server.js:2384:2988\n    at c:\\Users\\maval\\Downloads\\Agus\\VSCode-win32-x64-1.103.2\\data\\extensions\\uqbar.wollok-lsp-ide-0.5.3\\out\\server\\src\\server.js:2393:8440\n    at c:\\Users\\maval\\Downloads\\Agus\\VSCode-win32-x64-1.103.2\\data\\extensions\\uqbar.wollok-lsp-ide-0.5.3\\out\\server\\src\\server.js:37:74872\n    at Ye (c:\\Users\\maval\\Downloads\\Agus\\VSCode-win32-x64-1.103.2\\data\\extensions\\uqbar.wollok-lsp-ide-0.5.3\\out\\server\\src\\server.js:7:8527)\n    at qt (c:\\Users\\maval\\Downloads\\Agus\\VSCode-win32-x64-1.103.2\\data\\extensions\\uqbar.wollok-lsp-ide-0.5.3\\out\\server\\src\\server.js:7:6189)\n    at ot (c:\\Users\\maval\\Downloads\\Agus\\VSCode-win32-x64-1.103.2\\data\\extensions\\uqbar.wollok-lsp-ide-0.5.3\\out\\server\\src\\server.js:7:6378)","timestamp":"2025-09-13T14:09:48.227Z"}
{"level":"error","message":"✘ Completions for node If ([42:3, 47:4] - example.wlk) failed: Error: [If]{f3b64b} at example.wlk:42 exhausted all cases without a match [If]{f3b64b} at example.wlk:42 exhausted all cases without a match","stack":"Error: [If]{f3b64b} at example.wlk:42 exhausted all cases without a match\n    at c:\\Users\\maval\\Downloads\\Agus\\VSCode-win32-x64-1.103.2\\data\\extensions\\uqbar.wollok-lsp-ide-0.5.3\\out\\server\\src\\server.js:38:6142\n    at D2 (c:\\Users\\maval\\Downloads\\Agus\\VSCode-win32-x64-1.103.2\\data\\extensions\\uqbar.wollok-lsp-ide-0.5.3\\out\\server\\src\\server.js:2384:42)\n    at Qh (c:\\Users\\maval\\Downloads\\Agus\\VSCode-win32-x64-1.103.2\\data\\extensions\\uqbar.wollok-lsp-ide-0.5.3\\out\\server\\src\\server.js:2384:1092)\n    at v6n (c:\\Users\\maval\\Downloads\\Agus\\VSCode-win32-x64-1.103.2\\data\\extensions\\uqbar.wollok-lsp-ide-0.5.3\\out\\server\\src\\server.js:2384:818)\n    at c:\\Users\\maval\\Downloads\\Agus\\VSCode-win32-x64-1.103.2\\data\\extensions\\uqbar.wollok-lsp-ide-0.5.3\\out\\server\\src\\server.js:38:6131\n    at D2 (c:\\Users\\maval\\Downloads\\Agus\\VSCode-win32-x64-1.103.2\\data\\extensions\\uqbar.wollok-lsp-ide-0.5.3\\out\\server\\src\\server.js:2384:42)\n    at Qh (c:\\Users\\maval\\Downloads\\Agus\\VSCode-win32-x64-1.103.2\\data\\extensions\\uqbar.wollok-lsp-ide-0.5.3\\out\\server\\src\\server.js:2384:1092)\n    at D2 (c:\\Users\\maval\\Downloads\\Agus\\VSCode-win32-x64-1.103.2\\data\\extensions\\uqbar.wollok-lsp-ide-0.5.3\\out\\server\\src\\server.js:2384:544)\n    at Qh (c:\\Users\\maval\\Downloads\\Agus\\VSCode-win32-x64-1.103.2\\data\\extensions\\uqbar.wollok-lsp-ide-0.5.3\\out\\server\\src\\server.js:2384:1092)\n    at D2 (c:\\Users\\maval\\Downloads\\Agus\\VSCode-win32-x64-1.103.2\\data\\extensions\\uqbar.wollok-lsp-ide-0.5.3\\out\\server\\src\\server.js:2384:544)","timestamp":"2025-09-13T14:09:48.227Z"}
{"level":"info","message":"🚀 Program executed \u001b[3m\u001b[34mpgmProgram.pacmanGame\u001b[39m\u001b[23m on \u001b[3m\u001b[34mc:\\Users\\maval\\Downloads\\Agus\\Progra Obj 1\\pacmanbasicgame-agusfmartinez\u001b[39m\u001b[23m","ok":true,"timeElapsed":359,"timestamp":"2025-09-13T14:10:29.784Z"}
{"exitCode":0,"level":"info","message":"👾 Game executed pgmProgram.pacmanGame on c:\\Users\\maval\\Downloads\\Agus\\Progra Obj 1\\pacmanbasicgame-agusfmartinez","timeElapsed":30750,"timestamp":"2025-09-13T14:11:00.173Z"}
{"level":"info","message":"⌛ Validating example.wlk","timeElapsed":109,"timestamp":"2025-09-13T14:18:53.369Z"}
{"level":"info","message":"⌛ Validating example.wlk","timeElapsed":101,"timestamp":"2025-09-13T14:18:53.522Z"}
{"level":"info","message":"⌛ Validating example.wlk","timeElapsed":107,"timestamp":"2025-09-13T14:18:56.201Z"}
{"level":"info","message":"⌛ Building environment","timeElapsed":107,"timestamp":"2025-09-13T14:18:57.015Z"}
{"level":"info","message":"⌛ Building environment","timeElapsed":106,"timestamp":"2025-09-13T14:19:01.741Z"}
{"level":"info","message":"⌛ Building environment","timeElapsed":102,"timestamp":"2025-09-13T14:19:01.946Z"}
{"level":"error","message":"✘ Completions for node Return (undefined - example.wlk) failed: Error: [Return]{f3679a} at example.wlk:-- exhausted all cases without a match [Return]{f3679a} at example.wlk:-- exhausted all cases without a match","stack":"Error: [Return]{f3679a} at example.wlk:-- exhausted all cases without a match\n    at c:\\Users\\maval\\Downloads\\Agus\\VSCode-win32-x64-1.103.2\\data\\extensions\\uqbar.wollok-lsp-ide-0.5.3\\out\\server\\src\\server.js:38:6142\n    at D2 (c:\\Users\\maval\\Downloads\\Agus\\VSCode-win32-x64-1.103.2\\data\\extensions\\uqbar.wollok-lsp-ide-0.5.3\\out\\server\\src\\server.js:2384:42)\n    at Qh (c:\\Users\\maval\\Downloads\\Agus\\VSCode-win32-x64-1.103.2\\data\\extensions\\uqbar.wollok-lsp-ide-0.5.3\\out\\server\\src\\server.js:2384:1092)\n    at k6n (c:\\Users\\maval\\Downloads\\Agus\\VSCode-win32-x64-1.103.2\\data\\extensions\\uqbar.wollok-lsp-ide-0.5.3\\out\\server\\src\\server.js:2384:1248)\n    at c:\\Users\\maval\\Downloads\\Agus\\VSCode-win32-x64-1.103.2\\data\\extensions\\uqbar.wollok-lsp-ide-0.5.3\\out\\server\\src\\server.js:38:6131\n    at D2 (c:\\Users\\maval\\Downloads\\Agus\\VSCode-win32-x64-1.103.2\\data\\extensions\\uqbar.wollok-lsp-ide-0.5.3\\out\\server\\src\\server.js:2384:42)\n    at c:\\Users\\maval\\Downloads\\Agus\\VSCode-win32-x64-1.103.2\\data\\extensions\\uqbar.wollok-lsp-ide-0.5.3\\out\\server\\src\\server.js:2384:2988\n    at c:\\Users\\maval\\Downloads\\Agus\\VSCode-win32-x64-1.103.2\\data\\extensions\\uqbar.wollok-lsp-ide-0.5.3\\out\\server\\src\\server.js:2393:8440\n    at c:\\Users\\maval\\Downloads\\Agus\\VSCode-win32-x64-1.103.2\\data\\extensions\\uqbar.wollok-lsp-ide-0.5.3\\out\\server\\src\\server.js:37:74872\n    at Ye (c:\\Users\\maval\\Downloads\\Agus\\VSCode-win32-x64-1.103.2\\data\\extensions\\uqbar.wollok-lsp-ide-0.5.3\\out\\server\\src\\server.js:7:8527)","timestamp":"2025-09-13T14:19:06.320Z"}
{"level":"info","message":"⌛ Validating example.wlk","timeElapsed":106,"timestamp":"2025-09-13T14:19:06.878Z"}
{"level":"error","message":"✘ Completions for node Return (undefined - example.wlk) failed: Error: [Return]{82cce7} at example.wlk:-- exhausted all cases without a match [Return]{82cce7} at example.wlk:-- exhausted all cases without a match","stack":"Error: [Return]{82cce7} at example.wlk:-- exhausted all cases without a match\n    at c:\\Users\\maval\\Downloads\\Agus\\VSCode-win32-x64-1.103.2\\data\\extensions\\uqbar.wollok-lsp-ide-0.5.3\\out\\server\\src\\server.js:38:6142\n    at D2 (c:\\Users\\maval\\Downloads\\Agus\\VSCode-win32-x64-1.103.2\\data\\extensions\\uqbar.wollok-lsp-ide-0.5.3\\out\\server\\src\\server.js:2384:42)\n    at Qh (c:\\Users\\maval\\Downloads\\Agus\\VSCode-win32-x64-1.103.2\\data\\extensions\\uqbar.wollok-lsp-ide-0.5.3\\out\\server\\src\\server.js:2384:1092)\n    at k6n (c:\\Users\\maval\\Downloads\\Agus\\VSCode-win32-x64-1.103.2\\data\\extensions\\uqbar.wollok-lsp-ide-0.5.3\\out\\server\\src\\server.js:2384:1248)\n    at c:\\Users\\maval\\Downloads\\Agus\\VSCode-win32-x64-1.103.2\\data\\extensions\\uqbar.wollok-lsp-ide-0.5.3\\out\\server\\src\\server.js:38:6131\n    at D2 (c:\\Users\\maval\\Downloads\\Agus\\VSCode-win32-x64-1.103.2\\data\\extensions\\uqbar.wollok-lsp-ide-0.5.3\\out\\server\\src\\server.js:2384:42)\n    at c:\\Users\\maval\\Downloads\\Agus\\VSCode-win32-x64-1.103.2\\data\\extensions\\uqbar.wollok-lsp-ide-0.5.3\\out\\server\\src\\server.js:2384:2988\n    at c:\\Users\\maval\\Downloads\\Agus\\VSCode-win32-x64-1.103.2\\data\\extensions\\uqbar.wollok-lsp-ide-0.5.3\\out\\server\\src\\server.js:2393:8440\n    at c:\\Users\\maval\\Downloads\\Agus\\VSCode-win32-x64-1.103.2\\data\\extensions\\uqbar.wollok-lsp-ide-0.5.3\\out\\server\\src\\server.js:37:74872\n    at Ye (c:\\Users\\maval\\Downloads\\Agus\\VSCode-win32-x64-1.103.2\\data\\extensions\\uqbar.wollok-lsp-ide-0.5.3\\out\\server\\src\\server.js:7:8527)","timestamp":"2025-09-13T14:19:06.942Z"}
{"level":"info","message":"⌛ Building environment","timeElapsed":104,"timestamp":"2025-09-13T14:19:07.391Z"}
{"level":"info","message":"⌛ Validating example.wlk","timeElapsed":129,"timestamp":"2025-09-13T14:19:08.489Z"}
{"level":"info","message":"⌛ Validating example.wlk","timeElapsed":111,"timestamp":"2025-09-13T14:19:08.601Z"}
{"level":"info","message":"⌛ Building environment","timeElapsed":109,"timestamp":"2025-09-13T14:19:08.804Z"}
{"level":"error","message":"✘ Failed to get type description: Error: Failed to print, found malformed node Failed to print, found malformed node","node":{"id":"71b15cf4-8234-4e45-9791-a64f74378c58","members":[{"body":{"id":"c97ccf5a-215c-4098-9bba-22650be62c0d","metadata":[],"problems":[],"scope":{"containerScope":{"containerScope":{"containerScope":{"containerScope":{"contributions":{},"includedScopes":[]},"contributions":{},"includedScopes":[{"contributions":{},"includedScopes":[]}]},"contributions":{},"includedScopes":[{"containerScope":{"containerScope":{"containerScope":{"contributions":{},"includedScopes":[]},"contributions":{},"includedScopes":[]},"contributions":{},"includedScopes":[]},"contributions":{},"includedScopes":[]}]},"contributions":{},"includedScopes":[]},"contributions":{},"includedScopes":[]},"sentences":[{"id":"3a0eeab7-e3fc-420a-877b-eb255707731c","metadata":[],"scope":{"containerScope":{"containerScope":{"containerScope":{"containerScope":{"containerScope":{"contributions":{},"includedScopes":[]},"contributions":{},"includedScopes":[{"contributions":{},"includedScopes":[]}]},"contributions":{},"includedScopes":[{"containerScope":{"containerScope":{"containerScope":{"contributions":{},"includedScopes":[]},"contributions":{},"includedScopes":[]},"contributions":{},"includedScopes":[]},"contributions":{},"includedScopes":[]}]},"contributions":{},"includedScopes":[]},"contributions":{},"includedScopes":[]},"contributions":{},"includedScopes":[]},"value":{"args":[{"id":"f72c77e5-40e8-4f13-ac26-817d76852dba","metadata":[],"scope":{"containerScope":{"containerScope":{"containerScope":{"containerScope":{"containerScope":{"containerScope":{"containerScope":{"contributions":{},"includedScopes":[]},"contributions":{},"includedScopes":[{"contributions":{},"includedScopes":[]}]},"contributions":{},"includedScopes":[{"containerScope":{"containerScope":{"containerScope":{"contributions":{},"includedScopes":[]},"contributions":{},"includedScopes":[]},"contributions":{},"includedScopes":[]},"contributions":{},"includedScopes":[]}]},"contributions":{},"includedScopes":[]},"contributions":{},"includedScopes":[]},"contributions":{},"includedScopes":[]},"contributions":{},"includedScopes":[]},"contributions":{},"includedScopes":[]},"sourceMap":{"end":{"column":32,"line":59,"offset":1192},"start":{"column":31,"line":59,"offset":1191}},"value":3},{"id":"ad7082bc-a8de-4c41-8a3e-d685e094c248","metadata":[],"scope":{"containerScope":{"containerScope":{"containerScope":{"containerScope":{"containerScope":{"containerScope":{"containerScope":{"contributions":{},"includedScopes":[]},"contributions":{},"includedScopes":[{"contributions":{},"includedScopes":[]}]},"contributions":{},"includedScopes":[{"containerScope":{"containerScope":{"containerScope":{"contributions":{},"includedScopes":[]},"contributions":{},"includedScopes":[]},"contributions":{},"includedScopes":[]},"contributions":{},"includedScopes":[]}]},"contributions":{},"includedScopes":[]},"contributions":{},"includedScopes":[]},"contributions":{},"includedScopes":[]},"contributions":{},"includedScopes":[]},"contributions":{},"includedScopes":[]},"sourceMap":{"end":{"column":34,"line":59,"offset":1194},"start":{"column":33,"line":59,"offset":1193}},"value":3}],"id":"8d466a72-d974-4caa-b54e-3e81512fbc14","message":"at","metadata":[],"receiver":{"id":"e78779c0-2db9-4f13-b417-f7f7c385c6a4","metadata":[],"name":"game","scope":{"containerScope":{"containerScope":{"containerScope":{"containerScope":{"containerScope":{"containerScope":{"containerScope":{"contributions":{},"includedScopes":[]},"contributions":{},"includedScopes":[{"contributions":{},"includedScopes":[]}]},"contributions":{},"includedScopes":[{"containerScope":{"containerScope":{"containerScope":{"contributions":{},"includedScopes":[]},"contributions":{},"includedScopes":[]},"contributions":{},"includedScopes":[]},"contributions":{},"includedScopes":[]}]},"contributions":{},"includedScopes":[]},"contributions":{},"includedScopes":[]},"contributions":{},"includedScopes":[]},"contributions":{},"includedScopes":[]},"contributions":{},"includedScopes":[]},"sourceMap":{"end":{"column":27,"line":59,"offset":1187},"start":{"column":23,"line":59,"offset":1183}}},"scope":{"containerScope":{"containerScope":{"containerScope":{"containerScope":{"containerScope":{"containerScope":{"contributions":{},"includedScopes":[]},"contributions":{},"includedScopes":[{"contributions":{},"includedScopes":[]}]},"contributions":{},"includedScopes":[{"containerScope":{"containerScope":{"containerScope":{"contributions":{},"includedScopes":[]},"contributions":{},"includedScopes":[]},"contributions":{},"includedScopes":[]},"contributions":{},"includedScopes":[]}]},"contributions":{},"includedScopes":[]},"contributions":{},"includedScopes":[]},"contributions":{},"includedScopes":[]},"contributions":{},"includedScopes":[]},"sourceMap":{"end":{"column":35,"line":59,"offset":1195},"start":{"column":23,"line":59,"offset":1183}}}}],"sourceMap":{"end":{"column":35,"line":59,"offset":1195},"start":{"column":23,"line":59,"offset":1183}}},"compiled":false,"id":"9d14c96d-f345-4d1f-8db4-09520bac892f","isOverride":false,"metadata":[],"name":"position","parameters":[],"problems":[],"scope":{"containerScope":{"containerScope":{"containerScope":{"contributions":{},"includedScopes":[]},"contributions":{},"includedScopes":[{"contributions":{},"includedScopes":[]}]},"contributions":{},"includedScopes":[{"containerScope":{"containerScope":{"containerScope":{"contributions":{},"includedScopes":[]},"contributions":{},"includedScopes":[]},"contributions":{},"includedScopes":[]},"contributions":{},"includedScopes":[]}]},"contributions":{},"includedScopes":[]},"sourceMap":{"end":{"column":35,"line":59,"offset":1195},"start":{"column":3,"line":59,"offset":1163}}}],"metadata":[],"name":"fantasmaRojo","problems":[{"code":"malformedMember","sourceMap":{"end":{"column":6,"line":61,"offset":1204},"start":{"column":3,"line":61,"offset":1201}}}],"scope":{"containerScope":{"containerScope":{"contributions":{},"includedScopes":[]},"contributions":{},"includedScopes":[{"contributions":{},"includedScopes":[]}]},"contributions":{},"includedScopes":[{"containerScope":{"containerScope":{"containerScope":{"contributions":{},"includedScopes":[]},"contributions":{},"includedScopes":[]},"contributions":{},"includedScopes":[]},"contributions":{},"includedScopes":[]}]},"sourceMap":{"end":{"column":2,"line":62,"offset":1207},"start":{"column":1,"line":58,"offset":1138}},"supertypes":[]},"stack":"Error: Failed to print, found malformed node\n    at c:\\Users\\maval\\Downloads\\Agus\\VSCode-win32-x64-1.103.2\\data\\extensions\\uqbar.wollok-lsp-ide-0.5.3\\out\\server\\src\\server.js:68:3585\n    at Gbn (c:\\Users\\maval\\Downloads\\Agus\\VSCode-win32-x64-1.103.2\\data\\extensions\\uqbar.wollok-lsp-ide-0.5.3\\out\\server\\src\\server.js:68:3396)\n    at c:\\Users\\maval\\Downloads\\Agus\\VSCode-win32-x64-1.103.2\\data\\extensions\\uqbar.wollok-lsp-ide-0.5.3\\out\\server\\src\\server.js:2393:847\n    at c:\\Users\\maval\\Downloads\\Agus\\VSCode-win32-x64-1.103.2\\data\\extensions\\uqbar.wollok-lsp-ide-0.5.3\\out\\server\\src\\server.js:2393:8440\n    at c:\\Users\\maval\\Downloads\\Agus\\VSCode-win32-x64-1.103.2\\data\\extensions\\uqbar.wollok-lsp-ide-0.5.3\\out\\server\\src\\server.js:37:74770\n    at Ye (c:\\Users\\maval\\Downloads\\Agus\\VSCode-win32-x64-1.103.2\\data\\extensions\\uqbar.wollok-lsp-ide-0.5.3\\out\\server\\src\\server.js:7:8527)\n    at qt (c:\\Users\\maval\\Downloads\\Agus\\VSCode-win32-x64-1.103.2\\data\\extensions\\uqbar.wollok-lsp-ide-0.5.3\\out\\server\\src\\server.js:7:6189)\n    at ot (c:\\Users\\maval\\Downloads\\Agus\\VSCode-win32-x64-1.103.2\\data\\extensions\\uqbar.wollok-lsp-ide-0.5.3\\out\\server\\src\\server.js:7:6378)\n    at Immediate._onImmediate (c:\\Users\\maval\\Downloads\\Agus\\VSCode-win32-x64-1.103.2\\data\\extensions\\uqbar.wollok-lsp-ide-0.5.3\\out\\server\\src\\server.js:7:6142)\n    at process.processImmediate (node:internal/timers:485:21)","timestamp":"2025-09-13T14:19:19.620Z"}
{"level":"info","message":"⌛ Building environment","timeElapsed":122,"timestamp":"2025-09-13T14:19:39.708Z"}
{"level":"info","message":"⌛ Validating example.wlk","timeElapsed":125,"timestamp":"2025-09-13T14:19:39.957Z"}
{"level":"info","message":"⌛ Validating example.wlk","timeElapsed":116,"timestamp":"2025-09-13T14:19:40.150Z"}
{"level":"info","message":"⌛ Building environment","timeElapsed":117,"timestamp":"2025-09-13T14:21:04.404Z"}
{"level":"info","message":"⌛ Validating pgmProgram.wpgm","timeElapsed":106,"timestamp":"2025-09-13T14:21:04.512Z"}
{"level":"info","message":"⌛ Validating pgmProgram.wpgm","timeElapsed":121,"timestamp":"2025-09-13T14:21:06.521Z"}
{"level":"error","message":"✘ Completions for node Send ([23:2, 23:19] - pgmProgram.wpgm) failed: Error: [Send]{e57230} at pgmProgram.wpgm:23 exhausted all cases without a match [Send]{e57230} at pgmProgram.wpgm:23 exhausted all cases without a match","stack":"Error: [Send]{e57230} at pgmProgram.wpgm:23 exhausted all cases without a match\n    at c:\\Users\\maval\\Downloads\\Agus\\VSCode-win32-x64-1.103.2\\data\\extensions\\uqbar.wollok-lsp-ide-0.5.3\\out\\server\\src\\server.js:38:6142\n    at D2 (c:\\Users\\maval\\Downloads\\Agus\\VSCode-win32-x64-1.103.2\\data\\extensions\\uqbar.wollok-lsp-ide-0.5.3\\out\\server\\src\\server.js:2384:42)\n    at Qh (c:\\Users\\maval\\Downloads\\Agus\\VSCode-win32-x64-1.103.2\\data\\extensions\\uqbar.wollok-lsp-ide-0.5.3\\out\\server\\src\\server.js:2384:1092)\n    at k6n (c:\\Users\\maval\\Downloads\\Agus\\VSCode-win32-x64-1.103.2\\data\\extensions\\uqbar.wollok-lsp-ide-0.5.3\\out\\server\\src\\server.js:2384:1248)\n    at c:\\Users\\maval\\Downloads\\Agus\\VSCode-win32-x64-1.103.2\\data\\extensions\\uqbar.wollok-lsp-ide-0.5.3\\out\\server\\src\\server.js:38:6131\n    at D2 (c:\\Users\\maval\\Downloads\\Agus\\VSCode-win32-x64-1.103.2\\data\\extensions\\uqbar.wollok-lsp-ide-0.5.3\\out\\server\\src\\server.js:2384:42)\n    at c:\\Users\\maval\\Downloads\\Agus\\VSCode-win32-x64-1.103.2\\data\\extensions\\uqbar.wollok-lsp-ide-0.5.3\\out\\server\\src\\server.js:2384:2988\n    at c:\\Users\\maval\\Downloads\\Agus\\VSCode-win32-x64-1.103.2\\data\\extensions\\uqbar.wollok-lsp-ide-0.5.3\\out\\server\\src\\server.js:2393:8440\n    at c:\\Users\\maval\\Downloads\\Agus\\VSCode-win32-x64-1.103.2\\data\\extensions\\uqbar.wollok-lsp-ide-0.5.3\\out\\server\\src\\server.js:37:74872\n    at Ye (c:\\Users\\maval\\Downloads\\Agus\\VSCode-win32-x64-1.103.2\\data\\extensions\\uqbar.wollok-lsp-ide-0.5.3\\out\\server\\src\\server.js:7:8527)","timestamp":"2025-09-13T14:21:45.487Z"}
{"level":"info","message":"⌛ Validating pgmProgram.wpgm","timeElapsed":126,"timestamp":"2025-09-13T14:21:45.614Z"}
{"level":"error","message":"✘ Completions for node Send ([23:2, 23:20] - pgmProgram.wpgm) failed: Error: [Send]{c557a5} at pgmProgram.wpgm:23 exhausted all cases without a match [Send]{c557a5} at pgmProgram.wpgm:23 exhausted all cases without a match","stack":"Error: [Send]{c557a5} at pgmProgram.wpgm:23 exhausted all cases without a match\n    at c:\\Users\\maval\\Downloads\\Agus\\VSCode-win32-x64-1.103.2\\data\\extensions\\uqbar.wollok-lsp-ide-0.5.3\\out\\server\\src\\server.js:38:6142\n    at D2 (c:\\Users\\maval\\Downloads\\Agus\\VSCode-win32-x64-1.103.2\\data\\extensions\\uqbar.wollok-lsp-ide-0.5.3\\out\\server\\src\\server.js:2384:42)\n    at Qh (c:\\Users\\maval\\Downloads\\Agus\\VSCode-win32-x64-1.103.2\\data\\extensions\\uqbar.wollok-lsp-ide-0.5.3\\out\\server\\src\\server.js:2384:1092)\n    at k6n (c:\\Users\\maval\\Downloads\\Agus\\VSCode-win32-x64-1.103.2\\data\\extensions\\uqbar.wollok-lsp-ide-0.5.3\\out\\server\\src\\server.js:2384:1248)\n    at c:\\Users\\maval\\Downloads\\Agus\\VSCode-win32-x64-1.103.2\\data\\extensions\\uqbar.wollok-lsp-ide-0.5.3\\out\\server\\src\\server.js:38:6131\n    at D2 (c:\\Users\\maval\\Downloads\\Agus\\VSCode-win32-x64-1.103.2\\data\\extensions\\uqbar.wollok-lsp-ide-0.5.3\\out\\server\\src\\server.js:2384:42)\n    at c:\\Users\\maval\\Downloads\\Agus\\VSCode-win32-x64-1.103.2\\data\\extensions\\uqbar.wollok-lsp-ide-0.5.3\\out\\server\\src\\server.js:2384:2988\n    at c:\\Users\\maval\\Downloads\\Agus\\VSCode-win32-x64-1.103.2\\data\\extensions\\uqbar.wollok-lsp-ide-0.5.3\\out\\server\\src\\server.js:2393:8440\n    at c:\\Users\\maval\\Downloads\\Agus\\VSCode-win32-x64-1.103.2\\data\\extensions\\uqbar.wollok-lsp-ide-0.5.3\\out\\server\\src\\server.js:37:74872\n    at Ye (c:\\Users\\maval\\Downloads\\Agus\\VSCode-win32-x64-1.103.2\\data\\extensions\\uqbar.wollok-lsp-ide-0.5.3\\out\\server\\src\\server.js:7:8527)","timestamp":"2025-09-13T14:21:45.685Z"}
{"level":"error","message":"✘ Completions for node Send ([23:2, 23:22] - pgmProgram.wpgm) failed: Error: [Send]{16ec45} at pgmProgram.wpgm:23 exhausted all cases without a match [Send]{16ec45} at pgmProgram.wpgm:23 exhausted all cases without a match","stack":"Error: [Send]{16ec45} at pgmProgram.wpgm:23 exhausted all cases without a match\n    at c:\\Users\\maval\\Downloads\\Agus\\VSCode-win32-x64-1.103.2\\data\\extensions\\uqbar.wollok-lsp-ide-0.5.3\\out\\server\\src\\server.js:38:6142\n    at D2 (c:\\Users\\maval\\Downloads\\Agus\\VSCode-win32-x64-1.103.2\\data\\extensions\\uqbar.wollok-lsp-ide-0.5.3\\out\\server\\src\\server.js:2384:42)\n    at Qh (c:\\Users\\maval\\Downloads\\Agus\\VSCode-win32-x64-1.103.2\\data\\extensions\\uqbar.wollok-lsp-ide-0.5.3\\out\\server\\src\\server.js:2384:1092)\n    at k6n (c:\\Users\\maval\\Downloads\\Agus\\VSCode-win32-x64-1.103.2\\data\\extensions\\uqbar.wollok-lsp-ide-0.5.3\\out\\server\\src\\server.js:2384:1248)\n    at c:\\Users\\maval\\Downloads\\Agus\\VSCode-win32-x64-1.103.2\\data\\extensions\\uqbar.wollok-lsp-ide-0.5.3\\out\\server\\src\\server.js:38:6131\n    at D2 (c:\\Users\\maval\\Downloads\\Agus\\VSCode-win32-x64-1.103.2\\data\\extensions\\uqbar.wollok-lsp-ide-0.5.3\\out\\server\\src\\server.js:2384:42)\n    at c:\\Users\\maval\\Downloads\\Agus\\VSCode-win32-x64-1.103.2\\data\\extensions\\uqbar.wollok-lsp-ide-0.5.3\\out\\server\\src\\server.js:2384:2988\n    at c:\\Users\\maval\\Downloads\\Agus\\VSCode-win32-x64-1.103.2\\data\\extensions\\uqbar.wollok-lsp-ide-0.5.3\\out\\server\\src\\server.js:2393:8440\n    at c:\\Users\\maval\\Downloads\\Agus\\VSCode-win32-x64-1.103.2\\data\\extensions\\uqbar.wollok-lsp-ide-0.5.3\\out\\server\\src\\server.js:37:74872\n    at Ye (c:\\Users\\maval\\Downloads\\Agus\\VSCode-win32-x64-1.103.2\\data\\extensions\\uqbar.wollok-lsp-ide-0.5.3\\out\\server\\src\\server.js:7:8527)","timestamp":"2025-09-13T14:21:45.974Z"}
{"level":"error","message":"✘ Completions for node Send ([23:2, 23:23] - pgmProgram.wpgm) failed: Error: [Send]{538a11} at pgmProgram.wpgm:23 exhausted all cases without a match [Send]{538a11} at pgmProgram.wpgm:23 exhausted all cases without a match","stack":"Error: [Send]{538a11} at pgmProgram.wpgm:23 exhausted all cases without a match\n    at c:\\Users\\maval\\Downloads\\Agus\\VSCode-win32-x64-1.103.2\\data\\extensions\\uqbar.wollok-lsp-ide-0.5.3\\out\\server\\src\\server.js:38:6142\n    at D2 (c:\\Users\\maval\\Downloads\\Agus\\VSCode-win32-x64-1.103.2\\data\\extensions\\uqbar.wollok-lsp-ide-0.5.3\\out\\server\\src\\server.js:2384:42)\n    at Qh (c:\\Users\\maval\\Downloads\\Agus\\VSCode-win32-x64-1.103.2\\data\\extensions\\uqbar.wollok-lsp-ide-0.5.3\\out\\server\\src\\server.js:2384:1092)\n    at k6n (c:\\Users\\maval\\Downloads\\Agus\\VSCode-win32-x64-1.103.2\\data\\extensions\\uqbar.wollok-lsp-ide-0.5.3\\out\\server\\src\\server.js:2384:1248)\n    at c:\\Users\\maval\\Downloads\\Agus\\VSCode-win32-x64-1.103.2\\data\\extensions\\uqbar.wollok-lsp-ide-0.5.3\\out\\server\\src\\server.js:38:6131\n    at D2 (c:\\Users\\maval\\Downloads\\Agus\\VSCode-win32-x64-1.103.2\\data\\extensions\\uqbar.wollok-lsp-ide-0.5.3\\out\\server\\src\\server.js:2384:42)\n    at c:\\Users\\maval\\Downloads\\Agus\\VSCode-win32-x64-1.103.2\\data\\extensions\\uqbar.wollok-lsp-ide-0.5.3\\out\\server\\src\\server.js:2384:2988\n    at c:\\Users\\maval\\Downloads\\Agus\\VSCode-win32-x64-1.103.2\\data\\extensions\\uqbar.wollok-lsp-ide-0.5.3\\out\\server\\src\\server.js:2393:8440\n    at c:\\Users\\maval\\Downloads\\Agus\\VSCode-win32-x64-1.103.2\\data\\extensions\\uqbar.wollok-lsp-ide-0.5.3\\out\\server\\src\\server.js:37:74872\n    at Ye (c:\\Users\\maval\\Downloads\\Agus\\VSCode-win32-x64-1.103.2\\data\\extensions\\uqbar.wollok-lsp-ide-0.5.3\\out\\server\\src\\server.js:7:8527)","timestamp":"2025-09-13T14:21:46.114Z"}
{"level":"error","message":"✘ Completions for node Send ([23:2, 23:24] - pgmProgram.wpgm) failed: Error: [Send]{97a98e} at pgmProgram.wpgm:23 exhausted all cases without a match [Send]{97a98e} at pgmProgram.wpgm:23 exhausted all cases without a match","stack":"Error: [Send]{97a98e} at pgmProgram.wpgm:23 exhausted all cases without a match\n    at c:\\Users\\maval\\Downloads\\Agus\\VSCode-win32-x64-1.103.2\\data\\extensions\\uqbar.wollok-lsp-ide-0.5.3\\out\\server\\src\\server.js:38:6142\n    at D2 (c:\\Users\\maval\\Downloads\\Agus\\VSCode-win32-x64-1.103.2\\data\\extensions\\uqbar.wollok-lsp-ide-0.5.3\\out\\server\\src\\server.js:2384:42)\n    at Qh (c:\\Users\\maval\\Downloads\\Agus\\VSCode-win32-x64-1.103.2\\data\\extensions\\uqbar.wollok-lsp-ide-0.5.3\\out\\server\\src\\server.js:2384:1092)\n    at k6n (c:\\Users\\maval\\Downloads\\Agus\\VSCode-win32-x64-1.103.2\\data\\extensions\\uqbar.wollok-lsp-ide-0.5.3\\out\\server\\src\\server.js:2384:1248)\n    at c:\\Users\\maval\\Downloads\\Agus\\VSCode-win32-x64-1.103.2\\data\\extensions\\uqbar.wollok-lsp-ide-0.5.3\\out\\server\\src\\server.js:38:6131\n    at D2 (c:\\Users\\maval\\Downloads\\Agus\\VSCode-win32-x64-1.103.2\\data\\extensions\\uqbar.wollok-lsp-ide-0.5.3\\out\\server\\src\\server.js:2384:42)\n    at c:\\Users\\maval\\Downloads\\Agus\\VSCode-win32-x64-1.103.2\\data\\extensions\\uqbar.wollok-lsp-ide-0.5.3\\out\\server\\src\\server.js:2384:2988\n    at c:\\Users\\maval\\Downloads\\Agus\\VSCode-win32-x64-1.103.2\\data\\extensions\\uqbar.wollok-lsp-ide-0.5.3\\out\\server\\src\\server.js:2393:8440\n    at c:\\Users\\maval\\Downloads\\Agus\\VSCode-win32-x64-1.103.2\\data\\extensions\\uqbar.wollok-lsp-ide-0.5.3\\out\\server\\src\\server.js:37:74872\n    at Ye (c:\\Users\\maval\\Downloads\\Agus\\VSCode-win32-x64-1.103.2\\data\\extensions\\uqbar.wollok-lsp-ide-0.5.3\\out\\server\\src\\server.js:7:8527)","timestamp":"2025-09-13T14:21:46.264Z"}
{"level":"error","message":"✘ Completions for node Send ([23:2, 23:25] - pgmProgram.wpgm) failed: Error: [Send]{3ca705} at pgmProgram.wpgm:23 exhausted all cases without a match [Send]{3ca705} at pgmProgram.wpgm:23 exhausted all cases without a match","stack":"Error: [Send]{3ca705} at pgmProgram.wpgm:23 exhausted all cases without a match\n    at c:\\Users\\maval\\Downloads\\Agus\\VSCode-win32-x64-1.103.2\\data\\extensions\\uqbar.wollok-lsp-ide-0.5.3\\out\\server\\src\\server.js:38:6142\n    at D2 (c:\\Users\\maval\\Downloads\\Agus\\VSCode-win32-x64-1.103.2\\data\\extensions\\uqbar.wollok-lsp-ide-0.5.3\\out\\server\\src\\server.js:2384:42)\n    at Qh (c:\\Users\\maval\\Downloads\\Agus\\VSCode-win32-x64-1.103.2\\data\\extensions\\uqbar.wollok-lsp-ide-0.5.3\\out\\server\\src\\server.js:2384:1092)\n    at k6n (c:\\Users\\maval\\Downloads\\Agus\\VSCode-win32-x64-1.103.2\\data\\extensions\\uqbar.wollok-lsp-ide-0.5.3\\out\\server\\src\\server.js:2384:1248)\n    at c:\\Users\\maval\\Downloads\\Agus\\VSCode-win32-x64-1.103.2\\data\\extensions\\uqbar.wollok-lsp-ide-0.5.3\\out\\server\\src\\server.js:38:6131\n    at D2 (c:\\Users\\maval\\Downloads\\Agus\\VSCode-win32-x64-1.103.2\\data\\extensions\\uqbar.wollok-lsp-ide-0.5.3\\out\\server\\src\\server.js:2384:42)\n    at c:\\Users\\maval\\Downloads\\Agus\\VSCode-win32-x64-1.103.2\\data\\extensions\\uqbar.wollok-lsp-ide-0.5.3\\out\\server\\src\\server.js:2384:2988\n    at c:\\Users\\maval\\Downloads\\Agus\\VSCode-win32-x64-1.103.2\\data\\extensions\\uqbar.wollok-lsp-ide-0.5.3\\out\\server\\src\\server.js:2393:8440\n    at c:\\Users\\maval\\Downloads\\Agus\\VSCode-win32-x64-1.103.2\\data\\extensions\\uqbar.wollok-lsp-ide-0.5.3\\out\\server\\src\\server.js:37:74872\n    at Ye (c:\\Users\\maval\\Downloads\\Agus\\VSCode-win32-x64-1.103.2\\data\\extensions\\uqbar.wollok-lsp-ide-0.5.3\\out\\server\\src\\server.js:7:8527)","timestamp":"2025-09-13T14:21:46.558Z"}
{"level":"error","message":"✘ Completions for node Send ([23:2, 23:26] - pgmProgram.wpgm) failed: Error: [Send]{251fa1} at pgmProgram.wpgm:23 exhausted all cases without a match [Send]{251fa1} at pgmProgram.wpgm:23 exhausted all cases without a match","stack":"Error: [Send]{251fa1} at pgmProgram.wpgm:23 exhausted all cases without a match\n    at c:\\Users\\maval\\Downloads\\Agus\\VSCode-win32-x64-1.103.2\\data\\extensions\\uqbar.wollok-lsp-ide-0.5.3\\out\\server\\src\\server.js:38:6142\n    at D2 (c:\\Users\\maval\\Downloads\\Agus\\VSCode-win32-x64-1.103.2\\data\\extensions\\uqbar.wollok-lsp-ide-0.5.3\\out\\server\\src\\server.js:2384:42)\n    at Qh (c:\\Users\\maval\\Downloads\\Agus\\VSCode-win32-x64-1.103.2\\data\\extensions\\uqbar.wollok-lsp-ide-0.5.3\\out\\server\\src\\server.js:2384:1092)\n    at k6n (c:\\Users\\maval\\Downloads\\Agus\\VSCode-win32-x64-1.103.2\\data\\extensions\\uqbar.wollok-lsp-ide-0.5.3\\out\\server\\src\\server.js:2384:1248)\n    at c:\\Users\\maval\\Downloads\\Agus\\VSCode-win32-x64-1.103.2\\data\\extensions\\uqbar.wollok-lsp-ide-0.5.3\\out\\server\\src\\server.js:38:6131\n    at D2 (c:\\Users\\maval\\Downloads\\Agus\\VSCode-win32-x64-1.103.2\\data\\extensions\\uqbar.wollok-lsp-ide-0.5.3\\out\\server\\src\\server.js:2384:42)\n    at c:\\Users\\maval\\Downloads\\Agus\\VSCode-win32-x64-1.103.2\\data\\extensions\\uqbar.wollok-lsp-ide-0.5.3\\out\\server\\src\\server.js:2384:2988\n    at c:\\Users\\maval\\Downloads\\Agus\\VSCode-win32-x64-1.103.2\\data\\extensions\\uqbar.wollok-lsp-ide-0.5.3\\out\\server\\src\\server.js:2393:8440\n    at c:\\Users\\maval\\Downloads\\Agus\\VSCode-win32-x64-1.103.2\\data\\extensions\\uqbar.wollok-lsp-ide-0.5.3\\out\\server\\src\\server.js:37:74872\n    at Ye (c:\\Users\\maval\\Downloads\\Agus\\VSCode-win32-x64-1.103.2\\data\\extensions\\uqbar.wollok-lsp-ide-0.5.3\\out\\server\\src\\server.js:7:8527)","timestamp":"2025-09-13T14:21:46.712Z"}
{"level":"error","message":"✘ Completions for node Send ([23:2, 23:27] - pgmProgram.wpgm) failed: Error: [Send]{d7ad2b} at pgmProgram.wpgm:23 exhausted all cases without a match [Send]{d7ad2b} at pgmProgram.wpgm:23 exhausted all cases without a match","stack":"Error: [Send]{d7ad2b} at pgmProgram.wpgm:23 exhausted all cases without a match\n    at c:\\Users\\maval\\Downloads\\Agus\\VSCode-win32-x64-1.103.2\\data\\extensions\\uqbar.wollok-lsp-ide-0.5.3\\out\\server\\src\\server.js:38:6142\n    at D2 (c:\\Users\\maval\\Downloads\\Agus\\VSCode-win32-x64-1.103.2\\data\\extensions\\uqbar.wollok-lsp-ide-0.5.3\\out\\server\\src\\server.js:2384:42)\n    at Qh (c:\\Users\\maval\\Downloads\\Agus\\VSCode-win32-x64-1.103.2\\data\\extensions\\uqbar.wollok-lsp-ide-0.5.3\\out\\server\\src\\server.js:2384:1092)\n    at k6n (c:\\Users\\maval\\Downloads\\Agus\\VSCode-win32-x64-1.103.2\\data\\extensions\\uqbar.wollok-lsp-ide-0.5.3\\out\\server\\src\\server.js:2384:1248)\n    at c:\\Users\\maval\\Downloads\\Agus\\VSCode-win32-x64-1.103.2\\data\\extensions\\uqbar.wollok-lsp-ide-0.5.3\\out\\server\\src\\server.js:38:6131\n    at D2 (c:\\Users\\maval\\Downloads\\Agus\\VSCode-win32-x64-1.103.2\\data\\extensions\\uqbar.wollok-lsp-ide-0.5.3\\out\\server\\src\\server.js:2384:42)\n    at c:\\Users\\maval\\Downloads\\Agus\\VSCode-win32-x64-1.103.2\\data\\extensions\\uqbar.wollok-lsp-ide-0.5.3\\out\\server\\src\\server.js:2384:2988\n    at c:\\Users\\maval\\Downloads\\Agus\\VSCode-win32-x64-1.103.2\\data\\extensions\\uqbar.wollok-lsp-ide-0.5.3\\out\\server\\src\\server.js:2393:8440\n    at c:\\Users\\maval\\Downloads\\Agus\\VSCode-win32-x64-1.103.2\\data\\extensions\\uqbar.wollok-lsp-ide-0.5.3\\out\\server\\src\\server.js:37:74872\n    at Ye (c:\\Users\\maval\\Downloads\\Agus\\VSCode-win32-x64-1.103.2\\data\\extensions\\uqbar.wollok-lsp-ide-0.5.3\\out\\server\\src\\server.js:7:8527)","timestamp":"2025-09-13T14:21:47.150Z"}
{"level":"error","message":"✘ Completions for node Send ([23:2, 23:28] - pgmProgram.wpgm) failed: Error: [Send]{54e631} at pgmProgram.wpgm:23 exhausted all cases without a match [Send]{54e631} at pgmProgram.wpgm:23 exhausted all cases without a match","stack":"Error: [Send]{54e631} at pgmProgram.wpgm:23 exhausted all cases without a match\n    at c:\\Users\\maval\\Downloads\\Agus\\VSCode-win32-x64-1.103.2\\data\\extensions\\uqbar.wollok-lsp-ide-0.5.3\\out\\server\\src\\server.js:38:6142\n    at D2 (c:\\Users\\maval\\Downloads\\Agus\\VSCode-win32-x64-1.103.2\\data\\extensions\\uqbar.wollok-lsp-ide-0.5.3\\out\\server\\src\\server.js:2384:42)\n    at Qh (c:\\Users\\maval\\Downloads\\Agus\\VSCode-win32-x64-1.103.2\\data\\extensions\\uqbar.wollok-lsp-ide-0.5.3\\out\\server\\src\\server.js:2384:1092)\n    at k6n (c:\\Users\\maval\\Downloads\\Agus\\VSCode-win32-x64-1.103.2\\data\\extensions\\uqbar.wollok-lsp-ide-0.5.3\\out\\server\\src\\server.js:2384:1248)\n    at c:\\Users\\maval\\Downloads\\Agus\\VSCode-win32-x64-1.103.2\\data\\extensions\\uqbar.wollok-lsp-ide-0.5.3\\out\\server\\src\\server.js:38:6131\n    at D2 (c:\\Users\\maval\\Downloads\\Agus\\VSCode-win32-x64-1.103.2\\data\\extensions\\uqbar.wollok-lsp-ide-0.5.3\\out\\server\\src\\server.js:2384:42)\n    at c:\\Users\\maval\\Downloads\\Agus\\VSCode-win32-x64-1.103.2\\data\\extensions\\uqbar.wollok-lsp-ide-0.5.3\\out\\server\\src\\server.js:2384:2988\n    at c:\\Users\\maval\\Downloads\\Agus\\VSCode-win32-x64-1.103.2\\data\\extensions\\uqbar.wollok-lsp-ide-0.5.3\\out\\server\\src\\server.js:2393:8440\n    at c:\\Users\\maval\\Downloads\\Agus\\VSCode-win32-x64-1.103.2\\data\\extensions\\uqbar.wollok-lsp-ide-0.5.3\\out\\server\\src\\server.js:37:74872\n    at Ye (c:\\Users\\maval\\Downloads\\Agus\\VSCode-win32-x64-1.103.2\\data\\extensions\\uqbar.wollok-lsp-ide-0.5.3\\out\\server\\src\\server.js:7:8527)","timestamp":"2025-09-13T14:21:47.380Z"}
{"level":"error","message":"✘ Completions for node Send ([23:2, 23:29] - pgmProgram.wpgm) failed: Error: [Send]{347880} at pgmProgram.wpgm:23 exhausted all cases without a match [Send]{347880} at pgmProgram.wpgm:23 exhausted all cases without a match","stack":"Error: [Send]{347880} at pgmProgram.wpgm:23 exhausted all cases without a match\n    at c:\\Users\\maval\\Downloads\\Agus\\VSCode-win32-x64-1.103.2\\data\\extensions\\uqbar.wollok-lsp-ide-0.5.3\\out\\server\\src\\server.js:38:6142\n    at D2 (c:\\Users\\maval\\Downloads\\Agus\\VSCode-win32-x64-1.103.2\\data\\extensions\\uqbar.wollok-lsp-ide-0.5.3\\out\\server\\src\\server.js:2384:42)\n    at Qh (c:\\Users\\maval\\Downloads\\Agus\\VSCode-win32-x64-1.103.2\\data\\extensions\\uqbar.wollok-lsp-ide-0.5.3\\out\\server\\src\\server.js:2384:1092)\n    at k6n (c:\\Users\\maval\\Downloads\\Agus\\VSCode-win32-x64-1.103.2\\data\\extensions\\uqbar.wollok-lsp-ide-0.5.3\\out\\server\\src\\server.js:2384:1248)\n    at c:\\Users\\maval\\Downloads\\Agus\\VSCode-win32-x64-1.103.2\\data\\extensions\\uqbar.wollok-lsp-ide-0.5.3\\out\\server\\src\\server.js:38:6131\n    at D2 (c:\\Users\\maval\\Downloads\\Agus\\VSCode-win32-x64-1.103.2\\data\\extensions\\uqbar.wollok-lsp-ide-0.5.3\\out\\server\\src\\server.js:2384:42)\n    at c:\\Users\\maval\\Downloads\\Agus\\VSCode-win32-x64-1.103.2\\data\\extensions\\uqbar.wollok-lsp-ide-0.5.3\\out\\server\\src\\server.js:2384:2988\n    at c:\\Users\\maval\\Downloads\\Agus\\VSCode-win32-x64-1.103.2\\data\\extensions\\uqbar.wollok-lsp-ide-0.5.3\\out\\server\\src\\server.js:2393:8440\n    at c:\\Users\\maval\\Downloads\\Agus\\VSCode-win32-x64-1.103.2\\data\\extensions\\uqbar.wollok-lsp-ide-0.5.3\\out\\server\\src\\server.js:37:74872\n    at Ye (c:\\Users\\maval\\Downloads\\Agus\\VSCode-win32-x64-1.103.2\\data\\extensions\\uqbar.wollok-lsp-ide-0.5.3\\out\\server\\src\\server.js:7:8527)","timestamp":"2025-09-13T14:21:47.565Z"}
{"level":"error","message":"✘ Completions for node Send ([24:1, 24:27] - pgmProgram.wpgm) failed: Error: [Send]{8d411d} at pgmProgram.wpgm:24 exhausted all cases without a match [Send]{8d411d} at pgmProgram.wpgm:24 exhausted all cases without a match","stack":"Error: [Send]{8d411d} at pgmProgram.wpgm:24 exhausted all cases without a match\n    at c:\\Users\\maval\\Downloads\\Agus\\VSCode-win32-x64-1.103.2\\data\\extensions\\uqbar.wollok-lsp-ide-0.5.3\\out\\server\\src\\server.js:38:6142\n    at D2 (c:\\Users\\maval\\Downloads\\Agus\\VSCode-win32-x64-1.103.2\\data\\extensions\\uqbar.wollok-lsp-ide-0.5.3\\out\\server\\src\\server.js:2384:42)\n    at Qh (c:\\Users\\maval\\Downloads\\Agus\\VSCode-win32-x64-1.103.2\\data\\extensions\\uqbar.wollok-lsp-ide-0.5.3\\out\\server\\src\\server.js:2384:1092)\n    at k6n (c:\\Users\\maval\\Downloads\\Agus\\VSCode-win32-x64-1.103.2\\data\\extensions\\uqbar.wollok-lsp-ide-0.5.3\\out\\server\\src\\server.js:2384:1248)\n    at c:\\Users\\maval\\Downloads\\Agus\\VSCode-win32-x64-1.103.2\\data\\extensions\\uqbar.wollok-lsp-ide-0.5.3\\out\\server\\src\\server.js:38:6131\n    at D2 (c:\\Users\\maval\\Downloads\\Agus\\VSCode-win32-x64-1.103.2\\data\\extensions\\uqbar.wollok-lsp-ide-0.5.3\\out\\server\\src\\server.js:2384:42)\n    at c:\\Users\\maval\\Downloads\\Agus\\VSCode-win32-x64-1.103.2\\data\\extensions\\uqbar.wollok-lsp-ide-0.5.3\\out\\server\\src\\server.js:2384:2988\n    at c:\\Users\\maval\\Downloads\\Agus\\VSCode-win32-x64-1.103.2\\data\\extensions\\uqbar.wollok-lsp-ide-0.5.3\\out\\server\\src\\server.js:2393:8440\n    at c:\\Users\\maval\\Downloads\\Agus\\VSCode-win32-x64-1.103.2\\data\\extensions\\uqbar.wollok-lsp-ide-0.5.3\\out\\server\\src\\server.js:37:74872\n    at Ye (c:\\Users\\maval\\Downloads\\Agus\\VSCode-win32-x64-1.103.2\\data\\extensions\\uqbar.wollok-lsp-ide-0.5.3\\out\\server\\src\\server.js:7:8527)","timestamp":"2025-09-13T14:22:00.506Z"}
{"level":"error","message":"✘ Completions for node Send ([24:1, 24:28] - pgmProgram.wpgm) failed: Error: [Send]{0c2b7e} at pgmProgram.wpgm:24 exhausted all cases without a match [Send]{0c2b7e} at pgmProgram.wpgm:24 exhausted all cases without a match","stack":"Error: [Send]{0c2b7e} at pgmProgram.wpgm:24 exhausted all cases without a match\n    at c:\\Users\\maval\\Downloads\\Agus\\VSCode-win32-x64-1.103.2\\data\\extensions\\uqbar.wollok-lsp-ide-0.5.3\\out\\server\\src\\server.js:38:6142\n    at D2 (c:\\Users\\maval\\Downloads\\Agus\\VSCode-win32-x64-1.103.2\\data\\extensions\\uqbar.wollok-lsp-ide-0.5.3\\out\\server\\src\\server.js:2384:42)\n    at Qh (c:\\Users\\maval\\Downloads\\Agus\\VSCode-win32-x64-1.103.2\\data\\extensions\\uqbar.wollok-lsp-ide-0.5.3\\out\\server\\src\\server.js:2384:1092)\n    at k6n (c:\\Users\\maval\\Downloads\\Agus\\VSCode-win32-x64-1.103.2\\data\\extensions\\uqbar.wollok-lsp-ide-0.5.3\\out\\server\\src\\server.js:2384:1248)\n    at c:\\Users\\maval\\Downloads\\Agus\\VSCode-win32-x64-1.103.2\\data\\extensions\\uqbar.wollok-lsp-ide-0.5.3\\out\\server\\src\\server.js:38:6131\n    at D2 (c:\\Users\\maval\\Downloads\\Agus\\VSCode-win32-x64-1.103.2\\data\\extensions\\uqbar.wollok-lsp-ide-0.5.3\\out\\server\\src\\server.js:2384:42)\n    at c:\\Users\\maval\\Downloads\\Agus\\VSCode-win32-x64-1.103.2\\data\\extensions\\uqbar.wollok-lsp-ide-0.5.3\\out\\server\\src\\server.js:2384:2988\n    at c:\\Users\\maval\\Downloads\\Agus\\VSCode-win32-x64-1.103.2\\data\\extensions\\uqbar.wollok-lsp-ide-0.5.3\\out\\server\\src\\server.js:2393:8440\n    at c:\\Users\\maval\\Downloads\\Agus\\VSCode-win32-x64-1.103.2\\data\\extensions\\uqbar.wollok-lsp-ide-0.5.3\\out\\server\\src\\server.js:37:74872\n    at Ye (c:\\Users\\maval\\Downloads\\Agus\\VSCode-win32-x64-1.103.2\\data\\extensions\\uqbar.wollok-lsp-ide-0.5.3\\out\\server\\src\\server.js:7:8527)","timestamp":"2025-09-13T14:22:00.636Z"}
{"level":"error","message":"✘ Completions for node Send ([24:1, 24:29] - pgmProgram.wpgm) failed: Error: [Send]{2a21d2} at pgmProgram.wpgm:24 exhausted all cases without a match [Send]{2a21d2} at pgmProgram.wpgm:24 exhausted all cases without a match","stack":"Error: [Send]{2a21d2} at pgmProgram.wpgm:24 exhausted all cases without a match\n    at c:\\Users\\maval\\Downloads\\Agus\\VSCode-win32-x64-1.103.2\\data\\extensions\\uqbar.wollok-lsp-ide-0.5.3\\out\\server\\src\\server.js:38:6142\n    at D2 (c:\\Users\\maval\\Downloads\\Agus\\VSCode-win32-x64-1.103.2\\data\\extensions\\uqbar.wollok-lsp-ide-0.5.3\\out\\server\\src\\server.js:2384:42)\n    at Qh (c:\\Users\\maval\\Downloads\\Agus\\VSCode-win32-x64-1.103.2\\data\\extensions\\uqbar.wollok-lsp-ide-0.5.3\\out\\server\\src\\server.js:2384:1092)\n    at k6n (c:\\Users\\maval\\Downloads\\Agus\\VSCode-win32-x64-1.103.2\\data\\extensions\\uqbar.wollok-lsp-ide-0.5.3\\out\\server\\src\\server.js:2384:1248)\n    at c:\\Users\\maval\\Downloads\\Agus\\VSCode-win32-x64-1.103.2\\data\\extensions\\uqbar.wollok-lsp-ide-0.5.3\\out\\server\\src\\server.js:38:6131\n    at D2 (c:\\Users\\maval\\Downloads\\Agus\\VSCode-win32-x64-1.103.2\\data\\extensions\\uqbar.wollok-lsp-ide-0.5.3\\out\\server\\src\\server.js:2384:42)\n    at c:\\Users\\maval\\Downloads\\Agus\\VSCode-win32-x64-1.103.2\\data\\extensions\\uqbar.wollok-lsp-ide-0.5.3\\out\\server\\src\\server.js:2384:2988\n    at c:\\Users\\maval\\Downloads\\Agus\\VSCode-win32-x64-1.103.2\\data\\extensions\\uqbar.wollok-lsp-ide-0.5.3\\out\\server\\src\\server.js:2393:8440\n    at c:\\Users\\maval\\Downloads\\Agus\\VSCode-win32-x64-1.103.2\\data\\extensions\\uqbar.wollok-lsp-ide-0.5.3\\out\\server\\src\\server.js:37:74872\n    at Ye (c:\\Users\\maval\\Downloads\\Agus\\VSCode-win32-x64-1.103.2\\data\\extensions\\uqbar.wollok-lsp-ide-0.5.3\\out\\server\\src\\server.js:7:8527)","timestamp":"2025-09-13T14:22:00.978Z"}
{"level":"error","message":"✘ Completions for node Send ([24:1, 24:30] - pgmProgram.wpgm) failed: Error: [Send]{5429a4} at pgmProgram.wpgm:24 exhausted all cases without a match [Send]{5429a4} at pgmProgram.wpgm:24 exhausted all cases without a match","stack":"Error: [Send]{5429a4} at pgmProgram.wpgm:24 exhausted all cases without a match\n    at c:\\Users\\maval\\Downloads\\Agus\\VSCode-win32-x64-1.103.2\\data\\extensions\\uqbar.wollok-lsp-ide-0.5.3\\out\\server\\src\\server.js:38:6142\n    at D2 (c:\\Users\\maval\\Downloads\\Agus\\VSCode-win32-x64-1.103.2\\data\\extensions\\uqbar.wollok-lsp-ide-0.5.3\\out\\server\\src\\server.js:2384:42)\n    at Qh (c:\\Users\\maval\\Downloads\\Agus\\VSCode-win32-x64-1.103.2\\data\\extensions\\uqbar.wollok-lsp-ide-0.5.3\\out\\server\\src\\server.js:2384:1092)\n    at k6n (c:\\Users\\maval\\Downloads\\Agus\\VSCode-win32-x64-1.103.2\\data\\extensions\\uqbar.wollok-lsp-ide-0.5.3\\out\\server\\src\\server.js:2384:1248)\n    at c:\\Users\\maval\\Downloads\\Agus\\VSCode-win32-x64-1.103.2\\data\\extensions\\uqbar.wollok-lsp-ide-0.5.3\\out\\server\\src\\server.js:38:6131\n    at D2 (c:\\Users\\maval\\Downloads\\Agus\\VSCode-win32-x64-1.103.2\\data\\extensions\\uqbar.wollok-lsp-ide-0.5.3\\out\\server\\src\\server.js:2384:42)\n    at c:\\Users\\maval\\Downloads\\Agus\\VSCode-win32-x64-1.103.2\\data\\extensions\\uqbar.wollok-lsp-ide-0.5.3\\out\\server\\src\\server.js:2384:2988\n    at c:\\Users\\maval\\Downloads\\Agus\\VSCode-win32-x64-1.103.2\\data\\extensions\\uqbar.wollok-lsp-ide-0.5.3\\out\\server\\src\\server.js:2393:8440\n    at c:\\Users\\maval\\Downloads\\Agus\\VSCode-win32-x64-1.103.2\\data\\extensions\\uqbar.wollok-lsp-ide-0.5.3\\out\\server\\src\\server.js:37:74872\n    at Ye (c:\\Users\\maval\\Downloads\\Agus\\VSCode-win32-x64-1.103.2\\data\\extensions\\uqbar.wollok-lsp-ide-0.5.3\\out\\server\\src\\server.js:7:8527)","timestamp":"2025-09-13T14:22:01.126Z"}
{"level":"error","message":"✘ Completions for node Send ([24:1, 24:31] - pgmProgram.wpgm) failed: Error: [Send]{ea5710} at pgmProgram.wpgm:24 exhausted all cases without a match [Send]{ea5710} at pgmProgram.wpgm:24 exhausted all cases without a match","stack":"Error: [Send]{ea5710} at pgmProgram.wpgm:24 exhausted all cases without a match\n    at c:\\Users\\maval\\Downloads\\Agus\\VSCode-win32-x64-1.103.2\\data\\extensions\\uqbar.wollok-lsp-ide-0.5.3\\out\\server\\src\\server.js:38:6142\n    at D2 (c:\\Users\\maval\\Downloads\\Agus\\VSCode-win32-x64-1.103.2\\data\\extensions\\uqbar.wollok-lsp-ide-0.5.3\\out\\server\\src\\server.js:2384:42)\n    at Qh (c:\\Users\\maval\\Downloads\\Agus\\VSCode-win32-x64-1.103.2\\data\\extensions\\uqbar.wollok-lsp-ide-0.5.3\\out\\server\\src\\server.js:2384:1092)\n    at k6n (c:\\Users\\maval\\Downloads\\Agus\\VSCode-win32-x64-1.103.2\\data\\extensions\\uqbar.wollok-lsp-ide-0.5.3\\out\\server\\src\\server.js:2384:1248)\n    at c:\\Users\\maval\\Downloads\\Agus\\VSCode-win32-x64-1.103.2\\data\\extensions\\uqbar.wollok-lsp-ide-0.5.3\\out\\server\\src\\server.js:38:6131\n    at D2 (c:\\Users\\maval\\Downloads\\Agus\\VSCode-win32-x64-1.103.2\\data\\extensions\\uqbar.wollok-lsp-ide-0.5.3\\out\\server\\src\\server.js:2384:42)\n    at c:\\Users\\maval\\Downloads\\Agus\\VSCode-win32-x64-1.103.2\\data\\extensions\\uqbar.wollok-lsp-ide-0.5.3\\out\\server\\src\\server.js:2384:2988\n    at c:\\Users\\maval\\Downloads\\Agus\\VSCode-win32-x64-1.103.2\\data\\extensions\\uqbar.wollok-lsp-ide-0.5.3\\out\\server\\src\\server.js:2393:8440\n    at c:\\Users\\maval\\Downloads\\Agus\\VSCode-win32-x64-1.103.2\\data\\extensions\\uqbar.wollok-lsp-ide-0.5.3\\out\\server\\src\\server.js:37:74872\n    at Ye (c:\\Users\\maval\\Downloads\\Agus\\VSCode-win32-x64-1.103.2\\data\\extensions\\uqbar.wollok-lsp-ide-0.5.3\\out\\server\\src\\server.js:7:8527)","timestamp":"2025-09-13T14:22:01.389Z"}
{"level":"info","message":"⌛ Validating pgmProgram.wpgm","timeElapsed":103,"timestamp":"2025-09-13T14:22:01.498Z"}
{"level":"info","message":"⌛ Building environment","timeElapsed":126,"timestamp":"2025-09-13T14:30:51.539Z"}
{"level":"info","message":"⌛ Validating pgmProgram.wpgm","timeElapsed":111,"timestamp":"2025-09-13T14:30:51.651Z"}
{"level":"info","message":"⌛ Validating pgmProgram.wpgm","timeElapsed":107,"timestamp":"2025-09-13T14:30:51.813Z"}
{"level":"info","message":"⌛ Validating example.wlk","timeElapsed":102,"timestamp":"2025-09-13T14:37:24.742Z"}
{"level":"info","message":"⌛ Validating example.wlk","timeElapsed":102,"timestamp":"2025-09-13T14:37:24.921Z"}
{"level":"info","message":"⌛ Building environment","timeElapsed":109,"timestamp":"2025-09-13T14:37:25.728Z"}
{"level":"error","message":"✘ Failed to rebuild document Failed to parse example.wlk: \n-- PARSING FAILED --------------------------------------------------\n\n  51 | \n  52 | \n> 53 | }\n     | ^\n  54 | \n  55 | object cherry {\n\nExpected one of the following: \n\n'@', 'class', 'const', 'describe', 'mixin', 'object', 'only', 'package', 'program', 'test', 'var', '{', EOF, comment, not \"}\r\n\r\n\", whitespace\n","stack":"Error: Failed to parse example.wlk: \n-- PARSING FAILED --------------------------------------------------\n\n  51 | \n  52 | \n> 53 | }\n     | ^\n  54 | \n  55 | object cherry {\n\nExpected one of the following: \n\n'@', 'class', 'const', 'describe', 'mixin', 'object', 'only', 'package', 'program', 'test', 'var', '{', EOF, comment, not \"}\r\n\r\n\", whitespace\n\n    at c:\\Users\\maval\\Downloads\\Agus\\VSCode-win32-x64-1.103.2\\data\\extensions\\uqbar.wollok-lsp-ide-0.5.3\\out\\server\\src\\server.js:2348:13026\n    at Array.map (<anonymous>)\n    at W1n (c:\\Users\\maval\\Downloads\\Agus\\VSCode-win32-x64-1.103.2\\data\\extensions\\uqbar.wollok-lsp-ide-0.5.3\\out\\server\\src\\server.js:2348:12950)\n    at U2.buildEnvironmentFrom (c:\\Users\\maval\\Downloads\\Agus\\VSCode-win32-x64-1.103.2\\data\\extensions\\uqbar.wollok-lsp-ide-0.5.3\\out\\server\\src\\server.js:2393:5254)\n    at U2.updateEnvironmentWith (c:\\Users\\maval\\Downloads\\Agus\\VSCode-win32-x64-1.103.2\\data\\extensions\\uqbar.wollok-lsp-ide-0.5.3\\out\\server\\src\\server.js:2393:4989)\n    at JF (c:\\Users\\maval\\Downloads\\Agus\\VSCode-win32-x64-1.103.2\\data\\extensions\\uqbar.wollok-lsp-ide-0.5.3\\out\\server\\src\\server.js:2393:7383)\n    at F3.invoke (c:\\Users\\maval\\Downloads\\Agus\\VSCode-win32-x64-1.103.2\\data\\extensions\\uqbar.wollok-lsp-ide-0.5.3\\out\\server\\src\\server.js:3:157334)\n    at o.fire (c:\\Users\\maval\\Downloads\\Agus\\VSCode-win32-x64-1.103.2\\data\\extensions\\uqbar.wollok-lsp-ide-0.5.3\\out\\server\\src\\server.js:3:158104)\n    at c:\\Users\\maval\\Downloads\\Agus\\VSCode-win32-x64-1.103.2\\data\\extensions\\uqbar.wollok-lsp-ide-0.5.3\\out\\server\\src\\server.js:37:57871\n    at Zr (c:\\Users\\maval\\Downloads\\Agus\\VSCode-win32-x64-1.103.2\\data\\extensions\\uqbar.wollok-lsp-ide-0.5.3\\out\\server\\src\\server.js:8:1561)","timestamp":"2025-09-13T14:37:30.308Z"}
{"level":"error","message":"✘ Failed to rebuild document Failed to parse example.wlk: \n-- PARSING FAILED --------------------------------------------------\n\n  51 | \n  52 | \n> 53 | }\n     | ^\n  54 | \n  55 | object cherry {\n\nExpected one of the following: \n\n'@', 'class', 'const', 'describe', 'mixin', 'object', 'only', 'package', 'program', 'test', 'var', '{', EOF, comment, not \"}\r\n\r\n\", whitespace\n","stack":"Error: Failed to parse example.wlk: \n-- PARSING FAILED --------------------------------------------------\n\n  51 | \n  52 | \n> 53 | }\n     | ^\n  54 | \n  55 | object cherry {\n\nExpected one of the following: \n\n'@', 'class', 'const', 'describe', 'mixin', 'object', 'only', 'package', 'program', 'test', 'var', '{', EOF, comment, not \"}\r\n\r\n\", whitespace\n\n    at c:\\Users\\maval\\Downloads\\Agus\\VSCode-win32-x64-1.103.2\\data\\extensions\\uqbar.wollok-lsp-ide-0.5.3\\out\\server\\src\\server.js:2348:13026\n    at Array.map (<anonymous>)\n    at W1n (c:\\Users\\maval\\Downloads\\Agus\\VSCode-win32-x64-1.103.2\\data\\extensions\\uqbar.wollok-lsp-ide-0.5.3\\out\\server\\src\\server.js:2348:12950)\n    at U2.buildEnvironmentFrom (c:\\Users\\maval\\Downloads\\Agus\\VSCode-win32-x64-1.103.2\\data\\extensions\\uqbar.wollok-lsp-ide-0.5.3\\out\\server\\src\\server.js:2393:5254)\n    at U2.updateEnvironmentWith (c:\\Users\\maval\\Downloads\\Agus\\VSCode-win32-x64-1.103.2\\data\\extensions\\uqbar.wollok-lsp-ide-0.5.3\\out\\server\\src\\server.js:2393:4989)\n    at JF (c:\\Users\\maval\\Downloads\\Agus\\VSCode-win32-x64-1.103.2\\data\\extensions\\uqbar.wollok-lsp-ide-0.5.3\\out\\server\\src\\server.js:2393:7383)\n    at F3.invoke (c:\\Users\\maval\\Downloads\\Agus\\VSCode-win32-x64-1.103.2\\data\\extensions\\uqbar.wollok-lsp-ide-0.5.3\\out\\server\\src\\server.js:3:157334)\n    at o.fire (c:\\Users\\maval\\Downloads\\Agus\\VSCode-win32-x64-1.103.2\\data\\extensions\\uqbar.wollok-lsp-ide-0.5.3\\out\\server\\src\\server.js:3:158104)\n    at c:\\Users\\maval\\Downloads\\Agus\\VSCode-win32-x64-1.103.2\\data\\extensions\\uqbar.wollok-lsp-ide-0.5.3\\out\\server\\src\\server.js:37:57871\n    at Zr (c:\\Users\\maval\\Downloads\\Agus\\VSCode-win32-x64-1.103.2\\data\\extensions\\uqbar.wollok-lsp-ide-0.5.3\\out\\server\\src\\server.js:8:1561)","timestamp":"2025-09-13T14:37:30.625Z"}
{"level":"error","message":"✘ Completions for node Return (undefined - example.wlk) failed: Error: [Return]{80cd81} at example.wlk:-- exhausted all cases without a match [Return]{80cd81} at example.wlk:-- exhausted all cases without a match","stack":"Error: [Return]{80cd81} at example.wlk:-- exhausted all cases without a match\n    at c:\\Users\\maval\\Downloads\\Agus\\VSCode-win32-x64-1.103.2\\data\\extensions\\uqbar.wollok-lsp-ide-0.5.3\\out\\server\\src\\server.js:38:6142\n    at D2 (c:\\Users\\maval\\Downloads\\Agus\\VSCode-win32-x64-1.103.2\\data\\extensions\\uqbar.wollok-lsp-ide-0.5.3\\out\\server\\src\\server.js:2384:42)\n    at Qh (c:\\Users\\maval\\Downloads\\Agus\\VSCode-win32-x64-1.103.2\\data\\extensions\\uqbar.wollok-lsp-ide-0.5.3\\out\\server\\src\\server.js:2384:1092)\n    at k6n (c:\\Users\\maval\\Downloads\\Agus\\VSCode-win32-x64-1.103.2\\data\\extensions\\uqbar.wollok-lsp-ide-0.5.3\\out\\server\\src\\server.js:2384:1248)\n    at c:\\Users\\maval\\Downloads\\Agus\\VSCode-win32-x64-1.103.2\\data\\extensions\\uqbar.wollok-lsp-ide-0.5.3\\out\\server\\src\\server.js:38:6131\n    at D2 (c:\\Users\\maval\\Downloads\\Agus\\VSCode-win32-x64-1.103.2\\data\\extensions\\uqbar.wollok-lsp-ide-0.5.3\\out\\server\\src\\server.js:2384:42)\n    at c:\\Users\\maval\\Downloads\\Agus\\VSCode-win32-x64-1.103.2\\data\\extensions\\uqbar.wollok-lsp-ide-0.5.3\\out\\server\\src\\server.js:2384:2988\n    at c:\\Users\\maval\\Downloads\\Agus\\VSCode-win32-x64-1.103.2\\data\\extensions\\uqbar.wollok-lsp-ide-0.5.3\\out\\server\\src\\server.js:2393:8440\n    at c:\\Users\\maval\\Downloads\\Agus\\VSCode-win32-x64-1.103.2\\data\\extensions\\uqbar.wollok-lsp-ide-0.5.3\\out\\server\\src\\server.js:37:74872\n    at Ye (c:\\Users\\maval\\Downloads\\Agus\\VSCode-win32-x64-1.103.2\\data\\extensions\\uqbar.wollok-lsp-ide-0.5.3\\out\\server\\src\\server.js:7:8527)","timestamp":"2025-09-13T14:37:30.880Z"}
{"level":"info","message":"⌛ Validating example.wlk","timeElapsed":118,"timestamp":"2025-09-13T14:37:31.140Z"}
{"level":"error","message":"✘ Completions for node Send ([28:2, 28:37] - pgmProgram.wpgm) failed: Error: [Send]{70d339} at pgmProgram.wpgm:28 exhausted all cases without a match [Send]{70d339} at pgmProgram.wpgm:28 exhausted all cases without a match","stack":"Error: [Send]{70d339} at pgmProgram.wpgm:28 exhausted all cases without a match\n    at c:\\Users\\maval\\Downloads\\Agus\\VSCode-win32-x64-1.103.2\\data\\extensions\\uqbar.wollok-lsp-ide-0.5.3\\out\\server\\src\\server.js:38:6142\n    at D2 (c:\\Users\\maval\\Downloads\\Agus\\VSCode-win32-x64-1.103.2\\data\\extensions\\uqbar.wollok-lsp-ide-0.5.3\\out\\server\\src\\server.js:2384:42)\n    at Qh (c:\\Users\\maval\\Downloads\\Agus\\VSCode-win32-x64-1.103.2\\data\\extensions\\uqbar.wollok-lsp-ide-0.5.3\\out\\server\\src\\server.js:2384:1092)\n    at k6n (c:\\Users\\maval\\Downloads\\Agus\\VSCode-win32-x64-1.103.2\\data\\extensions\\uqbar.wollok-lsp-ide-0.5.3\\out\\server\\src\\server.js:2384:1248)\n    at c:\\Users\\maval\\Downloads\\Agus\\VSCode-win32-x64-1.103.2\\data\\extensions\\uqbar.wollok-lsp-ide-0.5.3\\out\\server\\src\\server.js:38:6131\n    at D2 (c:\\Users\\maval\\Downloads\\Agus\\VSCode-win32-x64-1.103.2\\data\\extensions\\uqbar.wollok-lsp-ide-0.5.3\\out\\server\\src\\server.js:2384:42)\n    at c:\\Users\\maval\\Downloads\\Agus\\VSCode-win32-x64-1.103.2\\data\\extensions\\uqbar.wollok-lsp-ide-0.5.3\\out\\server\\src\\server.js:2384:2988\n    at c:\\Users\\maval\\Downloads\\Agus\\VSCode-win32-x64-1.103.2\\data\\extensions\\uqbar.wollok-lsp-ide-0.5.3\\out\\server\\src\\server.js:2393:8440\n    at c:\\Users\\maval\\Downloads\\Agus\\VSCode-win32-x64-1.103.2\\data\\extensions\\uqbar.wollok-lsp-ide-0.5.3\\out\\server\\src\\server.js:37:74872\n    at Ye (c:\\Users\\maval\\Downloads\\Agus\\VSCode-win32-x64-1.103.2\\data\\extensions\\uqbar.wollok-lsp-ide-0.5.3\\out\\server\\src\\server.js:7:8527)","timestamp":"2025-09-13T14:39:05.721Z"}
{"level":"info","message":"⌛ Validating pgmProgram.wpgm","timeElapsed":129,"timestamp":"2025-09-13T14:39:06.060Z"}
{"level":"error","message":"✘ Failed to rebuild document Failed to parse pgmProgram.wpgm: \n-- PARSING FAILED --------------------------------------------------\n\n  49 | \tgame.start()\n  50 | \t\n> 51 | }\n     | ^\n\nExpected one of the following: \n\n'@', 'class', 'const', 'describe', 'mixin', 'object', 'only', 'package', 'program', 'test', 'var', '{', EOF, comment, not \"}\", whitespace\n","stack":"Error: Failed to parse pgmProgram.wpgm: \n-- PARSING FAILED --------------------------------------------------\n\n  49 | \tgame.start()\n  50 | \t\n> 51 | }\n     | ^\n\nExpected one of the following: \n\n'@', 'class', 'const', 'describe', 'mixin', 'object', 'only', 'package', 'program', 'test', 'var', '{', EOF, comment, not \"}\", whitespace\n\n    at c:\\Users\\maval\\Downloads\\Agus\\VSCode-win32-x64-1.103.2\\data\\extensions\\uqbar.wollok-lsp-ide-0.5.3\\out\\server\\src\\server.js:2348:13026\n    at Array.map (<anonymous>)\n    at W1n (c:\\Users\\maval\\Downloads\\Agus\\VSCode-win32-x64-1.103.2\\data\\extensions\\uqbar.wollok-lsp-ide-0.5.3\\out\\server\\src\\server.js:2348:12950)\n    at U2.buildEnvironmentFrom (c:\\Users\\maval\\Downloads\\Agus\\VSCode-win32-x64-1.103.2\\data\\extensions\\uqbar.wollok-lsp-ide-0.5.3\\out\\server\\src\\server.js:2393:5254)\n    at U2.updateEnvironmentWith (c:\\Users\\maval\\Downloads\\Agus\\VSCode-win32-x64-1.103.2\\data\\extensions\\uqbar.wollok-lsp-ide-0.5.3\\out\\server\\src\\server.js:2393:4989)\n    at JF (c:\\Users\\maval\\Downloads\\Agus\\VSCode-win32-x64-1.103.2\\data\\extensions\\uqbar.wollok-lsp-ide-0.5.3\\out\\server\\src\\server.js:2393:7383)\n    at F3.invoke (c:\\Users\\maval\\Downloads\\Agus\\VSCode-win32-x64-1.103.2\\data\\extensions\\uqbar.wollok-lsp-ide-0.5.3\\out\\server\\src\\server.js:3:157334)\n    at o.fire (c:\\Users\\maval\\Downloads\\Agus\\VSCode-win32-x64-1.103.2\\data\\extensions\\uqbar.wollok-lsp-ide-0.5.3\\out\\server\\src\\server.js:3:158104)\n    at c:\\Users\\maval\\Downloads\\Agus\\VSCode-win32-x64-1.103.2\\data\\extensions\\uqbar.wollok-lsp-ide-0.5.3\\out\\server\\src\\server.js:37:57871\n    at Zr (c:\\Users\\maval\\Downloads\\Agus\\VSCode-win32-x64-1.103.2\\data\\extensions\\uqbar.wollok-lsp-ide-0.5.3\\out\\server\\src\\server.js:8:1561)","timestamp":"2025-09-13T14:39:24.661Z"}
{"level":"error","message":"✘ Failed to rebuild document Failed to parse pgmProgram.wpgm: \n-- PARSING FAILED --------------------------------------------------\n\n  49 | \tgame.start()\n  50 | \t\n> 51 | }\n     | ^\n\nExpected one of the following: \n\n'@', 'class', 'const', 'describe', 'mixin', 'object', 'only', 'package', 'program', 'test', 'var', '{', EOF, comment, not \"}\", whitespace\n","stack":"Error: Failed to parse pgmProgram.wpgm: \n-- PARSING FAILED --------------------------------------------------\n\n  49 | \tgame.start()\n  50 | \t\n> 51 | }\n     | ^\n\nExpected one of the following: \n\n'@', 'class', 'const', 'describe', 'mixin', 'object', 'only', 'package', 'program', 'test', 'var', '{', EOF, comment, not \"}\", whitespace\n\n    at c:\\Users\\maval\\Downloads\\Agus\\VSCode-win32-x64-1.103.2\\data\\extensions\\uqbar.wollok-lsp-ide-0.5.3\\out\\server\\src\\server.js:2348:13026\n    at Array.map (<anonymous>)\n    at W1n (c:\\Users\\maval\\Downloads\\Agus\\VSCode-win32-x64-1.103.2\\data\\extensions\\uqbar.wollok-lsp-ide-0.5.3\\out\\server\\src\\server.js:2348:12950)\n    at U2.buildEnvironmentFrom (c:\\Users\\maval\\Downloads\\Agus\\VSCode-win32-x64-1.103.2\\data\\extensions\\uqbar.wollok-lsp-ide-0.5.3\\out\\server\\src\\server.js:2393:5254)\n    at U2.updateEnvironmentWith (c:\\Users\\maval\\Downloads\\Agus\\VSCode-win32-x64-1.103.2\\data\\extensions\\uqbar.wollok-lsp-ide-0.5.3\\out\\server\\src\\server.js:2393:4989)\n    at JF (c:\\Users\\maval\\Downloads\\Agus\\VSCode-win32-x64-1.103.2\\data\\extensions\\uqbar.wollok-lsp-ide-0.5.3\\out\\server\\src\\server.js:2393:7383)\n    at F3.invoke (c:\\Users\\maval\\Downloads\\Agus\\VSCode-win32-x64-1.103.2\\data\\extensions\\uqbar.wollok-lsp-ide-0.5.3\\out\\server\\src\\server.js:3:157334)\n    at o.fire (c:\\Users\\maval\\Downloads\\Agus\\VSCode-win32-x64-1.103.2\\data\\extensions\\uqbar.wollok-lsp-ide-0.5.3\\out\\server\\src\\server.js:3:158104)\n    at c:\\Users\\maval\\Downloads\\Agus\\VSCode-win32-x64-1.103.2\\data\\extensions\\uqbar.wollok-lsp-ide-0.5.3\\out\\server\\src\\server.js:37:57871\n    at Zr (c:\\Users\\maval\\Downloads\\Agus\\VSCode-win32-x64-1.103.2\\data\\extensions\\uqbar.wollok-lsp-ide-0.5.3\\out\\server\\src\\server.js:8:1561)","timestamp":"2025-09-13T14:39:24.821Z"}
{"level":"error","message":"✘ Completions for node Send ([28:23, 28:39] - pgmProgram.wpgm) failed: Error: [Send]{1810d1} at pgmProgram.wpgm:28 exhausted all cases without a match [Send]{1810d1} at pgmProgram.wpgm:28 exhausted all cases without a match","stack":"Error: [Send]{1810d1} at pgmProgram.wpgm:28 exhausted all cases without a match\n    at c:\\Users\\maval\\Downloads\\Agus\\VSCode-win32-x64-1.103.2\\data\\extensions\\uqbar.wollok-lsp-ide-0.5.3\\out\\server\\src\\server.js:38:6142\n    at D2 (c:\\Users\\maval\\Downloads\\Agus\\VSCode-win32-x64-1.103.2\\data\\extensions\\uqbar.wollok-lsp-ide-0.5.3\\out\\server\\src\\server.js:2384:42)\n    at Qh (c:\\Users\\maval\\Downloads\\Agus\\VSCode-win32-x64-1.103.2\\data\\extensions\\uqbar.wollok-lsp-ide-0.5.3\\out\\server\\src\\server.js:2384:1092)\n    at k6n (c:\\Users\\maval\\Downloads\\Agus\\VSCode-win32-x64-1.103.2\\data\\extensions\\uqbar.wollok-lsp-ide-0.5.3\\out\\server\\src\\server.js:2384:1248)\n    at c:\\Users\\maval\\Downloads\\Agus\\VSCode-win32-x64-1.103.2\\data\\extensions\\uqbar.wollok-lsp-ide-0.5.3\\out\\server\\src\\server.js:38:6131\n    at D2 (c:\\Users\\maval\\Downloads\\Agus\\VSCode-win32-x64-1.103.2\\data\\extensions\\uqbar.wollok-lsp-ide-0.5.3\\out\\server\\src\\server.js:2384:42)\n    at c:\\Users\\maval\\Downloads\\Agus\\VSCode-win32-x64-1.103.2\\data\\extensions\\uqbar.wollok-lsp-ide-0.5.3\\out\\server\\src\\server.js:2384:2988\n    at c:\\Users\\maval\\Downloads\\Agus\\VSCode-win32-x64-1.103.2\\data\\extensions\\uqbar.wollok-lsp-ide-0.5.3\\out\\server\\src\\server.js:2393:8440\n    at c:\\Users\\maval\\Downloads\\Agus\\VSCode-win32-x64-1.103.2\\data\\extensions\\uqbar.wollok-lsp-ide-0.5.3\\out\\server\\src\\server.js:37:74872\n    at Ye (c:\\Users\\maval\\Downloads\\Agus\\VSCode-win32-x64-1.103.2\\data\\extensions\\uqbar.wollok-lsp-ide-0.5.3\\out\\server\\src\\server.js:7:8527)","timestamp":"2025-09-13T14:39:25.497Z"}
{"level":"error","message":"✘ Completions for node Send ([28:2, 28:40] - pgmProgram.wpgm) failed: Error: [Send]{1f1d0a} at pgmProgram.wpgm:28 exhausted all cases without a match [Send]{1f1d0a} at pgmProgram.wpgm:28 exhausted all cases without a match","stack":"Error: [Send]{1f1d0a} at pgmProgram.wpgm:28 exhausted all cases without a match\n    at c:\\Users\\maval\\Downloads\\Agus\\VSCode-win32-x64-1.103.2\\data\\extensions\\uqbar.wollok-lsp-ide-0.5.3\\out\\server\\src\\server.js:38:6142\n    at D2 (c:\\Users\\maval\\Downloads\\Agus\\VSCode-win32-x64-1.103.2\\data\\extensions\\uqbar.wollok-lsp-ide-0.5.3\\out\\server\\src\\server.js:2384:42)\n    at Qh (c:\\Users\\maval\\Downloads\\Agus\\VSCode-win32-x64-1.103.2\\data\\extensions\\uqbar.wollok-lsp-ide-0.5.3\\out\\server\\src\\server.js:2384:1092)\n    at D2 (c:\\Users\\maval\\Downloads\\Agus\\VSCode-win32-x64-1.103.2\\data\\extensions\\uqbar.wollok-lsp-ide-0.5.3\\out\\server\\src\\server.js:2384:544)\n    at Qh (c:\\Users\\maval\\Downloads\\Agus\\VSCode-win32-x64-1.103.2\\data\\extensions\\uqbar.wollok-lsp-ide-0.5.3\\out\\server\\src\\server.js:2384:1092)\n    at k6n (c:\\Users\\maval\\Downloads\\Agus\\VSCode-win32-x64-1.103.2\\data\\extensions\\uqbar.wollok-lsp-ide-0.5.3\\out\\server\\src\\server.js:2384:1248)\n    at c:\\Users\\maval\\Downloads\\Agus\\VSCode-win32-x64-1.103.2\\data\\extensions\\uqbar.wollok-lsp-ide-0.5.3\\out\\server\\src\\server.js:38:6131\n    at D2 (c:\\Users\\maval\\Downloads\\Agus\\VSCode-win32-x64-1.103.2\\data\\extensions\\uqbar.wollok-lsp-ide-0.5.3\\out\\server\\src\\server.js:2384:42)\n    at c:\\Users\\maval\\Downloads\\Agus\\VSCode-win32-x64-1.103.2\\data\\extensions\\uqbar.wollok-lsp-ide-0.5.3\\out\\server\\src\\server.js:2384:2988\n    at c:\\Users\\maval\\Downloads\\Agus\\VSCode-win32-x64-1.103.2\\data\\extensions\\uqbar.wollok-lsp-ide-0.5.3\\out\\server\\src\\server.js:2393:8440","timestamp":"2025-09-13T14:39:25.497Z"}
{"level":"error","message":"✘ Completions for node Return (undefined - pgmProgram.wpgm) failed: Error: [Return]{48429b} at pgmProgram.wpgm:-- exhausted all cases without a match [Return]{48429b} at pgmProgram.wpgm:-- exhausted all cases without a match","stack":"Error: [Return]{48429b} at pgmProgram.wpgm:-- exhausted all cases without a match\n    at c:\\Users\\maval\\Downloads\\Agus\\VSCode-win32-x64-1.103.2\\data\\extensions\\uqbar.wollok-lsp-ide-0.5.3\\out\\server\\src\\server.js:38:6142\n    at D2 (c:\\Users\\maval\\Downloads\\Agus\\VSCode-win32-x64-1.103.2\\data\\extensions\\uqbar.wollok-lsp-ide-0.5.3\\out\\server\\src\\server.js:2384:42)\n    at Qh (c:\\Users\\maval\\Downloads\\Agus\\VSCode-win32-x64-1.103.2\\data\\extensions\\uqbar.wollok-lsp-ide-0.5.3\\out\\server\\src\\server.js:2384:1092)\n    at D2 (c:\\Users\\maval\\Downloads\\Agus\\VSCode-win32-x64-1.103.2\\data\\extensions\\uqbar.wollok-lsp-ide-0.5.3\\out\\server\\src\\server.js:2384:544)\n    at Qh (c:\\Users\\maval\\Downloads\\Agus\\VSCode-win32-x64-1.103.2\\data\\extensions\\uqbar.wollok-lsp-ide-0.5.3\\out\\server\\src\\server.js:2384:1092)\n    at D2 (c:\\Users\\maval\\Downloads\\Agus\\VSCode-win32-x64-1.103.2\\data\\extensions\\uqbar.wollok-lsp-ide-0.5.3\\out\\server\\src\\server.js:2384:544)\n    at Qh (c:\\Users\\maval\\Downloads\\Agus\\VSCode-win32-x64-1.103.2\\data\\extensions\\uqbar.wollok-lsp-ide-0.5.3\\out\\server\\src\\server.js:2384:1092)\n    at k6n (c:\\Users\\maval\\Downloads\\Agus\\VSCode-win32-x64-1.103.2\\data\\extensions\\uqbar.wollok-lsp-ide-0.5.3\\out\\server\\src\\server.js:2384:1248)\n    at c:\\Users\\maval\\Downloads\\Agus\\VSCode-win32-x64-1.103.2\\data\\extensions\\uqbar.wollok-lsp-ide-0.5.3\\out\\server\\src\\server.js:38:6131\n    at D2 (c:\\Users\\maval\\Downloads\\Agus\\VSCode-win32-x64-1.103.2\\data\\extensions\\uqbar.wollok-lsp-ide-0.5.3\\out\\server\\src\\server.js:2384:42)","timestamp":"2025-09-13T14:39:25.497Z"}
{"level":"info","message":"⌛ Validating pgmProgram.wpgm","timeElapsed":117,"timestamp":"2025-09-13T14:39:25.625Z"}
{"level":"info","message":"⌛ Building environment","timeElapsed":137,"timestamp":"2025-09-13T14:39:25.763Z"}
{"level":"error","message":"✘ Failed to rebuild document Failed to parse pgmProgram.wpgm: \n-- PARSING FAILED --------------------------------------------------\n\n  49 | \tgame.start()\n  50 | \t\n> 51 | }\n     | ^\n\nExpected one of the following: \n\n'@', 'class', 'const', 'describe', 'mixin', 'object', 'only', 'package', 'program', 'test', 'var', '{', EOF, comment, not \"}\", whitespace\n","stack":"Error: Failed to parse pgmProgram.wpgm: \n-- PARSING FAILED --------------------------------------------------\n\n  49 | \tgame.start()\n  50 | \t\n> 51 | }\n     | ^\n\nExpected one of the following: \n\n'@', 'class', 'const', 'describe', 'mixin', 'object', 'only', 'package', 'program', 'test', 'var', '{', EOF, comment, not \"}\", whitespace\n\n    at c:\\Users\\maval\\Downloads\\Agus\\VSCode-win32-x64-1.103.2\\data\\extensions\\uqbar.wollok-lsp-ide-0.5.3\\out\\server\\src\\server.js:2348:13026\n    at Array.map (<anonymous>)\n    at W1n (c:\\Users\\maval\\Downloads\\Agus\\VSCode-win32-x64-1.103.2\\data\\extensions\\uqbar.wollok-lsp-ide-0.5.3\\out\\server\\src\\server.js:2348:12950)\n    at U2.buildEnvironmentFrom (c:\\Users\\maval\\Downloads\\Agus\\VSCode-win32-x64-1.103.2\\data\\extensions\\uqbar.wollok-lsp-ide-0.5.3\\out\\server\\src\\server.js:2393:5254)\n    at U2.updateEnvironmentWith (c:\\Users\\maval\\Downloads\\Agus\\VSCode-win32-x64-1.103.2\\data\\extensions\\uqbar.wollok-lsp-ide-0.5.3\\out\\server\\src\\server.js:2393:4989)\n    at JF (c:\\Users\\maval\\Downloads\\Agus\\VSCode-win32-x64-1.103.2\\data\\extensions\\uqbar.wollok-lsp-ide-0.5.3\\out\\server\\src\\server.js:2393:7383)\n    at F3.invoke (c:\\Users\\maval\\Downloads\\Agus\\VSCode-win32-x64-1.103.2\\data\\extensions\\uqbar.wollok-lsp-ide-0.5.3\\out\\server\\src\\server.js:3:157334)\n    at o.fire (c:\\Users\\maval\\Downloads\\Agus\\VSCode-win32-x64-1.103.2\\data\\extensions\\uqbar.wollok-lsp-ide-0.5.3\\out\\server\\src\\server.js:3:158104)\n    at c:\\Users\\maval\\Downloads\\Agus\\VSCode-win32-x64-1.103.2\\data\\extensions\\uqbar.wollok-lsp-ide-0.5.3\\out\\server\\src\\server.js:37:57871\n    at Zr (c:\\Users\\maval\\Downloads\\Agus\\VSCode-win32-x64-1.103.2\\data\\extensions\\uqbar.wollok-lsp-ide-0.5.3\\out\\server\\src\\server.js:8:1561)","timestamp":"2025-09-13T14:39:26.725Z"}
{"level":"info","message":"⌛ Validating pgmProgram.wpgm","timeElapsed":107,"timestamp":"2025-09-13T14:39:27.740Z"}
{"level":"error","message":"✘ Failed to rebuild document Failed to parse pgmProgram.wpgm: \n-- PARSING FAILED --------------------------------------------------\n\n  49 | \tgame.start()\n  50 | \t\n> 51 | }\n     | ^\n\nExpected one of the following: \n\n'@', 'class', 'const', 'describe', 'mixin', 'object', 'only', 'package', 'program', 'test', 'var', '{', EOF, comment, not \"}\", whitespace\n","stack":"Error: Failed to parse pgmProgram.wpgm: \n-- PARSING FAILED --------------------------------------------------\n\n  49 | \tgame.start()\n  50 | \t\n> 51 | }\n     | ^\n\nExpected one of the following: \n\n'@', 'class', 'const', 'describe', 'mixin', 'object', 'only', 'package', 'program', 'test', 'var', '{', EOF, comment, not \"}\", whitespace\n\n    at c:\\Users\\maval\\Downloads\\Agus\\VSCode-win32-x64-1.103.2\\data\\extensions\\uqbar.wollok-lsp-ide-0.5.3\\out\\server\\src\\server.js:2348:13026\n    at Array.map (<anonymous>)\n    at W1n (c:\\Users\\maval\\Downloads\\Agus\\VSCode-win32-x64-1.103.2\\data\\extensions\\uqbar.wollok-lsp-ide-0.5.3\\out\\server\\src\\server.js:2348:12950)\n    at U2.buildEnvironmentFrom (c:\\Users\\maval\\Downloads\\Agus\\VSCode-win32-x64-1.103.2\\data\\extensions\\uqbar.wollok-lsp-ide-0.5.3\\out\\server\\src\\server.js:2393:5254)\n    at U2.updateEnvironmentWith (c:\\Users\\maval\\Downloads\\Agus\\VSCode-win32-x64-1.103.2\\data\\extensions\\uqbar.wollok-lsp-ide-0.5.3\\out\\server\\src\\server.js:2393:4989)\n    at JF (c:\\Users\\maval\\Downloads\\Agus\\VSCode-win32-x64-1.103.2\\data\\extensions\\uqbar.wollok-lsp-ide-0.5.3\\out\\server\\src\\server.js:2393:7383)\n    at F3.invoke (c:\\Users\\maval\\Downloads\\Agus\\VSCode-win32-x64-1.103.2\\data\\extensions\\uqbar.wollok-lsp-ide-0.5.3\\out\\server\\src\\server.js:3:157334)\n    at o.fire (c:\\Users\\maval\\Downloads\\Agus\\VSCode-win32-x64-1.103.2\\data\\extensions\\uqbar.wollok-lsp-ide-0.5.3\\out\\server\\src\\server.js:3:158104)\n    at c:\\Users\\maval\\Downloads\\Agus\\VSCode-win32-x64-1.103.2\\data\\extensions\\uqbar.wollok-lsp-ide-0.5.3\\out\\server\\src\\server.js:37:57871\n    at Zr (c:\\Users\\maval\\Downloads\\Agus\\VSCode-win32-x64-1.103.2\\data\\extensions\\uqbar.wollok-lsp-ide-0.5.3\\out\\server\\src\\server.js:8:1561)","timestamp":"2025-09-13T14:39:33.255Z"}
{"level":"error","message":"✘ Failed to rebuild document Failed to parse pgmProgram.wpgm: \n-- PARSING FAILED --------------------------------------------------\n\n  49 | \tgame.start()\n  50 | \t\n> 51 | }\n     | ^\n\nExpected one of the following: \n\n'@', 'class', 'const', 'describe', 'mixin', 'object', 'only', 'package', 'program', 'test', 'var', '{', EOF, comment, not \"}\", whitespace\n","stack":"Error: Failed to parse pgmProgram.wpgm: \n-- PARSING FAILED --------------------------------------------------\n\n  49 | \tgame.start()\n  50 | \t\n> 51 | }\n     | ^\n\nExpected one of the following: \n\n'@', 'class', 'const', 'describe', 'mixin', 'object', 'only', 'package', 'program', 'test', 'var', '{', EOF, comment, not \"}\", whitespace\n\n    at c:\\Users\\maval\\Downloads\\Agus\\VSCode-win32-x64-1.103.2\\data\\extensions\\uqbar.wollok-lsp-ide-0.5.3\\out\\server\\src\\server.js:2348:13026\n    at Array.map (<anonymous>)\n    at W1n (c:\\Users\\maval\\Downloads\\Agus\\VSCode-win32-x64-1.103.2\\data\\extensions\\uqbar.wollok-lsp-ide-0.5.3\\out\\server\\src\\server.js:2348:12950)\n    at U2.buildEnvironmentFrom (c:\\Users\\maval\\Downloads\\Agus\\VSCode-win32-x64-1.103.2\\data\\extensions\\uqbar.wollok-lsp-ide-0.5.3\\out\\server\\src\\server.js:2393:5254)\n    at U2.updateEnvironmentWith (c:\\Users\\maval\\Downloads\\Agus\\VSCode-win32-x64-1.103.2\\data\\extensions\\uqbar.wollok-lsp-ide-0.5.3\\out\\server\\src\\server.js:2393:4989)\n    at JF (c:\\Users\\maval\\Downloads\\Agus\\VSCode-win32-x64-1.103.2\\data\\extensions\\uqbar.wollok-lsp-ide-0.5.3\\out\\server\\src\\server.js:2393:7383)\n    at F3.invoke (c:\\Users\\maval\\Downloads\\Agus\\VSCode-win32-x64-1.103.2\\data\\extensions\\uqbar.wollok-lsp-ide-0.5.3\\out\\server\\src\\server.js:3:157334)\n    at o.fire (c:\\Users\\maval\\Downloads\\Agus\\VSCode-win32-x64-1.103.2\\data\\extensions\\uqbar.wollok-lsp-ide-0.5.3\\out\\server\\src\\server.js:3:158104)\n    at c:\\Users\\maval\\Downloads\\Agus\\VSCode-win32-x64-1.103.2\\data\\extensions\\uqbar.wollok-lsp-ide-0.5.3\\out\\server\\src\\server.js:37:57871\n    at Zr (c:\\Users\\maval\\Downloads\\Agus\\VSCode-win32-x64-1.103.2\\data\\extensions\\uqbar.wollok-lsp-ide-0.5.3\\out\\server\\src\\server.js:8:1561)","timestamp":"2025-09-13T14:39:33.378Z"}
{"level":"error","message":"✘ Failed to rebuild document Failed to parse pgmProgram.wpgm: \n-- PARSING FAILED --------------------------------------------------\n\n  49 | \tgame.start()\n  50 | \t\n> 51 | }\n     | ^\n\nExpected one of the following: \n\n'@', 'class', 'const', 'describe', 'mixin', 'object', 'only', 'package', 'program', 'test', 'var', '{', EOF, comment, not \"}\", whitespace\n","stack":"Error: Failed to parse pgmProgram.wpgm: \n-- PARSING FAILED --------------------------------------------------\n\n  49 | \tgame.start()\n  50 | \t\n> 51 | }\n     | ^\n\nExpected one of the following: \n\n'@', 'class', 'const', 'describe', 'mixin', 'object', 'only', 'package', 'program', 'test', 'var', '{', EOF, comment, not \"}\", whitespace\n\n    at c:\\Users\\maval\\Downloads\\Agus\\VSCode-win32-x64-1.103.2\\data\\extensions\\uqbar.wollok-lsp-ide-0.5.3\\out\\server\\src\\server.js:2348:13026\n    at Array.map (<anonymous>)\n    at W1n (c:\\Users\\maval\\Downloads\\Agus\\VSCode-win32-x64-1.103.2\\data\\extensions\\uqbar.wollok-lsp-ide-0.5.3\\out\\server\\src\\server.js:2348:12950)\n    at U2.buildEnvironmentFrom (c:\\Users\\maval\\Downloads\\Agus\\VSCode-win32-x64-1.103.2\\data\\extensions\\uqbar.wollok-lsp-ide-0.5.3\\out\\server\\src\\server.js:2393:5254)\n    at U2.updateEnvironmentWith (c:\\Users\\maval\\Downloads\\Agus\\VSCode-win32-x64-1.103.2\\data\\extensions\\uqbar.wollok-lsp-ide-0.5.3\\out\\server\\src\\server.js:2393:4989)\n    at JF (c:\\Users\\maval\\Downloads\\Agus\\VSCode-win32-x64-1.103.2\\data\\extensions\\uqbar.wollok-lsp-ide-0.5.3\\out\\server\\src\\server.js:2393:7383)\n    at F3.invoke (c:\\Users\\maval\\Downloads\\Agus\\VSCode-win32-x64-1.103.2\\data\\extensions\\uqbar.wollok-lsp-ide-0.5.3\\out\\server\\src\\server.js:3:157334)\n    at o.fire (c:\\Users\\maval\\Downloads\\Agus\\VSCode-win32-x64-1.103.2\\data\\extensions\\uqbar.wollok-lsp-ide-0.5.3\\out\\server\\src\\server.js:3:158104)\n    at c:\\Users\\maval\\Downloads\\Agus\\VSCode-win32-x64-1.103.2\\data\\extensions\\uqbar.wollok-lsp-ide-0.5.3\\out\\server\\src\\server.js:37:57871\n    at Zr (c:\\Users\\maval\\Downloads\\Agus\\VSCode-win32-x64-1.103.2\\data\\extensions\\uqbar.wollok-lsp-ide-0.5.3\\out\\server\\src\\server.js:8:1561)","timestamp":"2025-09-13T14:39:33.540Z"}
{"level":"error","message":"✘ Failed to rebuild document Failed to parse pgmProgram.wpgm: \n-- PARSING FAILED --------------------------------------------------\n\n  49 | \tgame.start()\n  50 | \t\n> 51 | }\n     | ^\n\nExpected one of the following: \n\n'@', 'class', 'const', 'describe', 'mixin', 'object', 'only', 'package', 'program', 'test', 'var', '{', EOF, comment, not \"}\", whitespace\n","stack":"Error: Failed to parse pgmProgram.wpgm: \n-- PARSING FAILED --------------------------------------------------\n\n  49 | \tgame.start()\n  50 | \t\n> 51 | }\n     | ^\n\nExpected one of the following: \n\n'@', 'class', 'const', 'describe', 'mixin', 'object', 'only', 'package', 'program', 'test', 'var', '{', EOF, comment, not \"}\", whitespace\n\n    at c:\\Users\\maval\\Downloads\\Agus\\VSCode-win32-x64-1.103.2\\data\\extensions\\uqbar.wollok-lsp-ide-0.5.3\\out\\server\\src\\server.js:2348:13026\n    at Array.map (<anonymous>)\n    at W1n (c:\\Users\\maval\\Downloads\\Agus\\VSCode-win32-x64-1.103.2\\data\\extensions\\uqbar.wollok-lsp-ide-0.5.3\\out\\server\\src\\server.js:2348:12950)\n    at U2.buildEnvironmentFrom (c:\\Users\\maval\\Downloads\\Agus\\VSCode-win32-x64-1.103.2\\data\\extensions\\uqbar.wollok-lsp-ide-0.5.3\\out\\server\\src\\server.js:2393:5254)\n    at U2.updateEnvironmentWith (c:\\Users\\maval\\Downloads\\Agus\\VSCode-win32-x64-1.103.2\\data\\extensions\\uqbar.wollok-lsp-ide-0.5.3\\out\\server\\src\\server.js:2393:4989)\n    at JF (c:\\Users\\maval\\Downloads\\Agus\\VSCode-win32-x64-1.103.2\\data\\extensions\\uqbar.wollok-lsp-ide-0.5.3\\out\\server\\src\\server.js:2393:7383)\n    at F3.invoke (c:\\Users\\maval\\Downloads\\Agus\\VSCode-win32-x64-1.103.2\\data\\extensions\\uqbar.wollok-lsp-ide-0.5.3\\out\\server\\src\\server.js:3:157334)\n    at o.fire (c:\\Users\\maval\\Downloads\\Agus\\VSCode-win32-x64-1.103.2\\data\\extensions\\uqbar.wollok-lsp-ide-0.5.3\\out\\server\\src\\server.js:3:158104)\n    at c:\\Users\\maval\\Downloads\\Agus\\VSCode-win32-x64-1.103.2\\data\\extensions\\uqbar.wollok-lsp-ide-0.5.3\\out\\server\\src\\server.js:37:57871\n    at Zr (c:\\Users\\maval\\Downloads\\Agus\\VSCode-win32-x64-1.103.2\\data\\extensions\\uqbar.wollok-lsp-ide-0.5.3\\out\\server\\src\\server.js:8:1561)","timestamp":"2025-09-13T14:39:34.038Z"}
{"level":"info","message":"⌛ Validating pgmProgram.wpgm","timeElapsed":104,"timestamp":"2025-09-13T14:39:35.178Z"}
{"level":"info","message":"🚀 Program executed \u001b[3m\u001b[34mpgmProgram.pacmanGame\u001b[39m\u001b[23m on \u001b[3m\u001b[34mc:\\Users\\maval\\Downloads\\Agus\\Progra Obj 1\\pacmanbasicgame-agusfmartinez\u001b[39m\u001b[23m","ok":true,"timeElapsed":339,"timestamp":"2025-09-13T14:40:39.004Z"}
{"exitCode":"SIGINT","level":"info","message":"👾 Game executed pgmProgram.pacmanGame on c:\\Users\\maval\\Downloads\\Agus\\Progra Obj 1\\pacmanbasicgame-agusfmartinez","timeElapsed":26523,"timestamp":"2025-09-13T14:41:05.186Z"}
{"level":"info","message":"⌛ Validating pgmProgram.wpgm","timeElapsed":112,"timestamp":"2025-09-13T14:47:08.802Z"}
{"level":"info","message":"⌛ Validating pgmProgram.wpgm","timeElapsed":110,"timestamp":"2025-09-13T14:47:09.007Z"}
{"level":"info","message":"⌛ Validating pgmProgram.wpgm","timeElapsed":113,"timestamp":"2025-09-13T14:47:09.408Z"}
{"level":"info","message":"⌛ Building environment","timeElapsed":101,"timestamp":"2025-09-13T14:47:09.819Z"}
{"level":"info","message":"⌛ Building environment","timeElapsed":109,"timestamp":"2025-09-13T14:47:10.294Z"}
{"level":"error","message":"✘ Completions for node Variable ([12:2, 12:11] - pgmProgram.wpgm) failed: Error: riv [Variable]{eca92f} at pgmProgram.wpgm:12 exhausted all cases without a match riv [Variable]{eca92f} at pgmProgram.wpgm:12 exhausted all cases without a match","stack":"Error: riv [Variable]{eca92f} at pgmProgram.wpgm:12 exhausted all cases without a match\n    at c:\\Users\\maval\\Downloads\\Agus\\VSCode-win32-x64-1.103.2\\data\\extensions\\uqbar.wollok-lsp-ide-0.5.3\\out\\server\\src\\server.js:38:6142\n    at D2 (c:\\Users\\maval\\Downloads\\Agus\\VSCode-win32-x64-1.103.2\\data\\extensions\\uqbar.wollok-lsp-ide-0.5.3\\out\\server\\src\\server.js:2384:42)\n    at c:\\Users\\maval\\Downloads\\Agus\\VSCode-win32-x64-1.103.2\\data\\extensions\\uqbar.wollok-lsp-ide-0.5.3\\out\\server\\src\\server.js:2384:2988\n    at c:\\Users\\maval\\Downloads\\Agus\\VSCode-win32-x64-1.103.2\\data\\extensions\\uqbar.wollok-lsp-ide-0.5.3\\out\\server\\src\\server.js:2393:8440\n    at c:\\Users\\maval\\Downloads\\Agus\\VSCode-win32-x64-1.103.2\\data\\extensions\\uqbar.wollok-lsp-ide-0.5.3\\out\\server\\src\\server.js:37:74872\n    at Ye (c:\\Users\\maval\\Downloads\\Agus\\VSCode-win32-x64-1.103.2\\data\\extensions\\uqbar.wollok-lsp-ide-0.5.3\\out\\server\\src\\server.js:7:8527)\n    at qt (c:\\Users\\maval\\Downloads\\Agus\\VSCode-win32-x64-1.103.2\\data\\extensions\\uqbar.wollok-lsp-ide-0.5.3\\out\\server\\src\\server.js:7:6189)\n    at ot (c:\\Users\\maval\\Downloads\\Agus\\VSCode-win32-x64-1.103.2\\data\\extensions\\uqbar.wollok-lsp-ide-0.5.3\\out\\server\\src\\server.js:7:6378)\n    at Immediate._onImmediate (c:\\Users\\maval\\Downloads\\Agus\\VSCode-win32-x64-1.103.2\\data\\extensions\\uqbar.wollok-lsp-ide-0.5.3\\out\\server\\src\\server.js:7:6142)\n    at process.processImmediate (node:internal/timers:485:21)","timestamp":"2025-09-13T14:47:10.402Z"}
{"level":"error","message":"✘ Completions for node Literal ([12:18, 12:21] - pgmProgram.wpgm) failed: Error: [Literal]{72673f} at pgmProgram.wpgm:12 exhausted all cases without a match [Literal]{72673f} at pgmProgram.wpgm:12 exhausted all cases without a match","stack":"Error: [Literal]{72673f} at pgmProgram.wpgm:12 exhausted all cases without a match\n    at c:\\Users\\maval\\Downloads\\Agus\\VSCode-win32-x64-1.103.2\\data\\extensions\\uqbar.wollok-lsp-ide-0.5.3\\out\\server\\src\\server.js:38:6142\n    at D2 (c:\\Users\\maval\\Downloads\\Agus\\VSCode-win32-x64-1.103.2\\data\\extensions\\uqbar.wollok-lsp-ide-0.5.3\\out\\server\\src\\server.js:2384:42)\n    at Qh (c:\\Users\\maval\\Downloads\\Agus\\VSCode-win32-x64-1.103.2\\data\\extensions\\uqbar.wollok-lsp-ide-0.5.3\\out\\server\\src\\server.js:2384:1092)\n    at k6n (c:\\Users\\maval\\Downloads\\Agus\\VSCode-win32-x64-1.103.2\\data\\extensions\\uqbar.wollok-lsp-ide-0.5.3\\out\\server\\src\\server.js:2384:1248)\n    at c:\\Users\\maval\\Downloads\\Agus\\VSCode-win32-x64-1.103.2\\data\\extensions\\uqbar.wollok-lsp-ide-0.5.3\\out\\server\\src\\server.js:38:6131\n    at D2 (c:\\Users\\maval\\Downloads\\Agus\\VSCode-win32-x64-1.103.2\\data\\extensions\\uqbar.wollok-lsp-ide-0.5.3\\out\\server\\src\\server.js:2384:42)\n    at c:\\Users\\maval\\Downloads\\Agus\\VSCode-win32-x64-1.103.2\\data\\extensions\\uqbar.wollok-lsp-ide-0.5.3\\out\\server\\src\\server.js:2384:2988\n    at c:\\Users\\maval\\Downloads\\Agus\\VSCode-win32-x64-1.103.2\\data\\extensions\\uqbar.wollok-lsp-ide-0.5.3\\out\\server\\src\\server.js:2393:8440\n    at c:\\Users\\maval\\Downloads\\Agus\\VSCode-win32-x64-1.103.2\\data\\extensions\\uqbar.wollok-lsp-ide-0.5.3\\out\\server\\src\\server.js:37:74872\n    at Ye (c:\\Users\\maval\\Downloads\\Agus\\VSCode-win32-x64-1.103.2\\data\\extensions\\uqbar.wollok-lsp-ide-0.5.3\\out\\server\\src\\server.js:7:8527)","timestamp":"2025-09-13T14:47:43.520Z"}
{"level":"error","message":"✘ Completions for node Variable ([12:2, 12:21] - pgmProgram.wpgm) failed: Error: rivales [Variable]{46ecbf} at pgmProgram.wpgm:12 exhausted all cases without a match rivales [Variable]{46ecbf} at pgmProgram.wpgm:12 exhausted all cases without a match","stack":"Error: rivales [Variable]{46ecbf} at pgmProgram.wpgm:12 exhausted all cases without a match\n    at c:\\Users\\maval\\Downloads\\Agus\\VSCode-win32-x64-1.103.2\\data\\extensions\\uqbar.wollok-lsp-ide-0.5.3\\out\\server\\src\\server.js:38:6142\n    at D2 (c:\\Users\\maval\\Downloads\\Agus\\VSCode-win32-x64-1.103.2\\data\\extensions\\uqbar.wollok-lsp-ide-0.5.3\\out\\server\\src\\server.js:2384:42)\n    at Qh (c:\\Users\\maval\\Downloads\\Agus\\VSCode-win32-x64-1.103.2\\data\\extensions\\uqbar.wollok-lsp-ide-0.5.3\\out\\server\\src\\server.js:2384:1092)\n    at D2 (c:\\Users\\maval\\Downloads\\Agus\\VSCode-win32-x64-1.103.2\\data\\extensions\\uqbar.wollok-lsp-ide-0.5.3\\out\\server\\src\\server.js:2384:544)\n    at Qh (c:\\Users\\maval\\Downloads\\Agus\\VSCode-win32-x64-1.103.2\\data\\extensions\\uqbar.wollok-lsp-ide-0.5.3\\out\\server\\src\\server.js:2384:1092)\n    at k6n (c:\\Users\\maval\\Downloads\\Agus\\VSCode-win32-x64-1.103.2\\data\\extensions\\uqbar.wollok-lsp-ide-0.5.3\\out\\server\\src\\server.js:2384:1248)\n    at c:\\Users\\maval\\Downloads\\Agus\\VSCode-win32-x64-1.103.2\\data\\extensions\\uqbar.wollok-lsp-ide-0.5.3\\out\\server\\src\\server.js:38:6131\n    at D2 (c:\\Users\\maval\\Downloads\\Agus\\VSCode-win32-x64-1.103.2\\data\\extensions\\uqbar.wollok-lsp-ide-0.5.3\\out\\server\\src\\server.js:2384:42)\n    at c:\\Users\\maval\\Downloads\\Agus\\VSCode-win32-x64-1.103.2\\data\\extensions\\uqbar.wollok-lsp-ide-0.5.3\\out\\server\\src\\server.js:2384:2988\n    at c:\\Users\\maval\\Downloads\\Agus\\VSCode-win32-x64-1.103.2\\data\\extensions\\uqbar.wollok-lsp-ide-0.5.3\\out\\server\\src\\server.js:2393:8440","timestamp":"2025-09-13T14:47:43.521Z"}
{"level":"error","message":"✘ Completions for node Literal ([12:18, 12:22] - pgmProgram.wpgm) failed: Error: [Literal]{1c1550} at pgmProgram.wpgm:12 exhausted all cases without a match [Literal]{1c1550} at pgmProgram.wpgm:12 exhausted all cases without a match","stack":"Error: [Literal]{1c1550} at pgmProgram.wpgm:12 exhausted all cases without a match\n    at c:\\Users\\maval\\Downloads\\Agus\\VSCode-win32-x64-1.103.2\\data\\extensions\\uqbar.wollok-lsp-ide-0.5.3\\out\\server\\src\\server.js:38:6142\n    at D2 (c:\\Users\\maval\\Downloads\\Agus\\VSCode-win32-x64-1.103.2\\data\\extensions\\uqbar.wollok-lsp-ide-0.5.3\\out\\server\\src\\server.js:2384:42)\n    at Qh (c:\\Users\\maval\\Downloads\\Agus\\VSCode-win32-x64-1.103.2\\data\\extensions\\uqbar.wollok-lsp-ide-0.5.3\\out\\server\\src\\server.js:2384:1092)\n    at k6n (c:\\Users\\maval\\Downloads\\Agus\\VSCode-win32-x64-1.103.2\\data\\extensions\\uqbar.wollok-lsp-ide-0.5.3\\out\\server\\src\\server.js:2384:1248)\n    at c:\\Users\\maval\\Downloads\\Agus\\VSCode-win32-x64-1.103.2\\data\\extensions\\uqbar.wollok-lsp-ide-0.5.3\\out\\server\\src\\server.js:38:6131\n    at D2 (c:\\Users\\maval\\Downloads\\Agus\\VSCode-win32-x64-1.103.2\\data\\extensions\\uqbar.wollok-lsp-ide-0.5.3\\out\\server\\src\\server.js:2384:42)\n    at c:\\Users\\maval\\Downloads\\Agus\\VSCode-win32-x64-1.103.2\\data\\extensions\\uqbar.wollok-lsp-ide-0.5.3\\out\\server\\src\\server.js:2384:2988\n    at c:\\Users\\maval\\Downloads\\Agus\\VSCode-win32-x64-1.103.2\\data\\extensions\\uqbar.wollok-lsp-ide-0.5.3\\out\\server\\src\\server.js:2393:8440\n    at c:\\Users\\maval\\Downloads\\Agus\\VSCode-win32-x64-1.103.2\\data\\extensions\\uqbar.wollok-lsp-ide-0.5.3\\out\\server\\src\\server.js:37:74872\n    at Ye (c:\\Users\\maval\\Downloads\\Agus\\VSCode-win32-x64-1.103.2\\data\\extensions\\uqbar.wollok-lsp-ide-0.5.3\\out\\server\\src\\server.js:7:8527)","timestamp":"2025-09-13T14:47:43.740Z"}
{"level":"error","message":"✘ Completions for node Variable ([12:2, 12:22] - pgmProgram.wpgm) failed: Error: rivales [Variable]{d5ac83} at pgmProgram.wpgm:12 exhausted all cases without a match rivales [Variable]{d5ac83} at pgmProgram.wpgm:12 exhausted all cases without a match","stack":"Error: rivales [Variable]{d5ac83} at pgmProgram.wpgm:12 exhausted all cases without a match\n    at c:\\Users\\maval\\Downloads\\Agus\\VSCode-win32-x64-1.103.2\\data\\extensions\\uqbar.wollok-lsp-ide-0.5.3\\out\\server\\src\\server.js:38:6142\n    at D2 (c:\\Users\\maval\\Downloads\\Agus\\VSCode-win32-x64-1.103.2\\data\\extensions\\uqbar.wollok-lsp-ide-0.5.3\\out\\server\\src\\server.js:2384:42)\n    at Qh (c:\\Users\\maval\\Downloads\\Agus\\VSCode-win32-x64-1.103.2\\data\\extensions\\uqbar.wollok-lsp-ide-0.5.3\\out\\server\\src\\server.js:2384:1092)\n    at D2 (c:\\Users\\maval\\Downloads\\Agus\\VSCode-win32-x64-1.103.2\\data\\extensions\\uqbar.wollok-lsp-ide-0.5.3\\out\\server\\src\\server.js:2384:544)\n    at Qh (c:\\Users\\maval\\Downloads\\Agus\\VSCode-win32-x64-1.103.2\\data\\extensions\\uqbar.wollok-lsp-ide-0.5.3\\out\\server\\src\\server.js:2384:1092)\n    at k6n (c:\\Users\\maval\\Downloads\\Agus\\VSCode-win32-x64-1.103.2\\data\\extensions\\uqbar.wollok-lsp-ide-0.5.3\\out\\server\\src\\server.js:2384:1248)\n    at c:\\Users\\maval\\Downloads\\Agus\\VSCode-win32-x64-1.103.2\\data\\extensions\\uqbar.wollok-lsp-ide-0.5.3\\out\\server\\src\\server.js:38:6131\n    at D2 (c:\\Users\\maval\\Downloads\\Agus\\VSCode-win32-x64-1.103.2\\data\\extensions\\uqbar.wollok-lsp-ide-0.5.3\\out\\server\\src\\server.js:2384:42)\n    at c:\\Users\\maval\\Downloads\\Agus\\VSCode-win32-x64-1.103.2\\data\\extensions\\uqbar.wollok-lsp-ide-0.5.3\\out\\server\\src\\server.js:2384:2988\n    at c:\\Users\\maval\\Downloads\\Agus\\VSCode-win32-x64-1.103.2\\data\\extensions\\uqbar.wollok-lsp-ide-0.5.3\\out\\server\\src\\server.js:2393:8440","timestamp":"2025-09-13T14:47:43.741Z"}
{"level":"error","message":"✘ Completions for node Literal ([12:18, 12:24] - pgmProgram.wpgm) failed: Error: [Literal]{aca897} at pgmProgram.wpgm:12 exhausted all cases without a match [Literal]{aca897} at pgmProgram.wpgm:12 exhausted all cases without a match","stack":"Error: [Literal]{aca897} at pgmProgram.wpgm:12 exhausted all cases without a match\n    at c:\\Users\\maval\\Downloads\\Agus\\VSCode-win32-x64-1.103.2\\data\\extensions\\uqbar.wollok-lsp-ide-0.5.3\\out\\server\\src\\server.js:38:6142\n    at D2 (c:\\Users\\maval\\Downloads\\Agus\\VSCode-win32-x64-1.103.2\\data\\extensions\\uqbar.wollok-lsp-ide-0.5.3\\out\\server\\src\\server.js:2384:42)\n    at Qh (c:\\Users\\maval\\Downloads\\Agus\\VSCode-win32-x64-1.103.2\\data\\extensions\\uqbar.wollok-lsp-ide-0.5.3\\out\\server\\src\\server.js:2384:1092)\n    at k6n (c:\\Users\\maval\\Downloads\\Agus\\VSCode-win32-x64-1.103.2\\data\\extensions\\uqbar.wollok-lsp-ide-0.5.3\\out\\server\\src\\server.js:2384:1248)\n    at c:\\Users\\maval\\Downloads\\Agus\\VSCode-win32-x64-1.103.2\\data\\extensions\\uqbar.wollok-lsp-ide-0.5.3\\out\\server\\src\\server.js:38:6131\n    at D2 (c:\\Users\\maval\\Downloads\\Agus\\VSCode-win32-x64-1.103.2\\data\\extensions\\uqbar.wollok-lsp-ide-0.5.3\\out\\server\\src\\server.js:2384:42)\n    at c:\\Users\\maval\\Downloads\\Agus\\VSCode-win32-x64-1.103.2\\data\\extensions\\uqbar.wollok-lsp-ide-0.5.3\\out\\server\\src\\server.js:2384:2988\n    at c:\\Users\\maval\\Downloads\\Agus\\VSCode-win32-x64-1.103.2\\data\\extensions\\uqbar.wollok-lsp-ide-0.5.3\\out\\server\\src\\server.js:2393:8440\n    at c:\\Users\\maval\\Downloads\\Agus\\VSCode-win32-x64-1.103.2\\data\\extensions\\uqbar.wollok-lsp-ide-0.5.3\\out\\server\\src\\server.js:37:74872\n    at Ye (c:\\Users\\maval\\Downloads\\Agus\\VSCode-win32-x64-1.103.2\\data\\extensions\\uqbar.wollok-lsp-ide-0.5.3\\out\\server\\src\\server.js:7:8527)","timestamp":"2025-09-13T14:47:44.059Z"}
{"level":"error","message":"✘ Completions for node Variable ([12:2, 12:24] - pgmProgram.wpgm) failed: Error: rivales [Variable]{418f01} at pgmProgram.wpgm:12 exhausted all cases without a match rivales [Variable]{418f01} at pgmProgram.wpgm:12 exhausted all cases without a match","stack":"Error: rivales [Variable]{418f01} at pgmProgram.wpgm:12 exhausted all cases without a match\n    at c:\\Users\\maval\\Downloads\\Agus\\VSCode-win32-x64-1.103.2\\data\\extensions\\uqbar.wollok-lsp-ide-0.5.3\\out\\server\\src\\server.js:38:6142\n    at D2 (c:\\Users\\maval\\Downloads\\Agus\\VSCode-win32-x64-1.103.2\\data\\extensions\\uqbar.wollok-lsp-ide-0.5.3\\out\\server\\src\\server.js:2384:42)\n    at Qh (c:\\Users\\maval\\Downloads\\Agus\\VSCode-win32-x64-1.103.2\\data\\extensions\\uqbar.wollok-lsp-ide-0.5.3\\out\\server\\src\\server.js:2384:1092)\n    at D2 (c:\\Users\\maval\\Downloads\\Agus\\VSCode-win32-x64-1.103.2\\data\\extensions\\uqbar.wollok-lsp-ide-0.5.3\\out\\server\\src\\server.js:2384:544)\n    at Qh (c:\\Users\\maval\\Downloads\\Agus\\VSCode-win32-x64-1.103.2\\data\\extensions\\uqbar.wollok-lsp-ide-0.5.3\\out\\server\\src\\server.js:2384:1092)\n    at k6n (c:\\Users\\maval\\Downloads\\Agus\\VSCode-win32-x64-1.103.2\\data\\extensions\\uqbar.wollok-lsp-ide-0.5.3\\out\\server\\src\\server.js:2384:1248)\n    at c:\\Users\\maval\\Downloads\\Agus\\VSCode-win32-x64-1.103.2\\data\\extensions\\uqbar.wollok-lsp-ide-0.5.3\\out\\server\\src\\server.js:38:6131\n    at D2 (c:\\Users\\maval\\Downloads\\Agus\\VSCode-win32-x64-1.103.2\\data\\extensions\\uqbar.wollok-lsp-ide-0.5.3\\out\\server\\src\\server.js:2384:42)\n    at c:\\Users\\maval\\Downloads\\Agus\\VSCode-win32-x64-1.103.2\\data\\extensions\\uqbar.wollok-lsp-ide-0.5.3\\out\\server\\src\\server.js:2384:2988\n    at c:\\Users\\maval\\Downloads\\Agus\\VSCode-win32-x64-1.103.2\\data\\extensions\\uqbar.wollok-lsp-ide-0.5.3\\out\\server\\src\\server.js:2393:8440","timestamp":"2025-09-13T14:47:44.060Z"}
{"level":"error","message":"✘ Completions for node Literal ([12:18, 12:26] - pgmProgram.wpgm) failed: Error: [Literal]{a51f14} at pgmProgram.wpgm:12 exhausted all cases without a match [Literal]{a51f14} at pgmProgram.wpgm:12 exhausted all cases without a match","stack":"Error: [Literal]{a51f14} at pgmProgram.wpgm:12 exhausted all cases without a match\n    at c:\\Users\\maval\\Downloads\\Agus\\VSCode-win32-x64-1.103.2\\data\\extensions\\uqbar.wollok-lsp-ide-0.5.3\\out\\server\\src\\server.js:38:6142\n    at D2 (c:\\Users\\maval\\Downloads\\Agus\\VSCode-win32-x64-1.103.2\\data\\extensions\\uqbar.wollok-lsp-ide-0.5.3\\out\\server\\src\\server.js:2384:42)\n    at Qh (c:\\Users\\maval\\Downloads\\Agus\\VSCode-win32-x64-1.103.2\\data\\extensions\\uqbar.wollok-lsp-ide-0.5.3\\out\\server\\src\\server.js:2384:1092)\n    at k6n (c:\\Users\\maval\\Downloads\\Agus\\VSCode-win32-x64-1.103.2\\data\\extensions\\uqbar.wollok-lsp-ide-0.5.3\\out\\server\\src\\server.js:2384:1248)\n    at c:\\Users\\maval\\Downloads\\Agus\\VSCode-win32-x64-1.103.2\\data\\extensions\\uqbar.wollok-lsp-ide-0.5.3\\out\\server\\src\\server.js:38:6131\n    at D2 (c:\\Users\\maval\\Downloads\\Agus\\VSCode-win32-x64-1.103.2\\data\\extensions\\uqbar.wollok-lsp-ide-0.5.3\\out\\server\\src\\server.js:2384:42)\n    at c:\\Users\\maval\\Downloads\\Agus\\VSCode-win32-x64-1.103.2\\data\\extensions\\uqbar.wollok-lsp-ide-0.5.3\\out\\server\\src\\server.js:2384:2988\n    at c:\\Users\\maval\\Downloads\\Agus\\VSCode-win32-x64-1.103.2\\data\\extensions\\uqbar.wollok-lsp-ide-0.5.3\\out\\server\\src\\server.js:2393:8440\n    at c:\\Users\\maval\\Downloads\\Agus\\VSCode-win32-x64-1.103.2\\data\\extensions\\uqbar.wollok-lsp-ide-0.5.3\\out\\server\\src\\server.js:37:74872\n    at Ye (c:\\Users\\maval\\Downloads\\Agus\\VSCode-win32-x64-1.103.2\\data\\extensions\\uqbar.wollok-lsp-ide-0.5.3\\out\\server\\src\\server.js:7:8527)","timestamp":"2025-09-13T14:47:44.326Z"}
{"level":"error","message":"✘ Completions for node Variable ([12:2, 12:26] - pgmProgram.wpgm) failed: Error: rivales [Variable]{fb68f1} at pgmProgram.wpgm:12 exhausted all cases without a match rivales [Variable]{fb68f1} at pgmProgram.wpgm:12 exhausted all cases without a match","stack":"Error: rivales [Variable]{fb68f1} at pgmProgram.wpgm:12 exhausted all cases without a match\n    at c:\\Users\\maval\\Downloads\\Agus\\VSCode-win32-x64-1.103.2\\data\\extensions\\uqbar.wollok-lsp-ide-0.5.3\\out\\server\\src\\server.js:38:6142\n    at D2 (c:\\Users\\maval\\Downloads\\Agus\\VSCode-win32-x64-1.103.2\\data\\extensions\\uqbar.wollok-lsp-ide-0.5.3\\out\\server\\src\\server.js:2384:42)\n    at Qh (c:\\Users\\maval\\Downloads\\Agus\\VSCode-win32-x64-1.103.2\\data\\extensions\\uqbar.wollok-lsp-ide-0.5.3\\out\\server\\src\\server.js:2384:1092)\n    at D2 (c:\\Users\\maval\\Downloads\\Agus\\VSCode-win32-x64-1.103.2\\data\\extensions\\uqbar.wollok-lsp-ide-0.5.3\\out\\server\\src\\server.js:2384:544)\n    at Qh (c:\\Users\\maval\\Downloads\\Agus\\VSCode-win32-x64-1.103.2\\data\\extensions\\uqbar.wollok-lsp-ide-0.5.3\\out\\server\\src\\server.js:2384:1092)\n    at k6n (c:\\Users\\maval\\Downloads\\Agus\\VSCode-win32-x64-1.103.2\\data\\extensions\\uqbar.wollok-lsp-ide-0.5.3\\out\\server\\src\\server.js:2384:1248)\n    at c:\\Users\\maval\\Downloads\\Agus\\VSCode-win32-x64-1.103.2\\data\\extensions\\uqbar.wollok-lsp-ide-0.5.3\\out\\server\\src\\server.js:38:6131\n    at D2 (c:\\Users\\maval\\Downloads\\Agus\\VSCode-win32-x64-1.103.2\\data\\extensions\\uqbar.wollok-lsp-ide-0.5.3\\out\\server\\src\\server.js:2384:42)\n    at c:\\Users\\maval\\Downloads\\Agus\\VSCode-win32-x64-1.103.2\\data\\extensions\\uqbar.wollok-lsp-ide-0.5.3\\out\\server\\src\\server.js:2384:2988\n    at c:\\Users\\maval\\Downloads\\Agus\\VSCode-win32-x64-1.103.2\\data\\extensions\\uqbar.wollok-lsp-ide-0.5.3\\out\\server\\src\\server.js:2393:8440","timestamp":"2025-09-13T14:47:44.326Z"}
{"level":"info","message":"⌛ Validating pgmProgram.wpgm","timeElapsed":104,"timestamp":"2025-09-13T14:47:44.485Z"}
{"level":"error","message":"✘ Completions for node Literal ([12:18, 12:29] - pgmProgram.wpgm) failed: Error: [Literal]{c36598} at pgmProgram.wpgm:12 exhausted all cases without a match [Literal]{c36598} at pgmProgram.wpgm:12 exhausted all cases without a match","stack":"Error: [Literal]{c36598} at pgmProgram.wpgm:12 exhausted all cases without a match\n    at c:\\Users\\maval\\Downloads\\Agus\\VSCode-win32-x64-1.103.2\\data\\extensions\\uqbar.wollok-lsp-ide-0.5.3\\out\\server\\src\\server.js:38:6142\n    at D2 (c:\\Users\\maval\\Downloads\\Agus\\VSCode-win32-x64-1.103.2\\data\\extensions\\uqbar.wollok-lsp-ide-0.5.3\\out\\server\\src\\server.js:2384:42)\n    at Qh (c:\\Users\\maval\\Downloads\\Agus\\VSCode-win32-x64-1.103.2\\data\\extensions\\uqbar.wollok-lsp-ide-0.5.3\\out\\server\\src\\server.js:2384:1092)\n    at k6n (c:\\Users\\maval\\Downloads\\Agus\\VSCode-win32-x64-1.103.2\\data\\extensions\\uqbar.wollok-lsp-ide-0.5.3\\out\\server\\src\\server.js:2384:1248)\n    at c:\\Users\\maval\\Downloads\\Agus\\VSCode-win32-x64-1.103.2\\data\\extensions\\uqbar.wollok-lsp-ide-0.5.3\\out\\server\\src\\server.js:38:6131\n    at D2 (c:\\Users\\maval\\Downloads\\Agus\\VSCode-win32-x64-1.103.2\\data\\extensions\\uqbar.wollok-lsp-ide-0.5.3\\out\\server\\src\\server.js:2384:42)\n    at c:\\Users\\maval\\Downloads\\Agus\\VSCode-win32-x64-1.103.2\\data\\extensions\\uqbar.wollok-lsp-ide-0.5.3\\out\\server\\src\\server.js:2384:2988\n    at c:\\Users\\maval\\Downloads\\Agus\\VSCode-win32-x64-1.103.2\\data\\extensions\\uqbar.wollok-lsp-ide-0.5.3\\out\\server\\src\\server.js:2393:8440\n    at c:\\Users\\maval\\Downloads\\Agus\\VSCode-win32-x64-1.103.2\\data\\extensions\\uqbar.wollok-lsp-ide-0.5.3\\out\\server\\src\\server.js:37:74872\n    at Ye (c:\\Users\\maval\\Downloads\\Agus\\VSCode-win32-x64-1.103.2\\data\\extensions\\uqbar.wollok-lsp-ide-0.5.3\\out\\server\\src\\server.js:7:8527)","timestamp":"2025-09-13T14:47:44.815Z"}
{"level":"error","message":"✘ Completions for node Variable ([12:2, 12:29] - pgmProgram.wpgm) failed: Error: rivales [Variable]{714f79} at pgmProgram.wpgm:12 exhausted all cases without a match rivales [Variable]{714f79} at pgmProgram.wpgm:12 exhausted all cases without a match","stack":"Error: rivales [Variable]{714f79} at pgmProgram.wpgm:12 exhausted all cases without a match\n    at c:\\Users\\maval\\Downloads\\Agus\\VSCode-win32-x64-1.103.2\\data\\extensions\\uqbar.wollok-lsp-ide-0.5.3\\out\\server\\src\\server.js:38:6142\n    at D2 (c:\\Users\\maval\\Downloads\\Agus\\VSCode-win32-x64-1.103.2\\data\\extensions\\uqbar.wollok-lsp-ide-0.5.3\\out\\server\\src\\server.js:2384:42)\n    at Qh (c:\\Users\\maval\\Downloads\\Agus\\VSCode-win32-x64-1.103.2\\data\\extensions\\uqbar.wollok-lsp-ide-0.5.3\\out\\server\\src\\server.js:2384:1092)\n    at D2 (c:\\Users\\maval\\Downloads\\Agus\\VSCode-win32-x64-1.103.2\\data\\extensions\\uqbar.wollok-lsp-ide-0.5.3\\out\\server\\src\\server.js:2384:544)\n    at Qh (c:\\Users\\maval\\Downloads\\Agus\\VSCode-win32-x64-1.103.2\\data\\extensions\\uqbar.wollok-lsp-ide-0.5.3\\out\\server\\src\\server.js:2384:1092)\n    at k6n (c:\\Users\\maval\\Downloads\\Agus\\VSCode-win32-x64-1.103.2\\data\\extensions\\uqbar.wollok-lsp-ide-0.5.3\\out\\server\\src\\server.js:2384:1248)\n    at c:\\Users\\maval\\Downloads\\Agus\\VSCode-win32-x64-1.103.2\\data\\extensions\\uqbar.wollok-lsp-ide-0.5.3\\out\\server\\src\\server.js:38:6131\n    at D2 (c:\\Users\\maval\\Downloads\\Agus\\VSCode-win32-x64-1.103.2\\data\\extensions\\uqbar.wollok-lsp-ide-0.5.3\\out\\server\\src\\server.js:2384:42)\n    at c:\\Users\\maval\\Downloads\\Agus\\VSCode-win32-x64-1.103.2\\data\\extensions\\uqbar.wollok-lsp-ide-0.5.3\\out\\server\\src\\server.js:2384:2988\n    at c:\\Users\\maval\\Downloads\\Agus\\VSCode-win32-x64-1.103.2\\data\\extensions\\uqbar.wollok-lsp-ide-0.5.3\\out\\server\\src\\server.js:2393:8440","timestamp":"2025-09-13T14:47:44.815Z"}
{"level":"error","message":"✘ Completions for node Literal ([12:18, 12:32] - pgmProgram.wpgm) failed: Error: [Literal]{ce00f0} at pgmProgram.wpgm:12 exhausted all cases without a match [Literal]{ce00f0} at pgmProgram.wpgm:12 exhausted all cases without a match","stack":"Error: [Literal]{ce00f0} at pgmProgram.wpgm:12 exhausted all cases without a match\n    at c:\\Users\\maval\\Downloads\\Agus\\VSCode-win32-x64-1.103.2\\data\\extensions\\uqbar.wollok-lsp-ide-0.5.3\\out\\server\\src\\server.js:38:6142\n    at D2 (c:\\Users\\maval\\Downloads\\Agus\\VSCode-win32-x64-1.103.2\\data\\extensions\\uqbar.wollok-lsp-ide-0.5.3\\out\\server\\src\\server.js:2384:42)\n    at Qh (c:\\Users\\maval\\Downloads\\Agus\\VSCode-win32-x64-1.103.2\\data\\extensions\\uqbar.wollok-lsp-ide-0.5.3\\out\\server\\src\\server.js:2384:1092)\n    at k6n (c:\\Users\\maval\\Downloads\\Agus\\VSCode-win32-x64-1.103.2\\data\\extensions\\uqbar.wollok-lsp-ide-0.5.3\\out\\server\\src\\server.js:2384:1248)\n    at c:\\Users\\maval\\Downloads\\Agus\\VSCode-win32-x64-1.103.2\\data\\extensions\\uqbar.wollok-lsp-ide-0.5.3\\out\\server\\src\\server.js:38:6131\n    at D2 (c:\\Users\\maval\\Downloads\\Agus\\VSCode-win32-x64-1.103.2\\data\\extensions\\uqbar.wollok-lsp-ide-0.5.3\\out\\server\\src\\server.js:2384:42)\n    at c:\\Users\\maval\\Downloads\\Agus\\VSCode-win32-x64-1.103.2\\data\\extensions\\uqbar.wollok-lsp-ide-0.5.3\\out\\server\\src\\server.js:2384:2988\n    at c:\\Users\\maval\\Downloads\\Agus\\VSCode-win32-x64-1.103.2\\data\\extensions\\uqbar.wollok-lsp-ide-0.5.3\\out\\server\\src\\server.js:2393:8440\n    at c:\\Users\\maval\\Downloads\\Agus\\VSCode-win32-x64-1.103.2\\data\\extensions\\uqbar.wollok-lsp-ide-0.5.3\\out\\server\\src\\server.js:37:74872\n    at Ye (c:\\Users\\maval\\Downloads\\Agus\\VSCode-win32-x64-1.103.2\\data\\extensions\\uqbar.wollok-lsp-ide-0.5.3\\out\\server\\src\\server.js:7:8527)","timestamp":"2025-09-13T14:47:45.202Z"}
{"level":"error","message":"✘ Completions for node Variable ([12:2, 12:32] - pgmProgram.wpgm) failed: Error: rivales [Variable]{ac989a} at pgmProgram.wpgm:12 exhausted all cases without a match rivales [Variable]{ac989a} at pgmProgram.wpgm:12 exhausted all cases without a match","stack":"Error: rivales [Variable]{ac989a} at pgmProgram.wpgm:12 exhausted all cases without a match\n    at c:\\Users\\maval\\Downloads\\Agus\\VSCode-win32-x64-1.103.2\\data\\extensions\\uqbar.wollok-lsp-ide-0.5.3\\out\\server\\src\\server.js:38:6142\n    at D2 (c:\\Users\\maval\\Downloads\\Agus\\VSCode-win32-x64-1.103.2\\data\\extensions\\uqbar.wollok-lsp-ide-0.5.3\\out\\server\\src\\server.js:2384:42)\n    at Qh (c:\\Users\\maval\\Downloads\\Agus\\VSCode-win32-x64-1.103.2\\data\\extensions\\uqbar.wollok-lsp-ide-0.5.3\\out\\server\\src\\server.js:2384:1092)\n    at D2 (c:\\Users\\maval\\Downloads\\Agus\\VSCode-win32-x64-1.103.2\\data\\extensions\\uqbar.wollok-lsp-ide-0.5.3\\out\\server\\src\\server.js:2384:544)\n    at Qh (c:\\Users\\maval\\Downloads\\Agus\\VSCode-win32-x64-1.103.2\\data\\extensions\\uqbar.wollok-lsp-ide-0.5.3\\out\\server\\src\\server.js:2384:1092)\n    at k6n (c:\\Users\\maval\\Downloads\\Agus\\VSCode-win32-x64-1.103.2\\data\\extensions\\uqbar.wollok-lsp-ide-0.5.3\\out\\server\\src\\server.js:2384:1248)\n    at c:\\Users\\maval\\Downloads\\Agus\\VSCode-win32-x64-1.103.2\\data\\extensions\\uqbar.wollok-lsp-ide-0.5.3\\out\\server\\src\\server.js:38:6131\n    at D2 (c:\\Users\\maval\\Downloads\\Agus\\VSCode-win32-x64-1.103.2\\data\\extensions\\uqbar.wollok-lsp-ide-0.5.3\\out\\server\\src\\server.js:2384:42)\n    at c:\\Users\\maval\\Downloads\\Agus\\VSCode-win32-x64-1.103.2\\data\\extensions\\uqbar.wollok-lsp-ide-0.5.3\\out\\server\\src\\server.js:2384:2988\n    at c:\\Users\\maval\\Downloads\\Agus\\VSCode-win32-x64-1.103.2\\data\\extensions\\uqbar.wollok-lsp-ide-0.5.3\\out\\server\\src\\server.js:2393:8440","timestamp":"2025-09-13T14:47:45.203Z"}
{"level":"error","message":"✘ Completions for node Literal ([12:18, 12:35] - pgmProgram.wpgm) failed: Error: [Literal]{7245de} at pgmProgram.wpgm:12 exhausted all cases without a match [Literal]{7245de} at pgmProgram.wpgm:12 exhausted all cases without a match","stack":"Error: [Literal]{7245de} at pgmProgram.wpgm:12 exhausted all cases without a match\n    at c:\\Users\\maval\\Downloads\\Agus\\VSCode-win32-x64-1.103.2\\data\\extensions\\uqbar.wollok-lsp-ide-0.5.3\\out\\server\\src\\server.js:38:6142\n    at D2 (c:\\Users\\maval\\Downloads\\Agus\\VSCode-win32-x64-1.103.2\\data\\extensions\\uqbar.wollok-lsp-ide-0.5.3\\out\\server\\src\\server.js:2384:42)\n    at Qh (c:\\Users\\maval\\Downloads\\Agus\\VSCode-win32-x64-1.103.2\\data\\extensions\\uqbar.wollok-lsp-ide-0.5.3\\out\\server\\src\\server.js:2384:1092)\n    at k6n (c:\\Users\\maval\\Downloads\\Agus\\VSCode-win32-x64-1.103.2\\data\\extensions\\uqbar.wollok-lsp-ide-0.5.3\\out\\server\\src\\server.js:2384:1248)\n    at c:\\Users\\maval\\Downloads\\Agus\\VSCode-win32-x64-1.103.2\\data\\extensions\\uqbar.wollok-lsp-ide-0.5.3\\out\\server\\src\\server.js:38:6131\n    at D2 (c:\\Users\\maval\\Downloads\\Agus\\VSCode-win32-x64-1.103.2\\data\\extensions\\uqbar.wollok-lsp-ide-0.5.3\\out\\server\\src\\server.js:2384:42)\n    at c:\\Users\\maval\\Downloads\\Agus\\VSCode-win32-x64-1.103.2\\data\\extensions\\uqbar.wollok-lsp-ide-0.5.3\\out\\server\\src\\server.js:2384:2988\n    at c:\\Users\\maval\\Downloads\\Agus\\VSCode-win32-x64-1.103.2\\data\\extensions\\uqbar.wollok-lsp-ide-0.5.3\\out\\server\\src\\server.js:2393:8440\n    at c:\\Users\\maval\\Downloads\\Agus\\VSCode-win32-x64-1.103.2\\data\\extensions\\uqbar.wollok-lsp-ide-0.5.3\\out\\server\\src\\server.js:37:74872\n    at Ye (c:\\Users\\maval\\Downloads\\Agus\\VSCode-win32-x64-1.103.2\\data\\extensions\\uqbar.wollok-lsp-ide-0.5.3\\out\\server\\src\\server.js:7:8527)","timestamp":"2025-09-13T14:47:45.867Z"}
{"level":"error","message":"✘ Completions for node Variable ([12:2, 12:35] - pgmProgram.wpgm) failed: Error: rivales [Variable]{c48376} at pgmProgram.wpgm:12 exhausted all cases without a match rivales [Variable]{c48376} at pgmProgram.wpgm:12 exhausted all cases without a match","stack":"Error: rivales [Variable]{c48376} at pgmProgram.wpgm:12 exhausted all cases without a match\n    at c:\\Users\\maval\\Downloads\\Agus\\VSCode-win32-x64-1.103.2\\data\\extensions\\uqbar.wollok-lsp-ide-0.5.3\\out\\server\\src\\server.js:38:6142\n    at D2 (c:\\Users\\maval\\Downloads\\Agus\\VSCode-win32-x64-1.103.2\\data\\extensions\\uqbar.wollok-lsp-ide-0.5.3\\out\\server\\src\\server.js:2384:42)\n    at Qh (c:\\Users\\maval\\Downloads\\Agus\\VSCode-win32-x64-1.103.2\\data\\extensions\\uqbar.wollok-lsp-ide-0.5.3\\out\\server\\src\\server.js:2384:1092)\n    at D2 (c:\\Users\\maval\\Downloads\\Agus\\VSCode-win32-x64-1.103.2\\data\\extensions\\uqbar.wollok-lsp-ide-0.5.3\\out\\server\\src\\server.js:2384:544)\n    at Qh (c:\\Users\\maval\\Downloads\\Agus\\VSCode-win32-x64-1.103.2\\data\\extensions\\uqbar.wollok-lsp-ide-0.5.3\\out\\server\\src\\server.js:2384:1092)\n    at k6n (c:\\Users\\maval\\Downloads\\Agus\\VSCode-win32-x64-1.103.2\\data\\extensions\\uqbar.wollok-lsp-ide-0.5.3\\out\\server\\src\\server.js:2384:1248)\n    at c:\\Users\\maval\\Downloads\\Agus\\VSCode-win32-x64-1.103.2\\data\\extensions\\uqbar.wollok-lsp-ide-0.5.3\\out\\server\\src\\server.js:38:6131\n    at D2 (c:\\Users\\maval\\Downloads\\Agus\\VSCode-win32-x64-1.103.2\\data\\extensions\\uqbar.wollok-lsp-ide-0.5.3\\out\\server\\src\\server.js:2384:42)\n    at c:\\Users\\maval\\Downloads\\Agus\\VSCode-win32-x64-1.103.2\\data\\extensions\\uqbar.wollok-lsp-ide-0.5.3\\out\\server\\src\\server.js:2384:2988\n    at c:\\Users\\maval\\Downloads\\Agus\\VSCode-win32-x64-1.103.2\\data\\extensions\\uqbar.wollok-lsp-ide-0.5.3\\out\\server\\src\\server.js:2393:8440","timestamp":"2025-09-13T14:47:45.867Z"}
{"level":"info","message":"⌛ Building environment","timeElapsed":128,"timestamp":"2025-09-13T14:47:46.325Z"}
{"level":"error","message":"✘ Completions for node Literal ([12:18, 12:39] - pgmProgram.wpgm) failed: Error: [Literal]{503a32} at pgmProgram.wpgm:12 exhausted all cases without a match [Literal]{503a32} at pgmProgram.wpgm:12 exhausted all cases without a match","stack":"Error: [Literal]{503a32} at pgmProgram.wpgm:12 exhausted all cases without a match\n    at c:\\Users\\maval\\Downloads\\Agus\\VSCode-win32-x64-1.103.2\\data\\extensions\\uqbar.wollok-lsp-ide-0.5.3\\out\\server\\src\\server.js:38:6142\n    at D2 (c:\\Users\\maval\\Downloads\\Agus\\VSCode-win32-x64-1.103.2\\data\\extensions\\uqbar.wollok-lsp-ide-0.5.3\\out\\server\\src\\server.js:2384:42)\n    at Qh (c:\\Users\\maval\\Downloads\\Agus\\VSCode-win32-x64-1.103.2\\data\\extensions\\uqbar.wollok-lsp-ide-0.5.3\\out\\server\\src\\server.js:2384:1092)\n    at k6n (c:\\Users\\maval\\Downloads\\Agus\\VSCode-win32-x64-1.103.2\\data\\extensions\\uqbar.wollok-lsp-ide-0.5.3\\out\\server\\src\\server.js:2384:1248)\n    at c:\\Users\\maval\\Downloads\\Agus\\VSCode-win32-x64-1.103.2\\data\\extensions\\uqbar.wollok-lsp-ide-0.5.3\\out\\server\\src\\server.js:38:6131\n    at D2 (c:\\Users\\maval\\Downloads\\Agus\\VSCode-win32-x64-1.103.2\\data\\extensions\\uqbar.wollok-lsp-ide-0.5.3\\out\\server\\src\\server.js:2384:42)\n    at c:\\Users\\maval\\Downloads\\Agus\\VSCode-win32-x64-1.103.2\\data\\extensions\\uqbar.wollok-lsp-ide-0.5.3\\out\\server\\src\\server.js:2384:2988\n    at c:\\Users\\maval\\Downloads\\Agus\\VSCode-win32-x64-1.103.2\\data\\extensions\\uqbar.wollok-lsp-ide-0.5.3\\out\\server\\src\\server.js:2393:8440\n    at c:\\Users\\maval\\Downloads\\Agus\\VSCode-win32-x64-1.103.2\\data\\extensions\\uqbar.wollok-lsp-ide-0.5.3\\out\\server\\src\\server.js:37:74872\n    at Ye (c:\\Users\\maval\\Downloads\\Agus\\VSCode-win32-x64-1.103.2\\data\\extensions\\uqbar.wollok-lsp-ide-0.5.3\\out\\server\\src\\server.js:7:8527)","timestamp":"2025-09-13T14:47:46.440Z"}
{"level":"error","message":"✘ Completions for node Variable ([12:2, 12:39] - pgmProgram.wpgm) failed: Error: rivales [Variable]{5d8cc4} at pgmProgram.wpgm:12 exhausted all cases without a match rivales [Variable]{5d8cc4} at pgmProgram.wpgm:12 exhausted all cases without a match","stack":"Error: rivales [Variable]{5d8cc4} at pgmProgram.wpgm:12 exhausted all cases without a match\n    at c:\\Users\\maval\\Downloads\\Agus\\VSCode-win32-x64-1.103.2\\data\\extensions\\uqbar.wollok-lsp-ide-0.5.3\\out\\server\\src\\server.js:38:6142\n    at D2 (c:\\Users\\maval\\Downloads\\Agus\\VSCode-win32-x64-1.103.2\\data\\extensions\\uqbar.wollok-lsp-ide-0.5.3\\out\\server\\src\\server.js:2384:42)\n    at Qh (c:\\Users\\maval\\Downloads\\Agus\\VSCode-win32-x64-1.103.2\\data\\extensions\\uqbar.wollok-lsp-ide-0.5.3\\out\\server\\src\\server.js:2384:1092)\n    at D2 (c:\\Users\\maval\\Downloads\\Agus\\VSCode-win32-x64-1.103.2\\data\\extensions\\uqbar.wollok-lsp-ide-0.5.3\\out\\server\\src\\server.js:2384:544)\n    at Qh (c:\\Users\\maval\\Downloads\\Agus\\VSCode-win32-x64-1.103.2\\data\\extensions\\uqbar.wollok-lsp-ide-0.5.3\\out\\server\\src\\server.js:2384:1092)\n    at k6n (c:\\Users\\maval\\Downloads\\Agus\\VSCode-win32-x64-1.103.2\\data\\extensions\\uqbar.wollok-lsp-ide-0.5.3\\out\\server\\src\\server.js:2384:1248)\n    at c:\\Users\\maval\\Downloads\\Agus\\VSCode-win32-x64-1.103.2\\data\\extensions\\uqbar.wollok-lsp-ide-0.5.3\\out\\server\\src\\server.js:38:6131\n    at D2 (c:\\Users\\maval\\Downloads\\Agus\\VSCode-win32-x64-1.103.2\\data\\extensions\\uqbar.wollok-lsp-ide-0.5.3\\out\\server\\src\\server.js:2384:42)\n    at c:\\Users\\maval\\Downloads\\Agus\\VSCode-win32-x64-1.103.2\\data\\extensions\\uqbar.wollok-lsp-ide-0.5.3\\out\\server\\src\\server.js:2384:2988\n    at c:\\Users\\maval\\Downloads\\Agus\\VSCode-win32-x64-1.103.2\\data\\extensions\\uqbar.wollok-lsp-ide-0.5.3\\out\\server\\src\\server.js:2393:8440","timestamp":"2025-09-13T14:47:46.442Z"}
{"level":"info","message":"⌛ Validating pgmProgram.wpgm","timeElapsed":138,"timestamp":"2025-09-13T14:47:46.852Z"}
{"level":"error","message":"✘ Completions for node Literal ([12:18, 12:43] - pgmProgram.wpgm) failed: Error: [Literal]{f2456e} at pgmProgram.wpgm:12 exhausted all cases without a match [Literal]{f2456e} at pgmProgram.wpgm:12 exhausted all cases without a match","stack":"Error: [Literal]{f2456e} at pgmProgram.wpgm:12 exhausted all cases without a match\n    at c:\\Users\\maval\\Downloads\\Agus\\VSCode-win32-x64-1.103.2\\data\\extensions\\uqbar.wollok-lsp-ide-0.5.3\\out\\server\\src\\server.js:38:6142\n    at D2 (c:\\Users\\maval\\Downloads\\Agus\\VSCode-win32-x64-1.103.2\\data\\extensions\\uqbar.wollok-lsp-ide-0.5.3\\out\\server\\src\\server.js:2384:42)\n    at Qh (c:\\Users\\maval\\Downloads\\Agus\\VSCode-win32-x64-1.103.2\\data\\extensions\\uqbar.wollok-lsp-ide-0.5.3\\out\\server\\src\\server.js:2384:1092)\n    at k6n (c:\\Users\\maval\\Downloads\\Agus\\VSCode-win32-x64-1.103.2\\data\\extensions\\uqbar.wollok-lsp-ide-0.5.3\\out\\server\\src\\server.js:2384:1248)\n    at c:\\Users\\maval\\Downloads\\Agus\\VSCode-win32-x64-1.103.2\\data\\extensions\\uqbar.wollok-lsp-ide-0.5.3\\out\\server\\src\\server.js:38:6131\n    at D2 (c:\\Users\\maval\\Downloads\\Agus\\VSCode-win32-x64-1.103.2\\data\\extensions\\uqbar.wollok-lsp-ide-0.5.3\\out\\server\\src\\server.js:2384:42)\n    at c:\\Users\\maval\\Downloads\\Agus\\VSCode-win32-x64-1.103.2\\data\\extensions\\uqbar.wollok-lsp-ide-0.5.3\\out\\server\\src\\server.js:2384:2988\n    at c:\\Users\\maval\\Downloads\\Agus\\VSCode-win32-x64-1.103.2\\data\\extensions\\uqbar.wollok-lsp-ide-0.5.3\\out\\server\\src\\server.js:2393:8440\n    at c:\\Users\\maval\\Downloads\\Agus\\VSCode-win32-x64-1.103.2\\data\\extensions\\uqbar.wollok-lsp-ide-0.5.3\\out\\server\\src\\server.js:37:74872\n    at Ye (c:\\Users\\maval\\Downloads\\Agus\\VSCode-win32-x64-1.103.2\\data\\extensions\\uqbar.wollok-lsp-ide-0.5.3\\out\\server\\src\\server.js:7:8527)","timestamp":"2025-09-13T14:47:47.115Z"}
{"level":"error","message":"✘ Completions for node Variable ([12:2, 12:43] - pgmProgram.wpgm) failed: Error: rivales [Variable]{5841d2} at pgmProgram.wpgm:12 exhausted all cases without a match rivales [Variable]{5841d2} at pgmProgram.wpgm:12 exhausted all cases without a match","stack":"Error: rivales [Variable]{5841d2} at pgmProgram.wpgm:12 exhausted all cases without a match\n    at c:\\Users\\maval\\Downloads\\Agus\\VSCode-win32-x64-1.103.2\\data\\extensions\\uqbar.wollok-lsp-ide-0.5.3\\out\\server\\src\\server.js:38:6142\n    at D2 (c:\\Users\\maval\\Downloads\\Agus\\VSCode-win32-x64-1.103.2\\data\\extensions\\uqbar.wollok-lsp-ide-0.5.3\\out\\server\\src\\server.js:2384:42)\n    at Qh (c:\\Users\\maval\\Downloads\\Agus\\VSCode-win32-x64-1.103.2\\data\\extensions\\uqbar.wollok-lsp-ide-0.5.3\\out\\server\\src\\server.js:2384:1092)\n    at D2 (c:\\Users\\maval\\Downloads\\Agus\\VSCode-win32-x64-1.103.2\\data\\extensions\\uqbar.wollok-lsp-ide-0.5.3\\out\\server\\src\\server.js:2384:544)\n    at Qh (c:\\Users\\maval\\Downloads\\Agus\\VSCode-win32-x64-1.103.2\\data\\extensions\\uqbar.wollok-lsp-ide-0.5.3\\out\\server\\src\\server.js:2384:1092)\n    at k6n (c:\\Users\\maval\\Downloads\\Agus\\VSCode-win32-x64-1.103.2\\data\\extensions\\uqbar.wollok-lsp-ide-0.5.3\\out\\server\\src\\server.js:2384:1248)\n    at c:\\Users\\maval\\Downloads\\Agus\\VSCode-win32-x64-1.103.2\\data\\extensions\\uqbar.wollok-lsp-ide-0.5.3\\out\\server\\src\\server.js:38:6131\n    at D2 (c:\\Users\\maval\\Downloads\\Agus\\VSCode-win32-x64-1.103.2\\data\\extensions\\uqbar.wollok-lsp-ide-0.5.3\\out\\server\\src\\server.js:2384:42)\n    at c:\\Users\\maval\\Downloads\\Agus\\VSCode-win32-x64-1.103.2\\data\\extensions\\uqbar.wollok-lsp-ide-0.5.3\\out\\server\\src\\server.js:2384:2988\n    at c:\\Users\\maval\\Downloads\\Agus\\VSCode-win32-x64-1.103.2\\data\\extensions\\uqbar.wollok-lsp-ide-0.5.3\\out\\server\\src\\server.js:2393:8440","timestamp":"2025-09-13T14:47:47.115Z"}
{"level":"error","message":"✘ Completions for node Literal ([12:18, 12:45] - pgmProgram.wpgm) failed: Error: [Literal]{bdd203} at pgmProgram.wpgm:12 exhausted all cases without a match [Literal]{bdd203} at pgmProgram.wpgm:12 exhausted all cases without a match","stack":"Error: [Literal]{bdd203} at pgmProgram.wpgm:12 exhausted all cases without a match\n    at c:\\Users\\maval\\Downloads\\Agus\\VSCode-win32-x64-1.103.2\\data\\extensions\\uqbar.wollok-lsp-ide-0.5.3\\out\\server\\src\\server.js:38:6142\n    at D2 (c:\\Users\\maval\\Downloads\\Agus\\VSCode-win32-x64-1.103.2\\data\\extensions\\uqbar.wollok-lsp-ide-0.5.3\\out\\server\\src\\server.js:2384:42)\n    at Qh (c:\\Users\\maval\\Downloads\\Agus\\VSCode-win32-x64-1.103.2\\data\\extensions\\uqbar.wollok-lsp-ide-0.5.3\\out\\server\\src\\server.js:2384:1092)\n    at k6n (c:\\Users\\maval\\Downloads\\Agus\\VSCode-win32-x64-1.103.2\\data\\extensions\\uqbar.wollok-lsp-ide-0.5.3\\out\\server\\src\\server.js:2384:1248)\n    at c:\\Users\\maval\\Downloads\\Agus\\VSCode-win32-x64-1.103.2\\data\\extensions\\uqbar.wollok-lsp-ide-0.5.3\\out\\server\\src\\server.js:38:6131\n    at D2 (c:\\Users\\maval\\Downloads\\Agus\\VSCode-win32-x64-1.103.2\\data\\extensions\\uqbar.wollok-lsp-ide-0.5.3\\out\\server\\src\\server.js:2384:42)\n    at c:\\Users\\maval\\Downloads\\Agus\\VSCode-win32-x64-1.103.2\\data\\extensions\\uqbar.wollok-lsp-ide-0.5.3\\out\\server\\src\\server.js:2384:2988\n    at c:\\Users\\maval\\Downloads\\Agus\\VSCode-win32-x64-1.103.2\\data\\extensions\\uqbar.wollok-lsp-ide-0.5.3\\out\\server\\src\\server.js:2393:8440\n    at c:\\Users\\maval\\Downloads\\Agus\\VSCode-win32-x64-1.103.2\\data\\extensions\\uqbar.wollok-lsp-ide-0.5.3\\out\\server\\src\\server.js:37:74872\n    at Ye (c:\\Users\\maval\\Downloads\\Agus\\VSCode-win32-x64-1.103.2\\data\\extensions\\uqbar.wollok-lsp-ide-0.5.3\\out\\server\\src\\server.js:7:8527)","timestamp":"2025-09-13T14:47:48.042Z"}
{"level":"error","message":"✘ Completions for node Variable ([12:2, 12:45] - pgmProgram.wpgm) failed: Error: rivales [Variable]{1c44f2} at pgmProgram.wpgm:12 exhausted all cases without a match rivales [Variable]{1c44f2} at pgmProgram.wpgm:12 exhausted all cases without a match","stack":"Error: rivales [Variable]{1c44f2} at pgmProgram.wpgm:12 exhausted all cases without a match\n    at c:\\Users\\maval\\Downloads\\Agus\\VSCode-win32-x64-1.103.2\\data\\extensions\\uqbar.wollok-lsp-ide-0.5.3\\out\\server\\src\\server.js:38:6142\n    at D2 (c:\\Users\\maval\\Downloads\\Agus\\VSCode-win32-x64-1.103.2\\data\\extensions\\uqbar.wollok-lsp-ide-0.5.3\\out\\server\\src\\server.js:2384:42)\n    at Qh (c:\\Users\\maval\\Downloads\\Agus\\VSCode-win32-x64-1.103.2\\data\\extensions\\uqbar.wollok-lsp-ide-0.5.3\\out\\server\\src\\server.js:2384:1092)\n    at D2 (c:\\Users\\maval\\Downloads\\Agus\\VSCode-win32-x64-1.103.2\\data\\extensions\\uqbar.wollok-lsp-ide-0.5.3\\out\\server\\src\\server.js:2384:544)\n    at Qh (c:\\Users\\maval\\Downloads\\Agus\\VSCode-win32-x64-1.103.2\\data\\extensions\\uqbar.wollok-lsp-ide-0.5.3\\out\\server\\src\\server.js:2384:1092)\n    at k6n (c:\\Users\\maval\\Downloads\\Agus\\VSCode-win32-x64-1.103.2\\data\\extensions\\uqbar.wollok-lsp-ide-0.5.3\\out\\server\\src\\server.js:2384:1248)\n    at c:\\Users\\maval\\Downloads\\Agus\\VSCode-win32-x64-1.103.2\\data\\extensions\\uqbar.wollok-lsp-ide-0.5.3\\out\\server\\src\\server.js:38:6131\n    at D2 (c:\\Users\\maval\\Downloads\\Agus\\VSCode-win32-x64-1.103.2\\data\\extensions\\uqbar.wollok-lsp-ide-0.5.3\\out\\server\\src\\server.js:2384:42)\n    at c:\\Users\\maval\\Downloads\\Agus\\VSCode-win32-x64-1.103.2\\data\\extensions\\uqbar.wollok-lsp-ide-0.5.3\\out\\server\\src\\server.js:2384:2988\n    at c:\\Users\\maval\\Downloads\\Agus\\VSCode-win32-x64-1.103.2\\data\\extensions\\uqbar.wollok-lsp-ide-0.5.3\\out\\server\\src\\server.js:2393:8440","timestamp":"2025-09-13T14:47:48.043Z"}
{"level":"error","message":"✘ Completions for node Literal ([12:18, 12:46] - pgmProgram.wpgm) failed: Error: [Literal]{4dd0be} at pgmProgram.wpgm:12 exhausted all cases without a match [Literal]{4dd0be} at pgmProgram.wpgm:12 exhausted all cases without a match","stack":"Error: [Literal]{4dd0be} at pgmProgram.wpgm:12 exhausted all cases without a match\n    at c:\\Users\\maval\\Downloads\\Agus\\VSCode-win32-x64-1.103.2\\data\\extensions\\uqbar.wollok-lsp-ide-0.5.3\\out\\server\\src\\server.js:38:6142\n    at D2 (c:\\Users\\maval\\Downloads\\Agus\\VSCode-win32-x64-1.103.2\\data\\extensions\\uqbar.wollok-lsp-ide-0.5.3\\out\\server\\src\\server.js:2384:42)\n    at Qh (c:\\Users\\maval\\Downloads\\Agus\\VSCode-win32-x64-1.103.2\\data\\extensions\\uqbar.wollok-lsp-ide-0.5.3\\out\\server\\src\\server.js:2384:1092)\n    at k6n (c:\\Users\\maval\\Downloads\\Agus\\VSCode-win32-x64-1.103.2\\data\\extensions\\uqbar.wollok-lsp-ide-0.5.3\\out\\server\\src\\server.js:2384:1248)\n    at c:\\Users\\maval\\Downloads\\Agus\\VSCode-win32-x64-1.103.2\\data\\extensions\\uqbar.wollok-lsp-ide-0.5.3\\out\\server\\src\\server.js:38:6131\n    at D2 (c:\\Users\\maval\\Downloads\\Agus\\VSCode-win32-x64-1.103.2\\data\\extensions\\uqbar.wollok-lsp-ide-0.5.3\\out\\server\\src\\server.js:2384:42)\n    at c:\\Users\\maval\\Downloads\\Agus\\VSCode-win32-x64-1.103.2\\data\\extensions\\uqbar.wollok-lsp-ide-0.5.3\\out\\server\\src\\server.js:2384:2988\n    at c:\\Users\\maval\\Downloads\\Agus\\VSCode-win32-x64-1.103.2\\data\\extensions\\uqbar.wollok-lsp-ide-0.5.3\\out\\server\\src\\server.js:2393:8440\n    at c:\\Users\\maval\\Downloads\\Agus\\VSCode-win32-x64-1.103.2\\data\\extensions\\uqbar.wollok-lsp-ide-0.5.3\\out\\server\\src\\server.js:37:74872\n    at Ye (c:\\Users\\maval\\Downloads\\Agus\\VSCode-win32-x64-1.103.2\\data\\extensions\\uqbar.wollok-lsp-ide-0.5.3\\out\\server\\src\\server.js:7:8527)","timestamp":"2025-09-13T14:47:48.258Z"}
{"level":"error","message":"✘ Completions for node Variable ([12:2, 12:46] - pgmProgram.wpgm) failed: Error: rivales [Variable]{b9e1b8} at pgmProgram.wpgm:12 exhausted all cases without a match rivales [Variable]{b9e1b8} at pgmProgram.wpgm:12 exhausted all cases without a match","stack":"Error: rivales [Variable]{b9e1b8} at pgmProgram.wpgm:12 exhausted all cases without a match\n    at c:\\Users\\maval\\Downloads\\Agus\\VSCode-win32-x64-1.103.2\\data\\extensions\\uqbar.wollok-lsp-ide-0.5.3\\out\\server\\src\\server.js:38:6142\n    at D2 (c:\\Users\\maval\\Downloads\\Agus\\VSCode-win32-x64-1.103.2\\data\\extensions\\uqbar.wollok-lsp-ide-0.5.3\\out\\server\\src\\server.js:2384:42)\n    at Qh (c:\\Users\\maval\\Downloads\\Agus\\VSCode-win32-x64-1.103.2\\data\\extensions\\uqbar.wollok-lsp-ide-0.5.3\\out\\server\\src\\server.js:2384:1092)\n    at D2 (c:\\Users\\maval\\Downloads\\Agus\\VSCode-win32-x64-1.103.2\\data\\extensions\\uqbar.wollok-lsp-ide-0.5.3\\out\\server\\src\\server.js:2384:544)\n    at Qh (c:\\Users\\maval\\Downloads\\Agus\\VSCode-win32-x64-1.103.2\\data\\extensions\\uqbar.wollok-lsp-ide-0.5.3\\out\\server\\src\\server.js:2384:1092)\n    at k6n (c:\\Users\\maval\\Downloads\\Agus\\VSCode-win32-x64-1.103.2\\data\\extensions\\uqbar.wollok-lsp-ide-0.5.3\\out\\server\\src\\server.js:2384:1248)\n    at c:\\Users\\maval\\Downloads\\Agus\\VSCode-win32-x64-1.103.2\\data\\extensions\\uqbar.wollok-lsp-ide-0.5.3\\out\\server\\src\\server.js:38:6131\n    at D2 (c:\\Users\\maval\\Downloads\\Agus\\VSCode-win32-x64-1.103.2\\data\\extensions\\uqbar.wollok-lsp-ide-0.5.3\\out\\server\\src\\server.js:2384:42)\n    at c:\\Users\\maval\\Downloads\\Agus\\VSCode-win32-x64-1.103.2\\data\\extensions\\uqbar.wollok-lsp-ide-0.5.3\\out\\server\\src\\server.js:2384:2988\n    at c:\\Users\\maval\\Downloads\\Agus\\VSCode-win32-x64-1.103.2\\data\\extensions\\uqbar.wollok-lsp-ide-0.5.3\\out\\server\\src\\server.js:2393:8440","timestamp":"2025-09-13T14:47:48.258Z"}
{"level":"info","message":"⌛ Validating pgmProgram.wpgm","timeElapsed":115,"timestamp":"2025-09-13T14:50:25.268Z"}
{"level":"info","message":"⌛ Validating pgmProgram.wpgm","timeElapsed":104,"timestamp":"2025-09-13T14:50:26.856Z"}
{"level":"info","message":"⌛ Validating pgmProgram.wpgm","timeElapsed":142,"timestamp":"2025-09-13T14:50:27.843Z"}
{"level":"info","message":"⌛ Validating pgmProgram.wpgm","timeElapsed":111,"timestamp":"2025-09-13T14:50:28.073Z"}
{"level":"error","message":"✘ Completions for node Return (undefined - pgmProgram.wpgm) failed: Error: [Return]{0ba0ea} at pgmProgram.wpgm:-- exhausted all cases without a match [Return]{0ba0ea} at pgmProgram.wpgm:-- exhausted all cases without a match","stack":"Error: [Return]{0ba0ea} at pgmProgram.wpgm:-- exhausted all cases without a match\n    at c:\\Users\\maval\\Downloads\\Agus\\VSCode-win32-x64-1.103.2\\data\\extensions\\uqbar.wollok-lsp-ide-0.5.3\\out\\server\\src\\server.js:38:6142\n    at D2 (c:\\Users\\maval\\Downloads\\Agus\\VSCode-win32-x64-1.103.2\\data\\extensions\\uqbar.wollok-lsp-ide-0.5.3\\out\\server\\src\\server.js:2384:42)\n    at Qh (c:\\Users\\maval\\Downloads\\Agus\\VSCode-win32-x64-1.103.2\\data\\extensions\\uqbar.wollok-lsp-ide-0.5.3\\out\\server\\src\\server.js:2384:1092)\n    at k6n (c:\\Users\\maval\\Downloads\\Agus\\VSCode-win32-x64-1.103.2\\data\\extensions\\uqbar.wollok-lsp-ide-0.5.3\\out\\server\\src\\server.js:2384:1248)\n    at c:\\Users\\maval\\Downloads\\Agus\\VSCode-win32-x64-1.103.2\\data\\extensions\\uqbar.wollok-lsp-ide-0.5.3\\out\\server\\src\\server.js:38:6131\n    at D2 (c:\\Users\\maval\\Downloads\\Agus\\VSCode-win32-x64-1.103.2\\data\\extensions\\uqbar.wollok-lsp-ide-0.5.3\\out\\server\\src\\server.js:2384:42)\n    at c:\\Users\\maval\\Downloads\\Agus\\VSCode-win32-x64-1.103.2\\data\\extensions\\uqbar.wollok-lsp-ide-0.5.3\\out\\server\\src\\server.js:2384:2988\n    at c:\\Users\\maval\\Downloads\\Agus\\VSCode-win32-x64-1.103.2\\data\\extensions\\uqbar.wollok-lsp-ide-0.5.3\\out\\server\\src\\server.js:2393:8440\n    at c:\\Users\\maval\\Downloads\\Agus\\VSCode-win32-x64-1.103.2\\data\\extensions\\uqbar.wollok-lsp-ide-0.5.3\\out\\server\\src\\server.js:37:74872\n    at Ye (c:\\Users\\maval\\Downloads\\Agus\\VSCode-win32-x64-1.103.2\\data\\extensions\\uqbar.wollok-lsp-ide-0.5.3\\out\\server\\src\\server.js:7:8527)","timestamp":"2025-09-13T14:50:32.149Z"}
{"level":"info","message":"⌛ Validating pgmProgram.wpgm","timeElapsed":150,"timestamp":"2025-09-13T14:50:32.301Z"}
{"level":"error","message":"✘ Completions for node Return (undefined - pgmProgram.wpgm) failed: Error: [Return]{0ec8b9} at pgmProgram.wpgm:-- exhausted all cases without a match [Return]{0ec8b9} at pgmProgram.wpgm:-- exhausted all cases without a match","stack":"Error: [Return]{0ec8b9} at pgmProgram.wpgm:-- exhausted all cases without a match\n    at c:\\Users\\maval\\Downloads\\Agus\\VSCode-win32-x64-1.103.2\\data\\extensions\\uqbar.wollok-lsp-ide-0.5.3\\out\\server\\src\\server.js:38:6142\n    at D2 (c:\\Users\\maval\\Downloads\\Agus\\VSCode-win32-x64-1.103.2\\data\\extensions\\uqbar.wollok-lsp-ide-0.5.3\\out\\server\\src\\server.js:2384:42)\n    at Qh (c:\\Users\\maval\\Downloads\\Agus\\VSCode-win32-x64-1.103.2\\data\\extensions\\uqbar.wollok-lsp-ide-0.5.3\\out\\server\\src\\server.js:2384:1092)\n    at k6n (c:\\Users\\maval\\Downloads\\Agus\\VSCode-win32-x64-1.103.2\\data\\extensions\\uqbar.wollok-lsp-ide-0.5.3\\out\\server\\src\\server.js:2384:1248)\n    at c:\\Users\\maval\\Downloads\\Agus\\VSCode-win32-x64-1.103.2\\data\\extensions\\uqbar.wollok-lsp-ide-0.5.3\\out\\server\\src\\server.js:38:6131\n    at D2 (c:\\Users\\maval\\Downloads\\Agus\\VSCode-win32-x64-1.103.2\\data\\extensions\\uqbar.wollok-lsp-ide-0.5.3\\out\\server\\src\\server.js:2384:42)\n    at c:\\Users\\maval\\Downloads\\Agus\\VSCode-win32-x64-1.103.2\\data\\extensions\\uqbar.wollok-lsp-ide-0.5.3\\out\\server\\src\\server.js:2384:2988\n    at c:\\Users\\maval\\Downloads\\Agus\\VSCode-win32-x64-1.103.2\\data\\extensions\\uqbar.wollok-lsp-ide-0.5.3\\out\\server\\src\\server.js:2393:8440\n    at c:\\Users\\maval\\Downloads\\Agus\\VSCode-win32-x64-1.103.2\\data\\extensions\\uqbar.wollok-lsp-ide-0.5.3\\out\\server\\src\\server.js:37:74872\n    at Ye (c:\\Users\\maval\\Downloads\\Agus\\VSCode-win32-x64-1.103.2\\data\\extensions\\uqbar.wollok-lsp-ide-0.5.3\\out\\server\\src\\server.js:7:8527)","timestamp":"2025-09-13T14:50:32.559Z"}
{"level":"error","message":"✘ Completions for node Return (undefined - pgmProgram.wpgm) failed: Error: [Return]{c28c5f} at pgmProgram.wpgm:-- exhausted all cases without a match [Return]{c28c5f} at pgmProgram.wpgm:-- exhausted all cases without a match","stack":"Error: [Return]{c28c5f} at pgmProgram.wpgm:-- exhausted all cases without a match\n    at c:\\Users\\maval\\Downloads\\Agus\\VSCode-win32-x64-1.103.2\\data\\extensions\\uqbar.wollok-lsp-ide-0.5.3\\out\\server\\src\\server.js:38:6142\n    at D2 (c:\\Users\\maval\\Downloads\\Agus\\VSCode-win32-x64-1.103.2\\data\\extensions\\uqbar.wollok-lsp-ide-0.5.3\\out\\server\\src\\server.js:2384:42)\n    at Qh (c:\\Users\\maval\\Downloads\\Agus\\VSCode-win32-x64-1.103.2\\data\\extensions\\uqbar.wollok-lsp-ide-0.5.3\\out\\server\\src\\server.js:2384:1092)\n    at k6n (c:\\Users\\maval\\Downloads\\Agus\\VSCode-win32-x64-1.103.2\\data\\extensions\\uqbar.wollok-lsp-ide-0.5.3\\out\\server\\src\\server.js:2384:1248)\n    at c:\\Users\\maval\\Downloads\\Agus\\VSCode-win32-x64-1.103.2\\data\\extensions\\uqbar.wollok-lsp-ide-0.5.3\\out\\server\\src\\server.js:38:6131\n    at D2 (c:\\Users\\maval\\Downloads\\Agus\\VSCode-win32-x64-1.103.2\\data\\extensions\\uqbar.wollok-lsp-ide-0.5.3\\out\\server\\src\\server.js:2384:42)\n    at c:\\Users\\maval\\Downloads\\Agus\\VSCode-win32-x64-1.103.2\\data\\extensions\\uqbar.wollok-lsp-ide-0.5.3\\out\\server\\src\\server.js:2384:2988\n    at c:\\Users\\maval\\Downloads\\Agus\\VSCode-win32-x64-1.103.2\\data\\extensions\\uqbar.wollok-lsp-ide-0.5.3\\out\\server\\src\\server.js:2393:8440\n    at c:\\Users\\maval\\Downloads\\Agus\\VSCode-win32-x64-1.103.2\\data\\extensions\\uqbar.wollok-lsp-ide-0.5.3\\out\\server\\src\\server.js:37:74872\n    at Ye (c:\\Users\\maval\\Downloads\\Agus\\VSCode-win32-x64-1.103.2\\data\\extensions\\uqbar.wollok-lsp-ide-0.5.3\\out\\server\\src\\server.js:7:8527)","timestamp":"2025-09-13T14:50:34.102Z"}
{"level":"error","message":"✘ Completions for node Return (undefined - pgmProgram.wpgm) failed: Error: [Return]{ccf0aa} at pgmProgram.wpgm:-- exhausted all cases without a match [Return]{ccf0aa} at pgmProgram.wpgm:-- exhausted all cases without a match","stack":"Error: [Return]{ccf0aa} at pgmProgram.wpgm:-- exhausted all cases without a match\n    at c:\\Users\\maval\\Downloads\\Agus\\VSCode-win32-x64-1.103.2\\data\\extensions\\uqbar.wollok-lsp-ide-0.5.3\\out\\server\\src\\server.js:38:6142\n    at D2 (c:\\Users\\maval\\Downloads\\Agus\\VSCode-win32-x64-1.103.2\\data\\extensions\\uqbar.wollok-lsp-ide-0.5.3\\out\\server\\src\\server.js:2384:42)\n    at Qh (c:\\Users\\maval\\Downloads\\Agus\\VSCode-win32-x64-1.103.2\\data\\extensions\\uqbar.wollok-lsp-ide-0.5.3\\out\\server\\src\\server.js:2384:1092)\n    at k6n (c:\\Users\\maval\\Downloads\\Agus\\VSCode-win32-x64-1.103.2\\data\\extensions\\uqbar.wollok-lsp-ide-0.5.3\\out\\server\\src\\server.js:2384:1248)\n    at c:\\Users\\maval\\Downloads\\Agus\\VSCode-win32-x64-1.103.2\\data\\extensions\\uqbar.wollok-lsp-ide-0.5.3\\out\\server\\src\\server.js:38:6131\n    at D2 (c:\\Users\\maval\\Downloads\\Agus\\VSCode-win32-x64-1.103.2\\data\\extensions\\uqbar.wollok-lsp-ide-0.5.3\\out\\server\\src\\server.js:2384:42)\n    at c:\\Users\\maval\\Downloads\\Agus\\VSCode-win32-x64-1.103.2\\data\\extensions\\uqbar.wollok-lsp-ide-0.5.3\\out\\server\\src\\server.js:2384:2988\n    at c:\\Users\\maval\\Downloads\\Agus\\VSCode-win32-x64-1.103.2\\data\\extensions\\uqbar.wollok-lsp-ide-0.5.3\\out\\server\\src\\server.js:2393:8440\n    at c:\\Users\\maval\\Downloads\\Agus\\VSCode-win32-x64-1.103.2\\data\\extensions\\uqbar.wollok-lsp-ide-0.5.3\\out\\server\\src\\server.js:37:74872\n    at Ye (c:\\Users\\maval\\Downloads\\Agus\\VSCode-win32-x64-1.103.2\\data\\extensions\\uqbar.wollok-lsp-ide-0.5.3\\out\\server\\src\\server.js:7:8527)","timestamp":"2025-09-13T14:50:34.276Z"}
{"level":"info","message":"⌛ Validating pgmProgram.wpgm","timeElapsed":117,"timestamp":"2025-09-13T14:50:34.454Z"}
{"level":"info","message":"⌛ Validating pgmProgram.wpgm","timeElapsed":101,"timestamp":"2025-09-13T14:50:35.253Z"}
{"level":"error","message":"✘ Completions for node Return (undefined - pgmProgram.wpgm) failed: Error: [Return]{19468a} at pgmProgram.wpgm:-- exhausted all cases without a match [Return]{19468a} at pgmProgram.wpgm:-- exhausted all cases without a match","stack":"Error: [Return]{19468a} at pgmProgram.wpgm:-- exhausted all cases without a match\n    at c:\\Users\\maval\\Downloads\\Agus\\VSCode-win32-x64-1.103.2\\data\\extensions\\uqbar.wollok-lsp-ide-0.5.3\\out\\server\\src\\server.js:38:6142\n    at D2 (c:\\Users\\maval\\Downloads\\Agus\\VSCode-win32-x64-1.103.2\\data\\extensions\\uqbar.wollok-lsp-ide-0.5.3\\out\\server\\src\\server.js:2384:42)\n    at Qh (c:\\Users\\maval\\Downloads\\Agus\\VSCode-win32-x64-1.103.2\\data\\extensions\\uqbar.wollok-lsp-ide-0.5.3\\out\\server\\src\\server.js:2384:1092)\n    at k6n (c:\\Users\\maval\\Downloads\\Agus\\VSCode-win32-x64-1.103.2\\data\\extensions\\uqbar.wollok-lsp-ide-0.5.3\\out\\server\\src\\server.js:2384:1248)\n    at c:\\Users\\maval\\Downloads\\Agus\\VSCode-win32-x64-1.103.2\\data\\extensions\\uqbar.wollok-lsp-ide-0.5.3\\out\\server\\src\\server.js:38:6131\n    at D2 (c:\\Users\\maval\\Downloads\\Agus\\VSCode-win32-x64-1.103.2\\data\\extensions\\uqbar.wollok-lsp-ide-0.5.3\\out\\server\\src\\server.js:2384:42)\n    at c:\\Users\\maval\\Downloads\\Agus\\VSCode-win32-x64-1.103.2\\data\\extensions\\uqbar.wollok-lsp-ide-0.5.3\\out\\server\\src\\server.js:2384:2988\n    at c:\\Users\\maval\\Downloads\\Agus\\VSCode-win32-x64-1.103.2\\data\\extensions\\uqbar.wollok-lsp-ide-0.5.3\\out\\server\\src\\server.js:2393:8440\n    at c:\\Users\\maval\\Downloads\\Agus\\VSCode-win32-x64-1.103.2\\data\\extensions\\uqbar.wollok-lsp-ide-0.5.3\\out\\server\\src\\server.js:37:74872\n    at Ye (c:\\Users\\maval\\Downloads\\Agus\\VSCode-win32-x64-1.103.2\\data\\extensions\\uqbar.wollok-lsp-ide-0.5.3\\out\\server\\src\\server.js:7:8527)","timestamp":"2025-09-13T14:51:09.838Z"}
{"level":"info","message":"⌛ Validating pgmProgram.wpgm","timeElapsed":106,"timestamp":"2025-09-13T14:51:09.951Z"}
{"level":"error","message":"✘ Completions for node Return (undefined - pgmProgram.wpgm) failed: Error: [Return]{0be4d8} at pgmProgram.wpgm:-- exhausted all cases without a match [Return]{0be4d8} at pgmProgram.wpgm:-- exhausted all cases without a match","stack":"Error: [Return]{0be4d8} at pgmProgram.wpgm:-- exhausted all cases without a match\n    at c:\\Users\\maval\\Downloads\\Agus\\VSCode-win32-x64-1.103.2\\data\\extensions\\uqbar.wollok-lsp-ide-0.5.3\\out\\server\\src\\server.js:38:6142\n    at D2 (c:\\Users\\maval\\Downloads\\Agus\\VSCode-win32-x64-1.103.2\\data\\extensions\\uqbar.wollok-lsp-ide-0.5.3\\out\\server\\src\\server.js:2384:42)\n    at Qh (c:\\Users\\maval\\Downloads\\Agus\\VSCode-win32-x64-1.103.2\\data\\extensions\\uqbar.wollok-lsp-ide-0.5.3\\out\\server\\src\\server.js:2384:1092)\n    at k6n (c:\\Users\\maval\\Downloads\\Agus\\VSCode-win32-x64-1.103.2\\data\\extensions\\uqbar.wollok-lsp-ide-0.5.3\\out\\server\\src\\server.js:2384:1248)\n    at c:\\Users\\maval\\Downloads\\Agus\\VSCode-win32-x64-1.103.2\\data\\extensions\\uqbar.wollok-lsp-ide-0.5.3\\out\\server\\src\\server.js:38:6131\n    at D2 (c:\\Users\\maval\\Downloads\\Agus\\VSCode-win32-x64-1.103.2\\data\\extensions\\uqbar.wollok-lsp-ide-0.5.3\\out\\server\\src\\server.js:2384:42)\n    at c:\\Users\\maval\\Downloads\\Agus\\VSCode-win32-x64-1.103.2\\data\\extensions\\uqbar.wollok-lsp-ide-0.5.3\\out\\server\\src\\server.js:2384:2988\n    at c:\\Users\\maval\\Downloads\\Agus\\VSCode-win32-x64-1.103.2\\data\\extensions\\uqbar.wollok-lsp-ide-0.5.3\\out\\server\\src\\server.js:2393:8440\n    at c:\\Users\\maval\\Downloads\\Agus\\VSCode-win32-x64-1.103.2\\data\\extensions\\uqbar.wollok-lsp-ide-0.5.3\\out\\server\\src\\server.js:37:74872\n    at Ye (c:\\Users\\maval\\Downloads\\Agus\\VSCode-win32-x64-1.103.2\\data\\extensions\\uqbar.wollok-lsp-ide-0.5.3\\out\\server\\src\\server.js:7:8527)","timestamp":"2025-09-13T14:51:12.631Z"}
{"level":"info","message":"⌛ Validating pgmProgram.wpgm","timeElapsed":112,"timestamp":"2025-09-13T14:51:13.580Z"}
{"level":"error","message":"✘ Completions for node Return (undefined - pgmProgram.wpgm) failed: Error: [Return]{46aa4b} at pgmProgram.wpgm:-- exhausted all cases without a match [Return]{46aa4b} at pgmProgram.wpgm:-- exhausted all cases without a match","stack":"Error: [Return]{46aa4b} at pgmProgram.wpgm:-- exhausted all cases without a match\n    at c:\\Users\\maval\\Downloads\\Agus\\VSCode-win32-x64-1.103.2\\data\\extensions\\uqbar.wollok-lsp-ide-0.5.3\\out\\server\\src\\server.js:38:6142\n    at D2 (c:\\Users\\maval\\Downloads\\Agus\\VSCode-win32-x64-1.103.2\\data\\extensions\\uqbar.wollok-lsp-ide-0.5.3\\out\\server\\src\\server.js:2384:42)\n    at Qh (c:\\Users\\maval\\Downloads\\Agus\\VSCode-win32-x64-1.103.2\\data\\extensions\\uqbar.wollok-lsp-ide-0.5.3\\out\\server\\src\\server.js:2384:1092)\n    at k6n (c:\\Users\\maval\\Downloads\\Agus\\VSCode-win32-x64-1.103.2\\data\\extensions\\uqbar.wollok-lsp-ide-0.5.3\\out\\server\\src\\server.js:2384:1248)\n    at c:\\Users\\maval\\Downloads\\Agus\\VSCode-win32-x64-1.103.2\\data\\extensions\\uqbar.wollok-lsp-ide-0.5.3\\out\\server\\src\\server.js:38:6131\n    at D2 (c:\\Users\\maval\\Downloads\\Agus\\VSCode-win32-x64-1.103.2\\data\\extensions\\uqbar.wollok-lsp-ide-0.5.3\\out\\server\\src\\server.js:2384:42)\n    at c:\\Users\\maval\\Downloads\\Agus\\VSCode-win32-x64-1.103.2\\data\\extensions\\uqbar.wollok-lsp-ide-0.5.3\\out\\server\\src\\server.js:2384:2988\n    at c:\\Users\\maval\\Downloads\\Agus\\VSCode-win32-x64-1.103.2\\data\\extensions\\uqbar.wollok-lsp-ide-0.5.3\\out\\server\\src\\server.js:2393:8440\n    at c:\\Users\\maval\\Downloads\\Agus\\VSCode-win32-x64-1.103.2\\data\\extensions\\uqbar.wollok-lsp-ide-0.5.3\\out\\server\\src\\server.js:37:74872\n    at Ye (c:\\Users\\maval\\Downloads\\Agus\\VSCode-win32-x64-1.103.2\\data\\extensions\\uqbar.wollok-lsp-ide-0.5.3\\out\\server\\src\\server.js:7:8527)","timestamp":"2025-09-13T14:51:14.166Z"}
{"level":"info","message":"⌛ Building environment","timeElapsed":116,"timestamp":"2025-09-13T14:51:14.354Z"}
{"level":"error","message":"✘ Completions for node Return (undefined - pgmProgram.wpgm) failed: Error: [Return]{ea18ac} at pgmProgram.wpgm:-- exhausted all cases without a match [Return]{ea18ac} at pgmProgram.wpgm:-- exhausted all cases without a match","stack":"Error: [Return]{ea18ac} at pgmProgram.wpgm:-- exhausted all cases without a match\n    at c:\\Users\\maval\\Downloads\\Agus\\VSCode-win32-x64-1.103.2\\data\\extensions\\uqbar.wollok-lsp-ide-0.5.3\\out\\server\\src\\server.js:38:6142\n    at D2 (c:\\Users\\maval\\Downloads\\Agus\\VSCode-win32-x64-1.103.2\\data\\extensions\\uqbar.wollok-lsp-ide-0.5.3\\out\\server\\src\\server.js:2384:42)\n    at Qh (c:\\Users\\maval\\Downloads\\Agus\\VSCode-win32-x64-1.103.2\\data\\extensions\\uqbar.wollok-lsp-ide-0.5.3\\out\\server\\src\\server.js:2384:1092)\n    at k6n (c:\\Users\\maval\\Downloads\\Agus\\VSCode-win32-x64-1.103.2\\data\\extensions\\uqbar.wollok-lsp-ide-0.5.3\\out\\server\\src\\server.js:2384:1248)\n    at c:\\Users\\maval\\Downloads\\Agus\\VSCode-win32-x64-1.103.2\\data\\extensions\\uqbar.wollok-lsp-ide-0.5.3\\out\\server\\src\\server.js:38:6131\n    at D2 (c:\\Users\\maval\\Downloads\\Agus\\VSCode-win32-x64-1.103.2\\data\\extensions\\uqbar.wollok-lsp-ide-0.5.3\\out\\server\\src\\server.js:2384:42)\n    at c:\\Users\\maval\\Downloads\\Agus\\VSCode-win32-x64-1.103.2\\data\\extensions\\uqbar.wollok-lsp-ide-0.5.3\\out\\server\\src\\server.js:2384:2988\n    at c:\\Users\\maval\\Downloads\\Agus\\VSCode-win32-x64-1.103.2\\data\\extensions\\uqbar.wollok-lsp-ide-0.5.3\\out\\server\\src\\server.js:2393:8440\n    at c:\\Users\\maval\\Downloads\\Agus\\VSCode-win32-x64-1.103.2\\data\\extensions\\uqbar.wollok-lsp-ide-0.5.3\\out\\server\\src\\server.js:37:74872\n    at Ye (c:\\Users\\maval\\Downloads\\Agus\\VSCode-win32-x64-1.103.2\\data\\extensions\\uqbar.wollok-lsp-ide-0.5.3\\out\\server\\src\\server.js:7:8527)","timestamp":"2025-09-13T14:51:14.456Z"}
{"level":"error","message":"✘ Completions for node Return (undefined - pgmProgram.wpgm) failed: Error: [Return]{c37c5e} at pgmProgram.wpgm:-- exhausted all cases without a match [Return]{c37c5e} at pgmProgram.wpgm:-- exhausted all cases without a match","stack":"Error: [Return]{c37c5e} at pgmProgram.wpgm:-- exhausted all cases without a match\n    at c:\\Users\\maval\\Downloads\\Agus\\VSCode-win32-x64-1.103.2\\data\\extensions\\uqbar.wollok-lsp-ide-0.5.3\\out\\server\\src\\server.js:38:6142\n    at D2 (c:\\Users\\maval\\Downloads\\Agus\\VSCode-win32-x64-1.103.2\\data\\extensions\\uqbar.wollok-lsp-ide-0.5.3\\out\\server\\src\\server.js:2384:42)\n    at Qh (c:\\Users\\maval\\Downloads\\Agus\\VSCode-win32-x64-1.103.2\\data\\extensions\\uqbar.wollok-lsp-ide-0.5.3\\out\\server\\src\\server.js:2384:1092)\n    at k6n (c:\\Users\\maval\\Downloads\\Agus\\VSCode-win32-x64-1.103.2\\data\\extensions\\uqbar.wollok-lsp-ide-0.5.3\\out\\server\\src\\server.js:2384:1248)\n    at c:\\Users\\maval\\Downloads\\Agus\\VSCode-win32-x64-1.103.2\\data\\extensions\\uqbar.wollok-lsp-ide-0.5.3\\out\\server\\src\\server.js:38:6131\n    at D2 (c:\\Users\\maval\\Downloads\\Agus\\VSCode-win32-x64-1.103.2\\data\\extensions\\uqbar.wollok-lsp-ide-0.5.3\\out\\server\\src\\server.js:2384:42)\n    at c:\\Users\\maval\\Downloads\\Agus\\VSCode-win32-x64-1.103.2\\data\\extensions\\uqbar.wollok-lsp-ide-0.5.3\\out\\server\\src\\server.js:2384:2988\n    at c:\\Users\\maval\\Downloads\\Agus\\VSCode-win32-x64-1.103.2\\data\\extensions\\uqbar.wollok-lsp-ide-0.5.3\\out\\server\\src\\server.js:2393:8440\n    at c:\\Users\\maval\\Downloads\\Agus\\VSCode-win32-x64-1.103.2\\data\\extensions\\uqbar.wollok-lsp-ide-0.5.3\\out\\server\\src\\server.js:37:74872\n    at Ye (c:\\Users\\maval\\Downloads\\Agus\\VSCode-win32-x64-1.103.2\\data\\extensions\\uqbar.wollok-lsp-ide-0.5.3\\out\\server\\src\\server.js:7:8527)","timestamp":"2025-09-13T14:51:15.055Z"}
{"level":"error","message":"✘ Completions for node Return (undefined - pgmProgram.wpgm) failed: Error: [Return]{dc0330} at pgmProgram.wpgm:-- exhausted all cases without a match [Return]{dc0330} at pgmProgram.wpgm:-- exhausted all cases without a match","stack":"Error: [Return]{dc0330} at pgmProgram.wpgm:-- exhausted all cases without a match\n    at c:\\Users\\maval\\Downloads\\Agus\\VSCode-win32-x64-1.103.2\\data\\extensions\\uqbar.wollok-lsp-ide-0.5.3\\out\\server\\src\\server.js:38:6142\n    at D2 (c:\\Users\\maval\\Downloads\\Agus\\VSCode-win32-x64-1.103.2\\data\\extensions\\uqbar.wollok-lsp-ide-0.5.3\\out\\server\\src\\server.js:2384:42)\n    at Qh (c:\\Users\\maval\\Downloads\\Agus\\VSCode-win32-x64-1.103.2\\data\\extensions\\uqbar.wollok-lsp-ide-0.5.3\\out\\server\\src\\server.js:2384:1092)\n    at k6n (c:\\Users\\maval\\Downloads\\Agus\\VSCode-win32-x64-1.103.2\\data\\extensions\\uqbar.wollok-lsp-ide-0.5.3\\out\\server\\src\\server.js:2384:1248)\n    at c:\\Users\\maval\\Downloads\\Agus\\VSCode-win32-x64-1.103.2\\data\\extensions\\uqbar.wollok-lsp-ide-0.5.3\\out\\server\\src\\server.js:38:6131\n    at D2 (c:\\Users\\maval\\Downloads\\Agus\\VSCode-win32-x64-1.103.2\\data\\extensions\\uqbar.wollok-lsp-ide-0.5.3\\out\\server\\src\\server.js:2384:42)\n    at c:\\Users\\maval\\Downloads\\Agus\\VSCode-win32-x64-1.103.2\\data\\extensions\\uqbar.wollok-lsp-ide-0.5.3\\out\\server\\src\\server.js:2384:2988\n    at c:\\Users\\maval\\Downloads\\Agus\\VSCode-win32-x64-1.103.2\\data\\extensions\\uqbar.wollok-lsp-ide-0.5.3\\out\\server\\src\\server.js:2393:8440\n    at c:\\Users\\maval\\Downloads\\Agus\\VSCode-win32-x64-1.103.2\\data\\extensions\\uqbar.wollok-lsp-ide-0.5.3\\out\\server\\src\\server.js:37:74872\n    at Ye (c:\\Users\\maval\\Downloads\\Agus\\VSCode-win32-x64-1.103.2\\data\\extensions\\uqbar.wollok-lsp-ide-0.5.3\\out\\server\\src\\server.js:7:8527)","timestamp":"2025-09-13T14:51:15.349Z"}
{"level":"error","message":"✘ Completions for node Return (undefined - pgmProgram.wpgm) failed: Error: [Return]{67d525} at pgmProgram.wpgm:-- exhausted all cases without a match [Return]{67d525} at pgmProgram.wpgm:-- exhausted all cases without a match","stack":"Error: [Return]{67d525} at pgmProgram.wpgm:-- exhausted all cases without a match\n    at c:\\Users\\maval\\Downloads\\Agus\\VSCode-win32-x64-1.103.2\\data\\extensions\\uqbar.wollok-lsp-ide-0.5.3\\out\\server\\src\\server.js:38:6142\n    at D2 (c:\\Users\\maval\\Downloads\\Agus\\VSCode-win32-x64-1.103.2\\data\\extensions\\uqbar.wollok-lsp-ide-0.5.3\\out\\server\\src\\server.js:2384:42)\n    at Qh (c:\\Users\\maval\\Downloads\\Agus\\VSCode-win32-x64-1.103.2\\data\\extensions\\uqbar.wollok-lsp-ide-0.5.3\\out\\server\\src\\server.js:2384:1092)\n    at k6n (c:\\Users\\maval\\Downloads\\Agus\\VSCode-win32-x64-1.103.2\\data\\extensions\\uqbar.wollok-lsp-ide-0.5.3\\out\\server\\src\\server.js:2384:1248)\n    at c:\\Users\\maval\\Downloads\\Agus\\VSCode-win32-x64-1.103.2\\data\\extensions\\uqbar.wollok-lsp-ide-0.5.3\\out\\server\\src\\server.js:38:6131\n    at D2 (c:\\Users\\maval\\Downloads\\Agus\\VSCode-win32-x64-1.103.2\\data\\extensions\\uqbar.wollok-lsp-ide-0.5.3\\out\\server\\src\\server.js:2384:42)\n    at c:\\Users\\maval\\Downloads\\Agus\\VSCode-win32-x64-1.103.2\\data\\extensions\\uqbar.wollok-lsp-ide-0.5.3\\out\\server\\src\\server.js:2384:2988\n    at c:\\Users\\maval\\Downloads\\Agus\\VSCode-win32-x64-1.103.2\\data\\extensions\\uqbar.wollok-lsp-ide-0.5.3\\out\\server\\src\\server.js:2393:8440\n    at c:\\Users\\maval\\Downloads\\Agus\\VSCode-win32-x64-1.103.2\\data\\extensions\\uqbar.wollok-lsp-ide-0.5.3\\out\\server\\src\\server.js:37:74872\n    at Ye (c:\\Users\\maval\\Downloads\\Agus\\VSCode-win32-x64-1.103.2\\data\\extensions\\uqbar.wollok-lsp-ide-0.5.3\\out\\server\\src\\server.js:7:8527)","timestamp":"2025-09-13T14:51:15.587Z"}
{"level":"error","message":"✘ Completions for node Return (undefined - pgmProgram.wpgm) failed: Error: [Return]{6f1c21} at pgmProgram.wpgm:-- exhausted all cases without a match [Return]{6f1c21} at pgmProgram.wpgm:-- exhausted all cases without a match","stack":"Error: [Return]{6f1c21} at pgmProgram.wpgm:-- exhausted all cases without a match\n    at c:\\Users\\maval\\Downloads\\Agus\\VSCode-win32-x64-1.103.2\\data\\extensions\\uqbar.wollok-lsp-ide-0.5.3\\out\\server\\src\\server.js:38:6142\n    at D2 (c:\\Users\\maval\\Downloads\\Agus\\VSCode-win32-x64-1.103.2\\data\\extensions\\uqbar.wollok-lsp-ide-0.5.3\\out\\server\\src\\server.js:2384:42)\n    at Qh (c:\\Users\\maval\\Downloads\\Agus\\VSCode-win32-x64-1.103.2\\data\\extensions\\uqbar.wollok-lsp-ide-0.5.3\\out\\server\\src\\server.js:2384:1092)\n    at k6n (c:\\Users\\maval\\Downloads\\Agus\\VSCode-win32-x64-1.103.2\\data\\extensions\\uqbar.wollok-lsp-ide-0.5.3\\out\\server\\src\\server.js:2384:1248)\n    at c:\\Users\\maval\\Downloads\\Agus\\VSCode-win32-x64-1.103.2\\data\\extensions\\uqbar.wollok-lsp-ide-0.5.3\\out\\server\\src\\server.js:38:6131\n    at D2 (c:\\Users\\maval\\Downloads\\Agus\\VSCode-win32-x64-1.103.2\\data\\extensions\\uqbar.wollok-lsp-ide-0.5.3\\out\\server\\src\\server.js:2384:42)\n    at c:\\Users\\maval\\Downloads\\Agus\\VSCode-win32-x64-1.103.2\\data\\extensions\\uqbar.wollok-lsp-ide-0.5.3\\out\\server\\src\\server.js:2384:2988\n    at c:\\Users\\maval\\Downloads\\Agus\\VSCode-win32-x64-1.103.2\\data\\extensions\\uqbar.wollok-lsp-ide-0.5.3\\out\\server\\src\\server.js:2393:8440\n    at c:\\Users\\maval\\Downloads\\Agus\\VSCode-win32-x64-1.103.2\\data\\extensions\\uqbar.wollok-lsp-ide-0.5.3\\out\\server\\src\\server.js:37:74872\n    at Ye (c:\\Users\\maval\\Downloads\\Agus\\VSCode-win32-x64-1.103.2\\data\\extensions\\uqbar.wollok-lsp-ide-0.5.3\\out\\server\\src\\server.js:7:8527)","timestamp":"2025-09-13T14:51:15.760Z"}
{"level":"error","message":"✘ Completions for node Return (undefined - pgmProgram.wpgm) failed: Error: [Return]{95fe23} at pgmProgram.wpgm:-- exhausted all cases without a match [Return]{95fe23} at pgmProgram.wpgm:-- exhausted all cases without a match","stack":"Error: [Return]{95fe23} at pgmProgram.wpgm:-- exhausted all cases without a match\n    at c:\\Users\\maval\\Downloads\\Agus\\VSCode-win32-x64-1.103.2\\data\\extensions\\uqbar.wollok-lsp-ide-0.5.3\\out\\server\\src\\server.js:38:6142\n    at D2 (c:\\Users\\maval\\Downloads\\Agus\\VSCode-win32-x64-1.103.2\\data\\extensions\\uqbar.wollok-lsp-ide-0.5.3\\out\\server\\src\\server.js:2384:42)\n    at Qh (c:\\Users\\maval\\Downloads\\Agus\\VSCode-win32-x64-1.103.2\\data\\extensions\\uqbar.wollok-lsp-ide-0.5.3\\out\\server\\src\\server.js:2384:1092)\n    at k6n (c:\\Users\\maval\\Downloads\\Agus\\VSCode-win32-x64-1.103.2\\data\\extensions\\uqbar.wollok-lsp-ide-0.5.3\\out\\server\\src\\server.js:2384:1248)\n    at c:\\Users\\maval\\Downloads\\Agus\\VSCode-win32-x64-1.103.2\\data\\extensions\\uqbar.wollok-lsp-ide-0.5.3\\out\\server\\src\\server.js:38:6131\n    at D2 (c:\\Users\\maval\\Downloads\\Agus\\VSCode-win32-x64-1.103.2\\data\\extensions\\uqbar.wollok-lsp-ide-0.5.3\\out\\server\\src\\server.js:2384:42)\n    at c:\\Users\\maval\\Downloads\\Agus\\VSCode-win32-x64-1.103.2\\data\\extensions\\uqbar.wollok-lsp-ide-0.5.3\\out\\server\\src\\server.js:2384:2988\n    at c:\\Users\\maval\\Downloads\\Agus\\VSCode-win32-x64-1.103.2\\data\\extensions\\uqbar.wollok-lsp-ide-0.5.3\\out\\server\\src\\server.js:2393:8440\n    at c:\\Users\\maval\\Downloads\\Agus\\VSCode-win32-x64-1.103.2\\data\\extensions\\uqbar.wollok-lsp-ide-0.5.3\\out\\server\\src\\server.js:37:74872\n    at Ye (c:\\Users\\maval\\Downloads\\Agus\\VSCode-win32-x64-1.103.2\\data\\extensions\\uqbar.wollok-lsp-ide-0.5.3\\out\\server\\src\\server.js:7:8527)","timestamp":"2025-09-13T14:51:15.954Z"}
{"level":"error","message":"✘ Completions for node Return (undefined - pgmProgram.wpgm) failed: Error: [Return]{94a2e6} at pgmProgram.wpgm:-- exhausted all cases without a match [Return]{94a2e6} at pgmProgram.wpgm:-- exhausted all cases without a match","stack":"Error: [Return]{94a2e6} at pgmProgram.wpgm:-- exhausted all cases without a match\n    at c:\\Users\\maval\\Downloads\\Agus\\VSCode-win32-x64-1.103.2\\data\\extensions\\uqbar.wollok-lsp-ide-0.5.3\\out\\server\\src\\server.js:38:6142\n    at D2 (c:\\Users\\maval\\Downloads\\Agus\\VSCode-win32-x64-1.103.2\\data\\extensions\\uqbar.wollok-lsp-ide-0.5.3\\out\\server\\src\\server.js:2384:42)\n    at Qh (c:\\Users\\maval\\Downloads\\Agus\\VSCode-win32-x64-1.103.2\\data\\extensions\\uqbar.wollok-lsp-ide-0.5.3\\out\\server\\src\\server.js:2384:1092)\n    at k6n (c:\\Users\\maval\\Downloads\\Agus\\VSCode-win32-x64-1.103.2\\data\\extensions\\uqbar.wollok-lsp-ide-0.5.3\\out\\server\\src\\server.js:2384:1248)\n    at c:\\Users\\maval\\Downloads\\Agus\\VSCode-win32-x64-1.103.2\\data\\extensions\\uqbar.wollok-lsp-ide-0.5.3\\out\\server\\src\\server.js:38:6131\n    at D2 (c:\\Users\\maval\\Downloads\\Agus\\VSCode-win32-x64-1.103.2\\data\\extensions\\uqbar.wollok-lsp-ide-0.5.3\\out\\server\\src\\server.js:2384:42)\n    at c:\\Users\\maval\\Downloads\\Agus\\VSCode-win32-x64-1.103.2\\data\\extensions\\uqbar.wollok-lsp-ide-0.5.3\\out\\server\\src\\server.js:2384:2988\n    at c:\\Users\\maval\\Downloads\\Agus\\VSCode-win32-x64-1.103.2\\data\\extensions\\uqbar.wollok-lsp-ide-0.5.3\\out\\server\\src\\server.js:2393:8440\n    at c:\\Users\\maval\\Downloads\\Agus\\VSCode-win32-x64-1.103.2\\data\\extensions\\uqbar.wollok-lsp-ide-0.5.3\\out\\server\\src\\server.js:37:74872\n    at Ye (c:\\Users\\maval\\Downloads\\Agus\\VSCode-win32-x64-1.103.2\\data\\extensions\\uqbar.wollok-lsp-ide-0.5.3\\out\\server\\src\\server.js:7:8527)","timestamp":"2025-09-13T14:51:16.295Z"}
{"level":"error","message":"✘ Completions for node Return (undefined - pgmProgram.wpgm) failed: Error: [Return]{60212e} at pgmProgram.wpgm:-- exhausted all cases without a match [Return]{60212e} at pgmProgram.wpgm:-- exhausted all cases without a match","stack":"Error: [Return]{60212e} at pgmProgram.wpgm:-- exhausted all cases without a match\n    at c:\\Users\\maval\\Downloads\\Agus\\VSCode-win32-x64-1.103.2\\data\\extensions\\uqbar.wollok-lsp-ide-0.5.3\\out\\server\\src\\server.js:38:6142\n    at D2 (c:\\Users\\maval\\Downloads\\Agus\\VSCode-win32-x64-1.103.2\\data\\extensions\\uqbar.wollok-lsp-ide-0.5.3\\out\\server\\src\\server.js:2384:42)\n    at Qh (c:\\Users\\maval\\Downloads\\Agus\\VSCode-win32-x64-1.103.2\\data\\extensions\\uqbar.wollok-lsp-ide-0.5.3\\out\\server\\src\\server.js:2384:1092)\n    at k6n (c:\\Users\\maval\\Downloads\\Agus\\VSCode-win32-x64-1.103.2\\data\\extensions\\uqbar.wollok-lsp-ide-0.5.3\\out\\server\\src\\server.js:2384:1248)\n    at c:\\Users\\maval\\Downloads\\Agus\\VSCode-win32-x64-1.103.2\\data\\extensions\\uqbar.wollok-lsp-ide-0.5.3\\out\\server\\src\\server.js:38:6131\n    at D2 (c:\\Users\\maval\\Downloads\\Agus\\VSCode-win32-x64-1.103.2\\data\\extensions\\uqbar.wollok-lsp-ide-0.5.3\\out\\server\\src\\server.js:2384:42)\n    at c:\\Users\\maval\\Downloads\\Agus\\VSCode-win32-x64-1.103.2\\data\\extensions\\uqbar.wollok-lsp-ide-0.5.3\\out\\server\\src\\server.js:2384:2988\n    at c:\\Users\\maval\\Downloads\\Agus\\VSCode-win32-x64-1.103.2\\data\\extensions\\uqbar.wollok-lsp-ide-0.5.3\\out\\server\\src\\server.js:2393:8440\n    at c:\\Users\\maval\\Downloads\\Agus\\VSCode-win32-x64-1.103.2\\data\\extensions\\uqbar.wollok-lsp-ide-0.5.3\\out\\server\\src\\server.js:37:74872\n    at Ye (c:\\Users\\maval\\Downloads\\Agus\\VSCode-win32-x64-1.103.2\\data\\extensions\\uqbar.wollok-lsp-ide-0.5.3\\out\\server\\src\\server.js:7:8527)","timestamp":"2025-09-13T14:51:16.450Z"}
{"level":"error","message":"✘ Completions for node Return (undefined - pgmProgram.wpgm) failed: Error: [Return]{248ddf} at pgmProgram.wpgm:-- exhausted all cases without a match [Return]{248ddf} at pgmProgram.wpgm:-- exhausted all cases without a match","stack":"Error: [Return]{248ddf} at pgmProgram.wpgm:-- exhausted all cases without a match\n    at c:\\Users\\maval\\Downloads\\Agus\\VSCode-win32-x64-1.103.2\\data\\extensions\\uqbar.wollok-lsp-ide-0.5.3\\out\\server\\src\\server.js:38:6142\n    at D2 (c:\\Users\\maval\\Downloads\\Agus\\VSCode-win32-x64-1.103.2\\data\\extensions\\uqbar.wollok-lsp-ide-0.5.3\\out\\server\\src\\server.js:2384:42)\n    at Qh (c:\\Users\\maval\\Downloads\\Agus\\VSCode-win32-x64-1.103.2\\data\\extensions\\uqbar.wollok-lsp-ide-0.5.3\\out\\server\\src\\server.js:2384:1092)\n    at k6n (c:\\Users\\maval\\Downloads\\Agus\\VSCode-win32-x64-1.103.2\\data\\extensions\\uqbar.wollok-lsp-ide-0.5.3\\out\\server\\src\\server.js:2384:1248)\n    at c:\\Users\\maval\\Downloads\\Agus\\VSCode-win32-x64-1.103.2\\data\\extensions\\uqbar.wollok-lsp-ide-0.5.3\\out\\server\\src\\server.js:38:6131\n    at D2 (c:\\Users\\maval\\Downloads\\Agus\\VSCode-win32-x64-1.103.2\\data\\extensions\\uqbar.wollok-lsp-ide-0.5.3\\out\\server\\src\\server.js:2384:42)\n    at c:\\Users\\maval\\Downloads\\Agus\\VSCode-win32-x64-1.103.2\\data\\extensions\\uqbar.wollok-lsp-ide-0.5.3\\out\\server\\src\\server.js:2384:2988\n    at c:\\Users\\maval\\Downloads\\Agus\\VSCode-win32-x64-1.103.2\\data\\extensions\\uqbar.wollok-lsp-ide-0.5.3\\out\\server\\src\\server.js:2393:8440\n    at c:\\Users\\maval\\Downloads\\Agus\\VSCode-win32-x64-1.103.2\\data\\extensions\\uqbar.wollok-lsp-ide-0.5.3\\out\\server\\src\\server.js:37:74872\n    at Ye (c:\\Users\\maval\\Downloads\\Agus\\VSCode-win32-x64-1.103.2\\data\\extensions\\uqbar.wollok-lsp-ide-0.5.3\\out\\server\\src\\server.js:7:8527)","timestamp":"2025-09-13T14:51:16.682Z"}
{"level":"error","message":"✘ Completions for node Send ([35:12, 35:34] - pgmProgram.wpgm) failed: Error: [Send]{2624a0} at pgmProgram.wpgm:35 exhausted all cases without a match [Send]{2624a0} at pgmProgram.wpgm:35 exhausted all cases without a match","stack":"Error: [Send]{2624a0} at pgmProgram.wpgm:35 exhausted all cases without a match\n    at c:\\Users\\maval\\Downloads\\Agus\\VSCode-win32-x64-1.103.2\\data\\extensions\\uqbar.wollok-lsp-ide-0.5.3\\out\\server\\src\\server.js:38:6142\n    at D2 (c:\\Users\\maval\\Downloads\\Agus\\VSCode-win32-x64-1.103.2\\data\\extensions\\uqbar.wollok-lsp-ide-0.5.3\\out\\server\\src\\server.js:2384:42)\n    at Qh (c:\\Users\\maval\\Downloads\\Agus\\VSCode-win32-x64-1.103.2\\data\\extensions\\uqbar.wollok-lsp-ide-0.5.3\\out\\server\\src\\server.js:2384:1092)\n    at k6n (c:\\Users\\maval\\Downloads\\Agus\\VSCode-win32-x64-1.103.2\\data\\extensions\\uqbar.wollok-lsp-ide-0.5.3\\out\\server\\src\\server.js:2384:1248)\n    at c:\\Users\\maval\\Downloads\\Agus\\VSCode-win32-x64-1.103.2\\data\\extensions\\uqbar.wollok-lsp-ide-0.5.3\\out\\server\\src\\server.js:38:6131\n    at D2 (c:\\Users\\maval\\Downloads\\Agus\\VSCode-win32-x64-1.103.2\\data\\extensions\\uqbar.wollok-lsp-ide-0.5.3\\out\\server\\src\\server.js:2384:42)\n    at c:\\Users\\maval\\Downloads\\Agus\\VSCode-win32-x64-1.103.2\\data\\extensions\\uqbar.wollok-lsp-ide-0.5.3\\out\\server\\src\\server.js:2384:2988\n    at c:\\Users\\maval\\Downloads\\Agus\\VSCode-win32-x64-1.103.2\\data\\extensions\\uqbar.wollok-lsp-ide-0.5.3\\out\\server\\src\\server.js:2393:8440\n    at c:\\Users\\maval\\Downloads\\Agus\\VSCode-win32-x64-1.103.2\\data\\extensions\\uqbar.wollok-lsp-ide-0.5.3\\out\\server\\src\\server.js:37:74872\n    at Ye (c:\\Users\\maval\\Downloads\\Agus\\VSCode-win32-x64-1.103.2\\data\\extensions\\uqbar.wollok-lsp-ide-0.5.3\\out\\server\\src\\server.js:7:8527)","timestamp":"2025-09-13T14:51:23.429Z"}
{"level":"error","message":"✘ Completions for node Return (undefined - pgmProgram.wpgm) failed: Error: [Return]{7a66a8} at pgmProgram.wpgm:-- exhausted all cases without a match [Return]{7a66a8} at pgmProgram.wpgm:-- exhausted all cases without a match","stack":"Error: [Return]{7a66a8} at pgmProgram.wpgm:-- exhausted all cases without a match\n    at c:\\Users\\maval\\Downloads\\Agus\\VSCode-win32-x64-1.103.2\\data\\extensions\\uqbar.wollok-lsp-ide-0.5.3\\out\\server\\src\\server.js:38:6142\n    at D2 (c:\\Users\\maval\\Downloads\\Agus\\VSCode-win32-x64-1.103.2\\data\\extensions\\uqbar.wollok-lsp-ide-0.5.3\\out\\server\\src\\server.js:2384:42)\n    at Qh (c:\\Users\\maval\\Downloads\\Agus\\VSCode-win32-x64-1.103.2\\data\\extensions\\uqbar.wollok-lsp-ide-0.5.3\\out\\server\\src\\server.js:2384:1092)\n    at D2 (c:\\Users\\maval\\Downloads\\Agus\\VSCode-win32-x64-1.103.2\\data\\extensions\\uqbar.wollok-lsp-ide-0.5.3\\out\\server\\src\\server.js:2384:544)\n    at Qh (c:\\Users\\maval\\Downloads\\Agus\\VSCode-win32-x64-1.103.2\\data\\extensions\\uqbar.wollok-lsp-ide-0.5.3\\out\\server\\src\\server.js:2384:1092)\n    at k6n (c:\\Users\\maval\\Downloads\\Agus\\VSCode-win32-x64-1.103.2\\data\\extensions\\uqbar.wollok-lsp-ide-0.5.3\\out\\server\\src\\server.js:2384:1248)\n    at c:\\Users\\maval\\Downloads\\Agus\\VSCode-win32-x64-1.103.2\\data\\extensions\\uqbar.wollok-lsp-ide-0.5.3\\out\\server\\src\\server.js:38:6131\n    at D2 (c:\\Users\\maval\\Downloads\\Agus\\VSCode-win32-x64-1.103.2\\data\\extensions\\uqbar.wollok-lsp-ide-0.5.3\\out\\server\\src\\server.js:2384:42)\n    at c:\\Users\\maval\\Downloads\\Agus\\VSCode-win32-x64-1.103.2\\data\\extensions\\uqbar.wollok-lsp-ide-0.5.3\\out\\server\\src\\server.js:2384:2988\n    at c:\\Users\\maval\\Downloads\\Agus\\VSCode-win32-x64-1.103.2\\data\\extensions\\uqbar.wollok-lsp-ide-0.5.3\\out\\server\\src\\server.js:2393:8440","timestamp":"2025-09-13T14:51:23.430Z"}
{"level":"info","message":"⌛ Validating pgmProgram.wpgm","timeElapsed":137,"timestamp":"2025-09-13T14:51:23.817Z"}
{"level":"info","message":"⌛ Validating pgmProgram.wpgm","timeElapsed":105,"timestamp":"2025-09-13T14:51:45.465Z"}
{"level":"info","message":"⌛ Validating pgmProgram.wpgm","timeElapsed":102,"timestamp":"2025-09-13T14:53:05.337Z"}
{"level":"info","message":"⌛ Building environment","timeElapsed":295,"timestamp":"2025-09-13T15:02:29.592Z"}
{"level":"info","message":"⌛ Validating pgmProgram.wpgm","timeElapsed":371,"timestamp":"2025-09-13T15:02:29.965Z"}
{"level":"info","message":"⌛ Validating example.wlk","timeElapsed":368,"timestamp":"2025-09-13T15:02:30.337Z"}
